[2026-07-09T17:54:34.482+0000] {processor.py:161} INFO - Started process (PID=168) to work on /opt/airflow/dags/marketing_campaign_dag.py
[2026-07-09T17:54:34.483+0000] {processor.py:830} INFO - Processing file /opt/airflow/dags/marketing_campaign_dag.py for tasks to queue
[2026-07-09T17:54:34.484+0000] {logging_mixin.py:188} INFO - [2026-07-09T17:54:34.483+0000] {dagbag.py:540} INFO - Filling up the DagBag from /opt/airflow/dags/marketing_campaign_dag.py
[2026-07-09T17:54:34.510+0000] {processor.py:840} INFO - DAG(s) 'marketing_campaign_etl' retrieved from /opt/airflow/dags/marketing_campaign_dag.py
[2026-07-09T17:54:34.918+0000] {logging_mixin.py:188} INFO - [2026-07-09T17:54:34.918+0000] {override.py:1769} INFO - Created Permission View: can edit on DAG:marketing_campaign_etl
[2026-07-09T17:54:34.925+0000] {logging_mixin.py:188} INFO - [2026-07-09T17:54:34.925+0000] {override.py:1769} INFO - Created Permission View: can delete on DAG:marketing_campaign_etl
[2026-07-09T17:54:34.931+0000] {logging_mixin.py:188} INFO - [2026-07-09T17:54:34.931+0000] {override.py:1769} INFO - Created Permission View: can read on DAG:marketing_campaign_etl
[2026-07-09T17:54:34.932+0000] {logging_mixin.py:188} INFO - [2026-07-09T17:54:34.932+0000] {dag.py:3047} INFO - Sync 1 DAGs
[2026-07-09T17:54:34.940+0000] {logging_mixin.py:188} INFO - [2026-07-09T17:54:34.940+0000] {dag.py:3069} INFO - Creating ORM DAG for marketing_campaign_etl
[2026-07-09T17:54:34.947+0000] {logging_mixin.py:188} INFO - [2026-07-09T17:54:34.946+0000] {dag.py:3834} INFO - Setting next_dagrun for marketing_campaign_etl to 2026-07-08 00:00:00+00:00, run_after=2026-07-09 00:00:00+00:00
[2026-07-09T17:54:34.959+0000] {processor.py:183} INFO - Processing /opt/airflow/dags/marketing_campaign_dag.py took 0.480 seconds
[2026-07-09T17:55:05.120+0000] {processor.py:161} INFO - Started process (PID=174) to work on /opt/airflow/dags/marketing_campaign_dag.py
[2026-07-09T17:55:05.124+0000] {processor.py:830} INFO - Processing file /opt/airflow/dags/marketing_campaign_dag.py for tasks to queue
[2026-07-09T17:55:05.125+0000] {logging_mixin.py:188} INFO - [2026-07-09T17:55:05.124+0000] {dagbag.py:540} INFO - Filling up the DagBag from /opt/airflow/dags/marketing_campaign_dag.py
[2026-07-09T17:55:05.143+0000] {processor.py:840} INFO - DAG(s) 'marketing_campaign_etl' retrieved from /opt/airflow/dags/marketing_campaign_dag.py
[2026-07-09T17:55:05.185+0000] {logging_mixin.py:188} INFO - [2026-07-09T17:55:05.185+0000] {dag.py:3047} INFO - Sync 1 DAGs
[2026-07-09T17:55:05.214+0000] {logging_mixin.py:188} INFO - [2026-07-09T17:55:05.214+0000] {dag.py:3834} INFO - Setting next_dagrun for marketing_campaign_etl to 2026-07-08 00:00:00+00:00, run_after=2026-07-09 00:00:00+00:00
[2026-07-09T17:55:05.237+0000] {processor.py:183} INFO - Processing /opt/airflow/dags/marketing_campaign_dag.py took 0.121 seconds
[2026-07-09T17:55:35.409+0000] {processor.py:161} INFO - Started process (PID=179) to work on /opt/airflow/dags/marketing_campaign_dag.py
[2026-07-09T17:55:35.411+0000] {processor.py:830} INFO - Processing file /opt/airflow/dags/marketing_campaign_dag.py for tasks to queue
[2026-07-09T17:55:35.412+0000] {logging_mixin.py:188} INFO - [2026-07-09T17:55:35.412+0000] {dagbag.py:540} INFO - Filling up the DagBag from /opt/airflow/dags/marketing_campaign_dag.py
[2026-07-09T17:55:35.447+0000] {processor.py:840} INFO - DAG(s) 'marketing_campaign_etl' retrieved from /opt/airflow/dags/marketing_campaign_dag.py
[2026-07-09T17:55:35.512+0000] {logging_mixin.py:188} INFO - [2026-07-09T17:55:35.512+0000] {dag.py:3047} INFO - Sync 1 DAGs
[2026-07-09T17:55:35.555+0000] {logging_mixin.py:188} INFO - [2026-07-09T17:55:35.555+0000] {dag.py:3834} INFO - Setting next_dagrun for marketing_campaign_etl to 2026-07-08 00:00:00+00:00, run_after=2026-07-09 00:00:00+00:00
[2026-07-09T17:55:35.798+0000] {processor.py:183} INFO - Processing /opt/airflow/dags/marketing_campaign_dag.py took 0.395 seconds
[2026-07-09T17:56:06.020+0000] {processor.py:161} INFO - Started process (PID=184) to work on /opt/airflow/dags/marketing_campaign_dag.py
[2026-07-09T17:56:06.023+0000] {processor.py:830} INFO - Processing file /opt/airflow/dags/marketing_campaign_dag.py for tasks to queue
[2026-07-09T17:56:06.029+0000] {logging_mixin.py:188} INFO - [2026-07-09T17:56:06.026+0000] {dagbag.py:540} INFO - Filling up the DagBag from /opt/airflow/dags/marketing_campaign_dag.py
[2026-07-09T17:56:06.174+0000] {processor.py:840} INFO - DAG(s) 'marketing_campaign_etl' retrieved from /opt/airflow/dags/marketing_campaign_dag.py
[2026-07-09T17:56:06.242+0000] {logging_mixin.py:188} INFO - [2026-07-09T17:56:06.242+0000] {dag.py:3047} INFO - Sync 1 DAGs
[2026-07-09T17:56:06.358+0000] {logging_mixin.py:188} INFO - [2026-07-09T17:56:06.357+0000] {dag.py:3834} INFO - Setting next_dagrun for marketing_campaign_etl to 2026-07-08 00:00:00+00:00, run_after=2026-07-09 00:00:00+00:00
[2026-07-09T17:56:07.568+0000] {processor.py:183} INFO - Processing /opt/airflow/dags/marketing_campaign_dag.py took 1.579 seconds
[2026-07-09T17:56:37.703+0000] {processor.py:161} INFO - Started process (PID=189) to work on /opt/airflow/dags/marketing_campaign_dag.py
[2026-07-09T17:56:37.705+0000] {processor.py:830} INFO - Processing file /opt/airflow/dags/marketing_campaign_dag.py for tasks to queue
[2026-07-09T17:56:37.706+0000] {logging_mixin.py:188} INFO - [2026-07-09T17:56:37.705+0000] {dagbag.py:540} INFO - Filling up the DagBag from /opt/airflow/dags/marketing_campaign_dag.py
[2026-07-09T17:56:37.730+0000] {processor.py:840} INFO - DAG(s) 'marketing_campaign_etl' retrieved from /opt/airflow/dags/marketing_campaign_dag.py
[2026-07-09T17:56:38.190+0000] {logging_mixin.py:188} INFO - [2026-07-09T17:56:38.189+0000] {dag.py:3047} INFO - Sync 1 DAGs
[2026-07-09T17:56:38.215+0000] {logging_mixin.py:188} INFO - [2026-07-09T17:56:38.215+0000] {dag.py:3834} INFO - Setting next_dagrun for marketing_campaign_etl to 2026-07-08 00:00:00+00:00, run_after=2026-07-09 00:00:00+00:00
[2026-07-09T17:56:38.237+0000] {processor.py:183} INFO - Processing /opt/airflow/dags/marketing_campaign_dag.py took 0.539 seconds
[2026-07-09T17:57:08.420+0000] {processor.py:161} INFO - Started process (PID=194) to work on /opt/airflow/dags/marketing_campaign_dag.py
[2026-07-09T17:57:08.421+0000] {processor.py:830} INFO - Processing file /opt/airflow/dags/marketing_campaign_dag.py for tasks to queue
[2026-07-09T17:57:08.423+0000] {logging_mixin.py:188} INFO - [2026-07-09T17:57:08.422+0000] {dagbag.py:540} INFO - Filling up the DagBag from /opt/airflow/dags/marketing_campaign_dag.py
[2026-07-09T17:57:08.717+0000] {processor.py:840} INFO - DAG(s) 'marketing_campaign_etl' retrieved from /opt/airflow/dags/marketing_campaign_dag.py
[2026-07-09T17:57:08.753+0000] {logging_mixin.py:188} INFO - [2026-07-09T17:57:08.753+0000] {dag.py:3047} INFO - Sync 1 DAGs
[2026-07-09T17:57:08.779+0000] {logging_mixin.py:188} INFO - [2026-07-09T17:57:08.779+0000] {dag.py:3834} INFO - Setting next_dagrun for marketing_campaign_etl to 2026-07-08 00:00:00+00:00, run_after=2026-07-09 00:00:00+00:00
[2026-07-09T17:57:08.799+0000] {processor.py:183} INFO - Processing /opt/airflow/dags/marketing_campaign_dag.py took 0.385 seconds
[2026-07-09T17:57:38.970+0000] {processor.py:161} INFO - Started process (PID=199) to work on /opt/airflow/dags/marketing_campaign_dag.py
[2026-07-09T17:57:38.971+0000] {processor.py:830} INFO - Processing file /opt/airflow/dags/marketing_campaign_dag.py for tasks to queue
[2026-07-09T17:57:38.972+0000] {logging_mixin.py:188} INFO - [2026-07-09T17:57:38.972+0000] {dagbag.py:540} INFO - Filling up the DagBag from /opt/airflow/dags/marketing_campaign_dag.py
[2026-07-09T17:57:38.991+0000] {processor.py:840} INFO - DAG(s) 'marketing_campaign_etl' retrieved from /opt/airflow/dags/marketing_campaign_dag.py
[2026-07-09T17:57:39.032+0000] {logging_mixin.py:188} INFO - [2026-07-09T17:57:39.032+0000] {dag.py:3047} INFO - Sync 1 DAGs
[2026-07-09T17:57:39.062+0000] {logging_mixin.py:188} INFO - [2026-07-09T17:57:39.061+0000] {dag.py:3834} INFO - Setting next_dagrun for marketing_campaign_etl to 2026-07-08 00:00:00+00:00, run_after=2026-07-09 00:00:00+00:00
[2026-07-09T17:57:39.082+0000] {processor.py:183} INFO - Processing /opt/airflow/dags/marketing_campaign_dag.py took 0.117 seconds
[2026-07-09T17:58:09.246+0000] {processor.py:161} INFO - Started process (PID=204) to work on /opt/airflow/dags/marketing_campaign_dag.py
[2026-07-09T17:58:09.251+0000] {processor.py:830} INFO - Processing file /opt/airflow/dags/marketing_campaign_dag.py for tasks to queue
[2026-07-09T17:58:09.252+0000] {logging_mixin.py:188} INFO - [2026-07-09T17:58:09.252+0000] {dagbag.py:540} INFO - Filling up the DagBag from /opt/airflow/dags/marketing_campaign_dag.py
[2026-07-09T17:58:09.275+0000] {processor.py:840} INFO - DAG(s) 'marketing_campaign_etl' retrieved from /opt/airflow/dags/marketing_campaign_dag.py
[2026-07-09T17:58:09.320+0000] {logging_mixin.py:188} INFO - [2026-07-09T17:58:09.320+0000] {dag.py:3047} INFO - Sync 1 DAGs
[2026-07-09T17:58:09.354+0000] {logging_mixin.py:188} INFO - [2026-07-09T17:58:09.353+0000] {dag.py:3834} INFO - Setting next_dagrun for marketing_campaign_etl to 2026-07-08 00:00:00+00:00, run_after=2026-07-09 00:00:00+00:00
[2026-07-09T17:58:09.379+0000] {processor.py:183} INFO - Processing /opt/airflow/dags/marketing_campaign_dag.py took 0.138 seconds
[2026-07-09T17:58:39.540+0000] {processor.py:161} INFO - Started process (PID=209) to work on /opt/airflow/dags/marketing_campaign_dag.py
[2026-07-09T17:58:39.541+0000] {processor.py:830} INFO - Processing file /opt/airflow/dags/marketing_campaign_dag.py for tasks to queue
[2026-07-09T17:58:39.543+0000] {logging_mixin.py:188} INFO - [2026-07-09T17:58:39.542+0000] {dagbag.py:540} INFO - Filling up the DagBag from /opt/airflow/dags/marketing_campaign_dag.py
[2026-07-09T17:58:39.564+0000] {processor.py:840} INFO - DAG(s) 'marketing_campaign_etl' retrieved from /opt/airflow/dags/marketing_campaign_dag.py
[2026-07-09T17:58:39.610+0000] {logging_mixin.py:188} INFO - [2026-07-09T17:58:39.610+0000] {dag.py:3047} INFO - Sync 1 DAGs
[2026-07-09T17:58:39.644+0000] {logging_mixin.py:188} INFO - [2026-07-09T17:58:39.643+0000] {dag.py:3834} INFO - Setting next_dagrun for marketing_campaign_etl to 2026-07-08 00:00:00+00:00, run_after=2026-07-09 00:00:00+00:00
[2026-07-09T17:58:39.667+0000] {processor.py:183} INFO - Processing /opt/airflow/dags/marketing_campaign_dag.py took 0.133 seconds
[2026-07-09T17:59:09.830+0000] {processor.py:161} INFO - Started process (PID=214) to work on /opt/airflow/dags/marketing_campaign_dag.py
[2026-07-09T17:59:09.832+0000] {processor.py:830} INFO - Processing file /opt/airflow/dags/marketing_campaign_dag.py for tasks to queue
[2026-07-09T17:59:09.834+0000] {logging_mixin.py:188} INFO - [2026-07-09T17:59:09.833+0000] {dagbag.py:540} INFO - Filling up the DagBag from /opt/airflow/dags/marketing_campaign_dag.py
[2026-07-09T17:59:09.853+0000] {processor.py:840} INFO - DAG(s) 'marketing_campaign_etl' retrieved from /opt/airflow/dags/marketing_campaign_dag.py
[2026-07-09T17:59:09.895+0000] {logging_mixin.py:188} INFO - [2026-07-09T17:59:09.895+0000] {dag.py:3047} INFO - Sync 1 DAGs
[2026-07-09T17:59:09.925+0000] {logging_mixin.py:188} INFO - [2026-07-09T17:59:09.925+0000] {dag.py:3834} INFO - Setting next_dagrun for marketing_campaign_etl to 2026-07-08 00:00:00+00:00, run_after=2026-07-09 00:00:00+00:00
[2026-07-09T17:59:09.947+0000] {processor.py:183} INFO - Processing /opt/airflow/dags/marketing_campaign_dag.py took 0.121 seconds
[2026-07-09T17:59:40.117+0000] {processor.py:161} INFO - Started process (PID=219) to work on /opt/airflow/dags/marketing_campaign_dag.py
[2026-07-09T17:59:40.119+0000] {processor.py:830} INFO - Processing file /opt/airflow/dags/marketing_campaign_dag.py for tasks to queue
[2026-07-09T17:59:40.120+0000] {logging_mixin.py:188} INFO - [2026-07-09T17:59:40.120+0000] {dagbag.py:540} INFO - Filling up the DagBag from /opt/airflow/dags/marketing_campaign_dag.py
[2026-07-09T17:59:40.145+0000] {processor.py:840} INFO - DAG(s) 'marketing_campaign_etl' retrieved from /opt/airflow/dags/marketing_campaign_dag.py
[2026-07-09T17:59:40.195+0000] {logging_mixin.py:188} INFO - [2026-07-09T17:59:40.194+0000] {dag.py:3047} INFO - Sync 1 DAGs
[2026-07-09T17:59:40.227+0000] {logging_mixin.py:188} INFO - [2026-07-09T17:59:40.227+0000] {dag.py:3834} INFO - Setting next_dagrun for marketing_campaign_etl to 2026-07-08 00:00:00+00:00, run_after=2026-07-09 00:00:00+00:00
[2026-07-09T17:59:40.249+0000] {processor.py:183} INFO - Processing /opt/airflow/dags/marketing_campaign_dag.py took 0.137 seconds
[2026-07-09T18:00:10.414+0000] {processor.py:161} INFO - Started process (PID=279) to work on /opt/airflow/dags/marketing_campaign_dag.py
[2026-07-09T18:00:10.416+0000] {processor.py:830} INFO - Processing file /opt/airflow/dags/marketing_campaign_dag.py for tasks to queue
[2026-07-09T18:00:10.417+0000] {logging_mixin.py:188} INFO - [2026-07-09T18:00:10.417+0000] {dagbag.py:540} INFO - Filling up the DagBag from /opt/airflow/dags/marketing_campaign_dag.py
[2026-07-09T18:00:10.439+0000] {processor.py:840} INFO - DAG(s) 'marketing_campaign_etl' retrieved from /opt/airflow/dags/marketing_campaign_dag.py
[2026-07-09T18:00:10.489+0000] {logging_mixin.py:188} INFO - [2026-07-09T18:00:10.489+0000] {dag.py:3047} INFO - Sync 1 DAGs
[2026-07-09T18:00:10.519+0000] {logging_mixin.py:188} INFO - [2026-07-09T18:00:10.518+0000] {dag.py:3834} INFO - Setting next_dagrun for marketing_campaign_etl to 2026-07-09 00:00:00+00:00, run_after=2026-07-10 00:00:00+00:00
[2026-07-09T18:00:10.537+0000] {processor.py:183} INFO - Processing /opt/airflow/dags/marketing_campaign_dag.py took 0.128 seconds
[2026-07-09T18:00:17.613+0000] {processor.py:161} INFO - Started process (PID=284) to work on /opt/airflow/dags/marketing_campaign_dag.py
[2026-07-09T18:00:17.614+0000] {processor.py:830} INFO - Processing file /opt/airflow/dags/marketing_campaign_dag.py for tasks to queue
[2026-07-09T18:00:17.615+0000] {logging_mixin.py:188} INFO - [2026-07-09T18:00:17.615+0000] {dagbag.py:540} INFO - Filling up the DagBag from /opt/airflow/dags/marketing_campaign_dag.py
[2026-07-09T18:00:17.634+0000] {logging_mixin.py:188} INFO - [2026-07-09T18:00:17.628+0000] {dagbag.py:447} ERROR - Failed to bag_dag: /opt/airflow/dags/marketing_campaign_dag.py
Traceback (most recent call last):
  File "/home/airflow/.local/lib/python3.11/site-packages/airflow/timetables/_cron.py", line 100, in validate
    croniter(self._expression)
  File "/home/airflow/.local/lib/python3.11/site-packages/croniter/croniter.py", line 187, in __init__
    self.expanded, self.nth_weekday_of_month = self.expand(expr_format, hash_id=hash_id)
                                               ^^^^^^^^^^^^^^^^^^^^^^^^^^^^^^^^^^^^^^^^^
  File "/home/airflow/.local/lib/python3.11/site-packages/croniter/croniter.py", line 813, in expand
    return cls._expand(expr_format, hash_id=hash_id)
           ^^^^^^^^^^^^^^^^^^^^^^^^^^^^^^^^^^^^^^^^^
  File "/home/airflow/.local/lib/python3.11/site-packages/croniter/croniter.py", line 659, in _expand
    raise CroniterBadCronError(cls.bad_length)
croniter.croniter.CroniterBadCronError: Exactly 5 or 6 columns has to be specified for iterator expression.

During handling of the above exception, another exception occurred:

Traceback (most recent call last):
  File "/home/airflow/.local/lib/python3.11/site-packages/airflow/models/dagbag.py", line 442, in _process_modules
    dag.validate()
  File "/home/airflow/.local/lib/python3.11/site-packages/airflow/models/dag.py", line 740, in validate
    self.timetable.validate()
  File "/home/airflow/.local/lib/python3.11/site-packages/airflow/timetables/_cron.py", line 102, in validate
    raise AirflowTimetableInvalid(str(e))
airflow.exceptions.AirflowTimetableInvalid: Exactly 5 or 6 columns has to be specified for iterator expression.
[2026-07-09T18:00:17.635+0000] {processor.py:842} WARNING - No viable dags retrieved from /opt/airflow/dags/marketing_campaign_dag.py
[2026-07-09T18:00:17.670+0000] {processor.py:183} INFO - Processing /opt/airflow/dags/marketing_campaign_dag.py took 0.064 seconds
[2026-07-09T18:00:26.661+0000] {processor.py:161} INFO - Started process (PID=289) to work on /opt/airflow/dags/marketing_campaign_dag.py
[2026-07-09T18:00:26.662+0000] {processor.py:830} INFO - Processing file /opt/airflow/dags/marketing_campaign_dag.py for tasks to queue
[2026-07-09T18:00:26.664+0000] {logging_mixin.py:188} INFO - [2026-07-09T18:00:26.663+0000] {dagbag.py:540} INFO - Filling up the DagBag from /opt/airflow/dags/marketing_campaign_dag.py
[2026-07-09T18:00:26.682+0000] {logging_mixin.py:188} INFO - [2026-07-09T18:00:26.677+0000] {dagbag.py:447} ERROR - Failed to bag_dag: /opt/airflow/dags/marketing_campaign_dag.py
Traceback (most recent call last):
  File "/home/airflow/.local/lib/python3.11/site-packages/airflow/timetables/_cron.py", line 100, in validate
    croniter(self._expression)
  File "/home/airflow/.local/lib/python3.11/site-packages/croniter/croniter.py", line 187, in __init__
    self.expanded, self.nth_weekday_of_month = self.expand(expr_format, hash_id=hash_id)
                                               ^^^^^^^^^^^^^^^^^^^^^^^^^^^^^^^^^^^^^^^^^
  File "/home/airflow/.local/lib/python3.11/site-packages/croniter/croniter.py", line 813, in expand
    return cls._expand(expr_format, hash_id=hash_id)
           ^^^^^^^^^^^^^^^^^^^^^^^^^^^^^^^^^^^^^^^^^
  File "/home/airflow/.local/lib/python3.11/site-packages/croniter/croniter.py", line 659, in _expand
    raise CroniterBadCronError(cls.bad_length)
croniter.croniter.CroniterBadCronError: Exactly 5 or 6 columns has to be specified for iterator expression.

During handling of the above exception, another exception occurred:

Traceback (most recent call last):
  File "/home/airflow/.local/lib/python3.11/site-packages/airflow/models/dagbag.py", line 442, in _process_modules
    dag.validate()
  File "/home/airflow/.local/lib/python3.11/site-packages/airflow/models/dag.py", line 740, in validate
    self.timetable.validate()
  File "/home/airflow/.local/lib/python3.11/site-packages/airflow/timetables/_cron.py", line 102, in validate
    raise AirflowTimetableInvalid(str(e))
airflow.exceptions.AirflowTimetableInvalid: Exactly 5 or 6 columns has to be specified for iterator expression.
[2026-07-09T18:00:26.683+0000] {processor.py:842} WARNING - No viable dags retrieved from /opt/airflow/dags/marketing_campaign_dag.py
[2026-07-09T18:00:26.711+0000] {processor.py:183} INFO - Processing /opt/airflow/dags/marketing_campaign_dag.py took 0.056 seconds
[2026-07-09T18:00:28.684+0000] {processor.py:161} INFO - Started process (PID=294) to work on /opt/airflow/dags/marketing_campaign_dag.py
[2026-07-09T18:00:28.685+0000] {processor.py:830} INFO - Processing file /opt/airflow/dags/marketing_campaign_dag.py for tasks to queue
[2026-07-09T18:00:28.687+0000] {logging_mixin.py:188} INFO - [2026-07-09T18:00:28.686+0000] {dagbag.py:540} INFO - Filling up the DagBag from /opt/airflow/dags/marketing_campaign_dag.py
[2026-07-09T18:00:28.708+0000] {logging_mixin.py:188} INFO - [2026-07-09T18:00:28.703+0000] {dagbag.py:447} ERROR - Failed to bag_dag: /opt/airflow/dags/marketing_campaign_dag.py
Traceback (most recent call last):
  File "/home/airflow/.local/lib/python3.11/site-packages/airflow/timetables/_cron.py", line 100, in validate
    croniter(self._expression)
  File "/home/airflow/.local/lib/python3.11/site-packages/croniter/croniter.py", line 187, in __init__
    self.expanded, self.nth_weekday_of_month = self.expand(expr_format, hash_id=hash_id)
                                               ^^^^^^^^^^^^^^^^^^^^^^^^^^^^^^^^^^^^^^^^^
  File "/home/airflow/.local/lib/python3.11/site-packages/croniter/croniter.py", line 813, in expand
    return cls._expand(expr_format, hash_id=hash_id)
           ^^^^^^^^^^^^^^^^^^^^^^^^^^^^^^^^^^^^^^^^^
  File "/home/airflow/.local/lib/python3.11/site-packages/croniter/croniter.py", line 659, in _expand
    raise CroniterBadCronError(cls.bad_length)
croniter.croniter.CroniterBadCronError: Exactly 5 or 6 columns has to be specified for iterator expression.

During handling of the above exception, another exception occurred:

Traceback (most recent call last):
  File "/home/airflow/.local/lib/python3.11/site-packages/airflow/models/dagbag.py", line 442, in _process_modules
    dag.validate()
  File "/home/airflow/.local/lib/python3.11/site-packages/airflow/models/dag.py", line 740, in validate
    self.timetable.validate()
  File "/home/airflow/.local/lib/python3.11/site-packages/airflow/timetables/_cron.py", line 102, in validate
    raise AirflowTimetableInvalid(str(e))
airflow.exceptions.AirflowTimetableInvalid: Exactly 5 or 6 columns has to be specified for iterator expression.
[2026-07-09T18:00:28.709+0000] {processor.py:842} WARNING - No viable dags retrieved from /opt/airflow/dags/marketing_campaign_dag.py
[2026-07-09T18:00:28.750+0000] {processor.py:183} INFO - Processing /opt/airflow/dags/marketing_campaign_dag.py took 0.074 seconds
[2026-07-09T18:00:31.790+0000] {processor.py:161} INFO - Started process (PID=299) to work on /opt/airflow/dags/marketing_campaign_dag.py
[2026-07-09T18:00:31.794+0000] {processor.py:830} INFO - Processing file /opt/airflow/dags/marketing_campaign_dag.py for tasks to queue
[2026-07-09T18:00:31.796+0000] {logging_mixin.py:188} INFO - [2026-07-09T18:00:31.795+0000] {dagbag.py:540} INFO - Filling up the DagBag from /opt/airflow/dags/marketing_campaign_dag.py
[2026-07-09T18:00:31.830+0000] {processor.py:840} INFO - DAG(s) 'marketing_campaign_etl' retrieved from /opt/airflow/dags/marketing_campaign_dag.py
[2026-07-09T18:00:32.104+0000] {logging_mixin.py:188} INFO - [2026-07-09T18:00:32.104+0000] {dag.py:3047} INFO - Sync 1 DAGs
[2026-07-09T18:00:32.133+0000] {logging_mixin.py:188} INFO - [2026-07-09T18:00:32.133+0000] {dag.py:3834} INFO - Setting next_dagrun for marketing_campaign_etl to 2026-07-09 16:01:00+00:00, run_after=2026-07-09 17:01:00+00:00
[2026-07-09T18:00:32.165+0000] {processor.py:183} INFO - Processing /opt/airflow/dags/marketing_campaign_dag.py took 0.385 seconds
[2026-07-09T18:01:02.352+0000] {processor.py:161} INFO - Started process (PID=374) to work on /opt/airflow/dags/marketing_campaign_dag.py
[2026-07-09T18:01:02.354+0000] {processor.py:830} INFO - Processing file /opt/airflow/dags/marketing_campaign_dag.py for tasks to queue
[2026-07-09T18:01:02.358+0000] {logging_mixin.py:188} INFO - [2026-07-09T18:01:02.357+0000] {dagbag.py:540} INFO - Filling up the DagBag from /opt/airflow/dags/marketing_campaign_dag.py
[2026-07-09T18:01:02.427+0000] {processor.py:840} INFO - DAG(s) 'marketing_campaign_etl' retrieved from /opt/airflow/dags/marketing_campaign_dag.py
[2026-07-09T18:01:02.513+0000] {logging_mixin.py:188} INFO - [2026-07-09T18:01:02.513+0000] {dag.py:3047} INFO - Sync 1 DAGs
[2026-07-09T18:01:02.567+0000] {logging_mixin.py:188} INFO - [2026-07-09T18:01:02.567+0000] {dag.py:3834} INFO - Setting next_dagrun for marketing_campaign_etl to 2026-07-09 18:01:00+00:00, run_after=2026-07-09 19:01:00+00:00
[2026-07-09T18:01:02.609+0000] {processor.py:183} INFO - Processing /opt/airflow/dags/marketing_campaign_dag.py took 0.265 seconds
[2026-07-09T18:01:32.806+0000] {processor.py:161} INFO - Started process (PID=421) to work on /opt/airflow/dags/marketing_campaign_dag.py
[2026-07-09T18:01:32.809+0000] {processor.py:830} INFO - Processing file /opt/airflow/dags/marketing_campaign_dag.py for tasks to queue
[2026-07-09T18:01:32.811+0000] {logging_mixin.py:188} INFO - [2026-07-09T18:01:32.810+0000] {dagbag.py:540} INFO - Filling up the DagBag from /opt/airflow/dags/marketing_campaign_dag.py
[2026-07-09T18:01:32.841+0000] {processor.py:840} INFO - DAG(s) 'marketing_campaign_etl' retrieved from /opt/airflow/dags/marketing_campaign_dag.py
[2026-07-09T18:01:32.898+0000] {logging_mixin.py:188} INFO - [2026-07-09T18:01:32.897+0000] {dag.py:3047} INFO - Sync 1 DAGs
[2026-07-09T18:01:32.935+0000] {logging_mixin.py:188} INFO - [2026-07-09T18:01:32.935+0000] {dag.py:3834} INFO - Setting next_dagrun for marketing_campaign_etl to 2026-07-09 18:01:00+00:00, run_after=2026-07-09 19:01:00+00:00
[2026-07-09T18:01:32.960+0000] {processor.py:183} INFO - Processing /opt/airflow/dags/marketing_campaign_dag.py took 0.172 seconds
[2026-07-09T18:02:03.126+0000] {processor.py:161} INFO - Started process (PID=426) to work on /opt/airflow/dags/marketing_campaign_dag.py
[2026-07-09T18:02:03.128+0000] {processor.py:830} INFO - Processing file /opt/airflow/dags/marketing_campaign_dag.py for tasks to queue
[2026-07-09T18:02:03.129+0000] {logging_mixin.py:188} INFO - [2026-07-09T18:02:03.128+0000] {dagbag.py:540} INFO - Filling up the DagBag from /opt/airflow/dags/marketing_campaign_dag.py
[2026-07-09T18:02:03.151+0000] {processor.py:840} INFO - DAG(s) 'marketing_campaign_etl' retrieved from /opt/airflow/dags/marketing_campaign_dag.py
[2026-07-09T18:02:03.200+0000] {logging_mixin.py:188} INFO - [2026-07-09T18:02:03.199+0000] {dag.py:3047} INFO - Sync 1 DAGs
[2026-07-09T18:02:03.233+0000] {logging_mixin.py:188} INFO - [2026-07-09T18:02:03.233+0000] {dag.py:3834} INFO - Setting next_dagrun for marketing_campaign_etl to 2026-07-09 18:01:00+00:00, run_after=2026-07-09 19:01:00+00:00
[2026-07-09T18:02:03.254+0000] {processor.py:183} INFO - Processing /opt/airflow/dags/marketing_campaign_dag.py took 0.134 seconds
[2026-07-09T18:02:33.418+0000] {processor.py:161} INFO - Started process (PID=431) to work on /opt/airflow/dags/marketing_campaign_dag.py
[2026-07-09T18:02:33.419+0000] {processor.py:830} INFO - Processing file /opt/airflow/dags/marketing_campaign_dag.py for tasks to queue
[2026-07-09T18:02:33.420+0000] {logging_mixin.py:188} INFO - [2026-07-09T18:02:33.420+0000] {dagbag.py:540} INFO - Filling up the DagBag from /opt/airflow/dags/marketing_campaign_dag.py
[2026-07-09T18:02:33.441+0000] {processor.py:840} INFO - DAG(s) 'marketing_campaign_etl' retrieved from /opt/airflow/dags/marketing_campaign_dag.py
[2026-07-09T18:02:33.485+0000] {logging_mixin.py:188} INFO - [2026-07-09T18:02:33.484+0000] {dag.py:3047} INFO - Sync 1 DAGs
[2026-07-09T18:02:33.517+0000] {logging_mixin.py:188} INFO - [2026-07-09T18:02:33.516+0000] {dag.py:3834} INFO - Setting next_dagrun for marketing_campaign_etl to 2026-07-09 18:01:00+00:00, run_after=2026-07-09 19:01:00+00:00
[2026-07-09T18:02:33.540+0000] {processor.py:183} INFO - Processing /opt/airflow/dags/marketing_campaign_dag.py took 0.128 seconds
[2026-07-09T18:03:03.700+0000] {processor.py:161} INFO - Started process (PID=436) to work on /opt/airflow/dags/marketing_campaign_dag.py
[2026-07-09T18:03:03.702+0000] {processor.py:830} INFO - Processing file /opt/airflow/dags/marketing_campaign_dag.py for tasks to queue
[2026-07-09T18:03:03.703+0000] {logging_mixin.py:188} INFO - [2026-07-09T18:03:03.703+0000] {dagbag.py:540} INFO - Filling up the DagBag from /opt/airflow/dags/marketing_campaign_dag.py
[2026-07-09T18:03:03.725+0000] {processor.py:840} INFO - DAG(s) 'marketing_campaign_etl' retrieved from /opt/airflow/dags/marketing_campaign_dag.py
[2026-07-09T18:03:03.769+0000] {logging_mixin.py:188} INFO - [2026-07-09T18:03:03.768+0000] {dag.py:3047} INFO - Sync 1 DAGs
[2026-07-09T18:03:03.802+0000] {logging_mixin.py:188} INFO - [2026-07-09T18:03:03.801+0000] {dag.py:3834} INFO - Setting next_dagrun for marketing_campaign_etl to 2026-07-09 18:01:00+00:00, run_after=2026-07-09 19:01:00+00:00
[2026-07-09T18:03:03.822+0000] {processor.py:183} INFO - Processing /opt/airflow/dags/marketing_campaign_dag.py took 0.127 seconds
[2026-07-09T18:03:33.988+0000] {processor.py:161} INFO - Started process (PID=441) to work on /opt/airflow/dags/marketing_campaign_dag.py
[2026-07-09T18:03:33.989+0000] {processor.py:830} INFO - Processing file /opt/airflow/dags/marketing_campaign_dag.py for tasks to queue
[2026-07-09T18:03:33.991+0000] {logging_mixin.py:188} INFO - [2026-07-09T18:03:33.990+0000] {dagbag.py:540} INFO - Filling up the DagBag from /opt/airflow/dags/marketing_campaign_dag.py
[2026-07-09T18:03:34.016+0000] {processor.py:840} INFO - DAG(s) 'marketing_campaign_etl' retrieved from /opt/airflow/dags/marketing_campaign_dag.py
[2026-07-09T18:03:34.066+0000] {logging_mixin.py:188} INFO - [2026-07-09T18:03:34.066+0000] {dag.py:3047} INFO - Sync 1 DAGs
[2026-07-09T18:03:34.101+0000] {logging_mixin.py:188} INFO - [2026-07-09T18:03:34.101+0000] {dag.py:3834} INFO - Setting next_dagrun for marketing_campaign_etl to 2026-07-09 18:01:00+00:00, run_after=2026-07-09 19:01:00+00:00
[2026-07-09T18:03:34.128+0000] {processor.py:183} INFO - Processing /opt/airflow/dags/marketing_campaign_dag.py took 0.146 seconds
[2026-07-09T18:04:04.291+0000] {processor.py:161} INFO - Started process (PID=446) to work on /opt/airflow/dags/marketing_campaign_dag.py
[2026-07-09T18:04:04.294+0000] {processor.py:830} INFO - Processing file /opt/airflow/dags/marketing_campaign_dag.py for tasks to queue
[2026-07-09T18:04:04.296+0000] {logging_mixin.py:188} INFO - [2026-07-09T18:04:04.295+0000] {dagbag.py:540} INFO - Filling up the DagBag from /opt/airflow/dags/marketing_campaign_dag.py
[2026-07-09T18:04:04.320+0000] {processor.py:840} INFO - DAG(s) 'marketing_campaign_etl' retrieved from /opt/airflow/dags/marketing_campaign_dag.py
[2026-07-09T18:04:04.363+0000] {logging_mixin.py:188} INFO - [2026-07-09T18:04:04.363+0000] {dag.py:3047} INFO - Sync 1 DAGs
[2026-07-09T18:04:04.397+0000] {logging_mixin.py:188} INFO - [2026-07-09T18:04:04.397+0000] {dag.py:3834} INFO - Setting next_dagrun for marketing_campaign_etl to 2026-07-09 18:01:00+00:00, run_after=2026-07-09 19:01:00+00:00
[2026-07-09T18:04:04.423+0000] {processor.py:183} INFO - Processing /opt/airflow/dags/marketing_campaign_dag.py took 0.139 seconds
[2026-07-09T18:04:34.586+0000] {processor.py:161} INFO - Started process (PID=451) to work on /opt/airflow/dags/marketing_campaign_dag.py
[2026-07-09T18:04:34.588+0000] {processor.py:830} INFO - Processing file /opt/airflow/dags/marketing_campaign_dag.py for tasks to queue
[2026-07-09T18:04:34.589+0000] {logging_mixin.py:188} INFO - [2026-07-09T18:04:34.589+0000] {dagbag.py:540} INFO - Filling up the DagBag from /opt/airflow/dags/marketing_campaign_dag.py
[2026-07-09T18:04:34.632+0000] {processor.py:840} INFO - DAG(s) 'marketing_campaign_etl' retrieved from /opt/airflow/dags/marketing_campaign_dag.py
[2026-07-09T18:04:34.703+0000] {logging_mixin.py:188} INFO - [2026-07-09T18:04:34.703+0000] {dag.py:3047} INFO - Sync 1 DAGs
[2026-07-09T18:04:34.740+0000] {logging_mixin.py:188} INFO - [2026-07-09T18:04:34.740+0000] {dag.py:3834} INFO - Setting next_dagrun for marketing_campaign_etl to 2026-07-09 18:01:00+00:00, run_after=2026-07-09 19:01:00+00:00
[2026-07-09T18:04:34.764+0000] {processor.py:183} INFO - Processing /opt/airflow/dags/marketing_campaign_dag.py took 0.187 seconds
[2026-07-09T18:05:04.930+0000] {processor.py:161} INFO - Started process (PID=456) to work on /opt/airflow/dags/marketing_campaign_dag.py
[2026-07-09T18:05:04.932+0000] {processor.py:830} INFO - Processing file /opt/airflow/dags/marketing_campaign_dag.py for tasks to queue
[2026-07-09T18:05:04.934+0000] {logging_mixin.py:188} INFO - [2026-07-09T18:05:04.933+0000] {dagbag.py:540} INFO - Filling up the DagBag from /opt/airflow/dags/marketing_campaign_dag.py
[2026-07-09T18:05:04.964+0000] {processor.py:840} INFO - DAG(s) 'marketing_campaign_etl' retrieved from /opt/airflow/dags/marketing_campaign_dag.py
[2026-07-09T18:05:05.013+0000] {logging_mixin.py:188} INFO - [2026-07-09T18:05:05.013+0000] {dag.py:3047} INFO - Sync 1 DAGs
[2026-07-09T18:05:05.051+0000] {logging_mixin.py:188} INFO - [2026-07-09T18:05:05.050+0000] {dag.py:3834} INFO - Setting next_dagrun for marketing_campaign_etl to 2026-07-09 18:01:00+00:00, run_after=2026-07-09 19:01:00+00:00
[2026-07-09T18:05:05.079+0000] {processor.py:183} INFO - Processing /opt/airflow/dags/marketing_campaign_dag.py took 0.157 seconds
[2026-07-09T18:05:35.245+0000] {processor.py:161} INFO - Started process (PID=461) to work on /opt/airflow/dags/marketing_campaign_dag.py
[2026-07-09T18:05:35.247+0000] {processor.py:830} INFO - Processing file /opt/airflow/dags/marketing_campaign_dag.py for tasks to queue
[2026-07-09T18:05:35.249+0000] {logging_mixin.py:188} INFO - [2026-07-09T18:05:35.248+0000] {dagbag.py:540} INFO - Filling up the DagBag from /opt/airflow/dags/marketing_campaign_dag.py
[2026-07-09T18:05:35.278+0000] {processor.py:840} INFO - DAG(s) 'marketing_campaign_etl' retrieved from /opt/airflow/dags/marketing_campaign_dag.py
[2026-07-09T18:05:35.328+0000] {logging_mixin.py:188} INFO - [2026-07-09T18:05:35.328+0000] {dag.py:3047} INFO - Sync 1 DAGs
[2026-07-09T18:05:35.366+0000] {logging_mixin.py:188} INFO - [2026-07-09T18:05:35.365+0000] {dag.py:3834} INFO - Setting next_dagrun for marketing_campaign_etl to 2026-07-09 18:01:00+00:00, run_after=2026-07-09 19:01:00+00:00
[2026-07-09T18:05:35.392+0000] {processor.py:183} INFO - Processing /opt/airflow/dags/marketing_campaign_dag.py took 0.154 seconds
[2026-07-09T18:06:05.560+0000] {processor.py:161} INFO - Started process (PID=466) to work on /opt/airflow/dags/marketing_campaign_dag.py
[2026-07-09T18:06:05.561+0000] {processor.py:830} INFO - Processing file /opt/airflow/dags/marketing_campaign_dag.py for tasks to queue
[2026-07-09T18:06:05.563+0000] {logging_mixin.py:188} INFO - [2026-07-09T18:06:05.562+0000] {dagbag.py:540} INFO - Filling up the DagBag from /opt/airflow/dags/marketing_campaign_dag.py
[2026-07-09T18:06:05.587+0000] {processor.py:840} INFO - DAG(s) 'marketing_campaign_etl' retrieved from /opt/airflow/dags/marketing_campaign_dag.py
[2026-07-09T18:06:05.635+0000] {logging_mixin.py:188} INFO - [2026-07-09T18:06:05.634+0000] {dag.py:3047} INFO - Sync 1 DAGs
[2026-07-09T18:06:05.675+0000] {logging_mixin.py:188} INFO - [2026-07-09T18:06:05.675+0000] {dag.py:3834} INFO - Setting next_dagrun for marketing_campaign_etl to 2026-07-09 18:01:00+00:00, run_after=2026-07-09 19:01:00+00:00
[2026-07-09T18:06:05.705+0000] {processor.py:183} INFO - Processing /opt/airflow/dags/marketing_campaign_dag.py took 0.151 seconds
[2026-07-09T18:06:35.868+0000] {processor.py:161} INFO - Started process (PID=471) to work on /opt/airflow/dags/marketing_campaign_dag.py
[2026-07-09T18:06:35.872+0000] {processor.py:830} INFO - Processing file /opt/airflow/dags/marketing_campaign_dag.py for tasks to queue
[2026-07-09T18:06:35.873+0000] {logging_mixin.py:188} INFO - [2026-07-09T18:06:35.872+0000] {dagbag.py:540} INFO - Filling up the DagBag from /opt/airflow/dags/marketing_campaign_dag.py
[2026-07-09T18:06:35.896+0000] {processor.py:840} INFO - DAG(s) 'marketing_campaign_etl' retrieved from /opt/airflow/dags/marketing_campaign_dag.py
[2026-07-09T18:06:35.944+0000] {logging_mixin.py:188} INFO - [2026-07-09T18:06:35.944+0000] {dag.py:3047} INFO - Sync 1 DAGs
[2026-07-09T18:06:35.979+0000] {logging_mixin.py:188} INFO - [2026-07-09T18:06:35.979+0000] {dag.py:3834} INFO - Setting next_dagrun for marketing_campaign_etl to 2026-07-09 18:01:00+00:00, run_after=2026-07-09 19:01:00+00:00
[2026-07-09T18:06:36.005+0000] {processor.py:183} INFO - Processing /opt/airflow/dags/marketing_campaign_dag.py took 0.143 seconds
[2026-07-09T18:07:06.187+0000] {processor.py:161} INFO - Started process (PID=476) to work on /opt/airflow/dags/marketing_campaign_dag.py
[2026-07-09T18:07:06.189+0000] {processor.py:830} INFO - Processing file /opt/airflow/dags/marketing_campaign_dag.py for tasks to queue
[2026-07-09T18:07:06.192+0000] {logging_mixin.py:188} INFO - [2026-07-09T18:07:06.191+0000] {dagbag.py:540} INFO - Filling up the DagBag from /opt/airflow/dags/marketing_campaign_dag.py
[2026-07-09T18:07:06.227+0000] {processor.py:840} INFO - DAG(s) 'marketing_campaign_etl' retrieved from /opt/airflow/dags/marketing_campaign_dag.py
[2026-07-09T18:07:06.285+0000] {logging_mixin.py:188} INFO - [2026-07-09T18:07:06.284+0000] {dag.py:3047} INFO - Sync 1 DAGs
[2026-07-09T18:07:06.319+0000] {logging_mixin.py:188} INFO - [2026-07-09T18:07:06.319+0000] {dag.py:3834} INFO - Setting next_dagrun for marketing_campaign_etl to 2026-07-09 18:01:00+00:00, run_after=2026-07-09 19:01:00+00:00
[2026-07-09T18:07:06.344+0000] {processor.py:183} INFO - Processing /opt/airflow/dags/marketing_campaign_dag.py took 0.173 seconds
[2026-07-09T18:07:36.506+0000] {processor.py:161} INFO - Started process (PID=481) to work on /opt/airflow/dags/marketing_campaign_dag.py
[2026-07-09T18:07:36.507+0000] {processor.py:830} INFO - Processing file /opt/airflow/dags/marketing_campaign_dag.py for tasks to queue
[2026-07-09T18:07:36.509+0000] {logging_mixin.py:188} INFO - [2026-07-09T18:07:36.508+0000] {dagbag.py:540} INFO - Filling up the DagBag from /opt/airflow/dags/marketing_campaign_dag.py
[2026-07-09T18:07:36.534+0000] {processor.py:840} INFO - DAG(s) 'marketing_campaign_etl' retrieved from /opt/airflow/dags/marketing_campaign_dag.py
[2026-07-09T18:07:36.583+0000] {logging_mixin.py:188} INFO - [2026-07-09T18:07:36.583+0000] {dag.py:3047} INFO - Sync 1 DAGs
[2026-07-09T18:07:36.620+0000] {logging_mixin.py:188} INFO - [2026-07-09T18:07:36.619+0000] {dag.py:3834} INFO - Setting next_dagrun for marketing_campaign_etl to 2026-07-09 18:01:00+00:00, run_after=2026-07-09 19:01:00+00:00
[2026-07-09T18:07:36.644+0000] {processor.py:183} INFO - Processing /opt/airflow/dags/marketing_campaign_dag.py took 0.145 seconds
[2026-07-09T18:08:06.803+0000] {processor.py:161} INFO - Started process (PID=486) to work on /opt/airflow/dags/marketing_campaign_dag.py
[2026-07-09T18:08:06.804+0000] {processor.py:830} INFO - Processing file /opt/airflow/dags/marketing_campaign_dag.py for tasks to queue
[2026-07-09T18:08:06.805+0000] {logging_mixin.py:188} INFO - [2026-07-09T18:08:06.805+0000] {dagbag.py:540} INFO - Filling up the DagBag from /opt/airflow/dags/marketing_campaign_dag.py
[2026-07-09T18:08:06.827+0000] {processor.py:840} INFO - DAG(s) 'marketing_campaign_etl' retrieved from /opt/airflow/dags/marketing_campaign_dag.py
[2026-07-09T18:08:06.875+0000] {logging_mixin.py:188} INFO - [2026-07-09T18:08:06.875+0000] {dag.py:3047} INFO - Sync 1 DAGs
[2026-07-09T18:08:06.907+0000] {logging_mixin.py:188} INFO - [2026-07-09T18:08:06.907+0000] {dag.py:3834} INFO - Setting next_dagrun for marketing_campaign_etl to 2026-07-09 18:01:00+00:00, run_after=2026-07-09 19:01:00+00:00
[2026-07-09T18:08:06.934+0000] {processor.py:183} INFO - Processing /opt/airflow/dags/marketing_campaign_dag.py took 0.138 seconds
[2026-07-09T18:08:37.103+0000] {processor.py:161} INFO - Started process (PID=491) to work on /opt/airflow/dags/marketing_campaign_dag.py
[2026-07-09T18:08:37.105+0000] {processor.py:830} INFO - Processing file /opt/airflow/dags/marketing_campaign_dag.py for tasks to queue
[2026-07-09T18:08:37.106+0000] {logging_mixin.py:188} INFO - [2026-07-09T18:08:37.105+0000] {dagbag.py:540} INFO - Filling up the DagBag from /opt/airflow/dags/marketing_campaign_dag.py
[2026-07-09T18:08:37.132+0000] {processor.py:840} INFO - DAG(s) 'marketing_campaign_etl' retrieved from /opt/airflow/dags/marketing_campaign_dag.py
[2026-07-09T18:08:37.181+0000] {logging_mixin.py:188} INFO - [2026-07-09T18:08:37.181+0000] {dag.py:3047} INFO - Sync 1 DAGs
[2026-07-09T18:08:37.217+0000] {logging_mixin.py:188} INFO - [2026-07-09T18:08:37.217+0000] {dag.py:3834} INFO - Setting next_dagrun for marketing_campaign_etl to 2026-07-09 18:01:00+00:00, run_after=2026-07-09 19:01:00+00:00
[2026-07-09T18:08:37.241+0000] {processor.py:183} INFO - Processing /opt/airflow/dags/marketing_campaign_dag.py took 0.145 seconds
[2026-07-09T18:09:07.405+0000] {processor.py:161} INFO - Started process (PID=496) to work on /opt/airflow/dags/marketing_campaign_dag.py
[2026-07-09T18:09:07.406+0000] {processor.py:830} INFO - Processing file /opt/airflow/dags/marketing_campaign_dag.py for tasks to queue
[2026-07-09T18:09:07.408+0000] {logging_mixin.py:188} INFO - [2026-07-09T18:09:07.407+0000] {dagbag.py:540} INFO - Filling up the DagBag from /opt/airflow/dags/marketing_campaign_dag.py
[2026-07-09T18:09:07.437+0000] {processor.py:840} INFO - DAG(s) 'marketing_campaign_etl' retrieved from /opt/airflow/dags/marketing_campaign_dag.py
[2026-07-09T18:09:07.491+0000] {logging_mixin.py:188} INFO - [2026-07-09T18:09:07.491+0000] {dag.py:3047} INFO - Sync 1 DAGs
[2026-07-09T18:09:07.524+0000] {logging_mixin.py:188} INFO - [2026-07-09T18:09:07.524+0000] {dag.py:3834} INFO - Setting next_dagrun for marketing_campaign_etl to 2026-07-09 18:01:00+00:00, run_after=2026-07-09 19:01:00+00:00
[2026-07-09T18:09:07.546+0000] {processor.py:183} INFO - Processing /opt/airflow/dags/marketing_campaign_dag.py took 0.147 seconds
[2026-07-09T18:09:37.726+0000] {processor.py:161} INFO - Started process (PID=501) to work on /opt/airflow/dags/marketing_campaign_dag.py
[2026-07-09T18:09:37.727+0000] {processor.py:830} INFO - Processing file /opt/airflow/dags/marketing_campaign_dag.py for tasks to queue
[2026-07-09T18:09:37.729+0000] {logging_mixin.py:188} INFO - [2026-07-09T18:09:37.728+0000] {dagbag.py:540} INFO - Filling up the DagBag from /opt/airflow/dags/marketing_campaign_dag.py
[2026-07-09T18:09:37.756+0000] {processor.py:840} INFO - DAG(s) 'marketing_campaign_etl' retrieved from /opt/airflow/dags/marketing_campaign_dag.py
[2026-07-09T18:09:37.807+0000] {logging_mixin.py:188} INFO - [2026-07-09T18:09:37.807+0000] {dag.py:3047} INFO - Sync 1 DAGs
[2026-07-09T18:09:37.851+0000] {logging_mixin.py:188} INFO - [2026-07-09T18:09:37.850+0000] {dag.py:3834} INFO - Setting next_dagrun for marketing_campaign_etl to 2026-07-09 18:01:00+00:00, run_after=2026-07-09 19:01:00+00:00
[2026-07-09T18:09:37.882+0000] {processor.py:183} INFO - Processing /opt/airflow/dags/marketing_campaign_dag.py took 0.162 seconds
[2026-07-09T18:10:08.042+0000] {processor.py:161} INFO - Started process (PID=506) to work on /opt/airflow/dags/marketing_campaign_dag.py
[2026-07-09T18:10:08.043+0000] {processor.py:830} INFO - Processing file /opt/airflow/dags/marketing_campaign_dag.py for tasks to queue
[2026-07-09T18:10:08.045+0000] {logging_mixin.py:188} INFO - [2026-07-09T18:10:08.044+0000] {dagbag.py:540} INFO - Filling up the DagBag from /opt/airflow/dags/marketing_campaign_dag.py
[2026-07-09T18:10:08.073+0000] {processor.py:840} INFO - DAG(s) 'marketing_campaign_etl' retrieved from /opt/airflow/dags/marketing_campaign_dag.py
[2026-07-09T18:10:08.130+0000] {logging_mixin.py:188} INFO - [2026-07-09T18:10:08.129+0000] {dag.py:3047} INFO - Sync 1 DAGs
[2026-07-09T18:10:08.169+0000] {logging_mixin.py:188} INFO - [2026-07-09T18:10:08.168+0000] {dag.py:3834} INFO - Setting next_dagrun for marketing_campaign_etl to 2026-07-09 18:01:00+00:00, run_after=2026-07-09 19:01:00+00:00
[2026-07-09T18:10:08.193+0000] {processor.py:183} INFO - Processing /opt/airflow/dags/marketing_campaign_dag.py took 0.157 seconds
[2026-07-09T18:10:38.362+0000] {processor.py:161} INFO - Started process (PID=511) to work on /opt/airflow/dags/marketing_campaign_dag.py
[2026-07-09T18:10:38.364+0000] {processor.py:830} INFO - Processing file /opt/airflow/dags/marketing_campaign_dag.py for tasks to queue
[2026-07-09T18:10:38.367+0000] {logging_mixin.py:188} INFO - [2026-07-09T18:10:38.365+0000] {dagbag.py:540} INFO - Filling up the DagBag from /opt/airflow/dags/marketing_campaign_dag.py
[2026-07-09T18:10:38.397+0000] {processor.py:840} INFO - DAG(s) 'marketing_campaign_etl' retrieved from /opt/airflow/dags/marketing_campaign_dag.py
[2026-07-09T18:10:38.459+0000] {logging_mixin.py:188} INFO - [2026-07-09T18:10:38.459+0000] {dag.py:3047} INFO - Sync 1 DAGs
[2026-07-09T18:10:38.499+0000] {logging_mixin.py:188} INFO - [2026-07-09T18:10:38.498+0000] {dag.py:3834} INFO - Setting next_dagrun for marketing_campaign_etl to 2026-07-09 18:01:00+00:00, run_after=2026-07-09 19:01:00+00:00
[2026-07-09T18:10:38.526+0000] {processor.py:183} INFO - Processing /opt/airflow/dags/marketing_campaign_dag.py took 0.172 seconds
[2026-07-09T18:11:08.699+0000] {processor.py:161} INFO - Started process (PID=516) to work on /opt/airflow/dags/marketing_campaign_dag.py
[2026-07-09T18:11:08.701+0000] {processor.py:830} INFO - Processing file /opt/airflow/dags/marketing_campaign_dag.py for tasks to queue
[2026-07-09T18:11:08.703+0000] {logging_mixin.py:188} INFO - [2026-07-09T18:11:08.702+0000] {dagbag.py:540} INFO - Filling up the DagBag from /opt/airflow/dags/marketing_campaign_dag.py
[2026-07-09T18:11:08.748+0000] {processor.py:840} INFO - DAG(s) 'marketing_campaign_etl' retrieved from /opt/airflow/dags/marketing_campaign_dag.py
[2026-07-09T18:11:08.815+0000] {logging_mixin.py:188} INFO - [2026-07-09T18:11:08.815+0000] {dag.py:3047} INFO - Sync 1 DAGs
[2026-07-09T18:11:08.857+0000] {logging_mixin.py:188} INFO - [2026-07-09T18:11:08.857+0000] {dag.py:3834} INFO - Setting next_dagrun for marketing_campaign_etl to 2026-07-09 18:01:00+00:00, run_after=2026-07-09 19:01:00+00:00
[2026-07-09T18:11:08.885+0000] {processor.py:183} INFO - Processing /opt/airflow/dags/marketing_campaign_dag.py took 0.195 seconds
[2026-07-09T18:11:39.053+0000] {processor.py:161} INFO - Started process (PID=521) to work on /opt/airflow/dags/marketing_campaign_dag.py
[2026-07-09T18:11:39.054+0000] {processor.py:830} INFO - Processing file /opt/airflow/dags/marketing_campaign_dag.py for tasks to queue
[2026-07-09T18:11:39.055+0000] {logging_mixin.py:188} INFO - [2026-07-09T18:11:39.055+0000] {dagbag.py:540} INFO - Filling up the DagBag from /opt/airflow/dags/marketing_campaign_dag.py
[2026-07-09T18:11:39.081+0000] {processor.py:840} INFO - DAG(s) 'marketing_campaign_etl' retrieved from /opt/airflow/dags/marketing_campaign_dag.py
[2026-07-09T18:11:39.130+0000] {logging_mixin.py:188} INFO - [2026-07-09T18:11:39.130+0000] {dag.py:3047} INFO - Sync 1 DAGs
[2026-07-09T18:11:39.167+0000] {logging_mixin.py:188} INFO - [2026-07-09T18:11:39.167+0000] {dag.py:3834} INFO - Setting next_dagrun for marketing_campaign_etl to 2026-07-09 18:01:00+00:00, run_after=2026-07-09 19:01:00+00:00
[2026-07-09T18:11:39.192+0000] {processor.py:183} INFO - Processing /opt/airflow/dags/marketing_campaign_dag.py took 0.145 seconds
[2026-07-09T18:12:09.355+0000] {processor.py:161} INFO - Started process (PID=526) to work on /opt/airflow/dags/marketing_campaign_dag.py
[2026-07-09T18:12:09.357+0000] {processor.py:830} INFO - Processing file /opt/airflow/dags/marketing_campaign_dag.py for tasks to queue
[2026-07-09T18:12:09.358+0000] {logging_mixin.py:188} INFO - [2026-07-09T18:12:09.357+0000] {dagbag.py:540} INFO - Filling up the DagBag from /opt/airflow/dags/marketing_campaign_dag.py
[2026-07-09T18:12:09.387+0000] {processor.py:840} INFO - DAG(s) 'marketing_campaign_etl' retrieved from /opt/airflow/dags/marketing_campaign_dag.py
[2026-07-09T18:12:09.448+0000] {logging_mixin.py:188} INFO - [2026-07-09T18:12:09.448+0000] {dag.py:3047} INFO - Sync 1 DAGs
[2026-07-09T18:12:09.486+0000] {logging_mixin.py:188} INFO - [2026-07-09T18:12:09.485+0000] {dag.py:3834} INFO - Setting next_dagrun for marketing_campaign_etl to 2026-07-09 18:01:00+00:00, run_after=2026-07-09 19:01:00+00:00
[2026-07-09T18:12:09.510+0000] {processor.py:183} INFO - Processing /opt/airflow/dags/marketing_campaign_dag.py took 0.161 seconds
[2026-07-09T18:12:39.670+0000] {processor.py:161} INFO - Started process (PID=531) to work on /opt/airflow/dags/marketing_campaign_dag.py
[2026-07-09T18:12:39.672+0000] {processor.py:830} INFO - Processing file /opt/airflow/dags/marketing_campaign_dag.py for tasks to queue
[2026-07-09T18:12:39.673+0000] {logging_mixin.py:188} INFO - [2026-07-09T18:12:39.673+0000] {dagbag.py:540} INFO - Filling up the DagBag from /opt/airflow/dags/marketing_campaign_dag.py
[2026-07-09T18:12:39.699+0000] {processor.py:840} INFO - DAG(s) 'marketing_campaign_etl' retrieved from /opt/airflow/dags/marketing_campaign_dag.py
[2026-07-09T18:12:39.752+0000] {logging_mixin.py:188} INFO - [2026-07-09T18:12:39.752+0000] {dag.py:3047} INFO - Sync 1 DAGs
[2026-07-09T18:12:39.791+0000] {logging_mixin.py:188} INFO - [2026-07-09T18:12:39.790+0000] {dag.py:3834} INFO - Setting next_dagrun for marketing_campaign_etl to 2026-07-09 18:01:00+00:00, run_after=2026-07-09 19:01:00+00:00
[2026-07-09T18:12:39.818+0000] {processor.py:183} INFO - Processing /opt/airflow/dags/marketing_campaign_dag.py took 0.154 seconds
[2026-07-09T18:13:09.981+0000] {processor.py:161} INFO - Started process (PID=536) to work on /opt/airflow/dags/marketing_campaign_dag.py
[2026-07-09T18:13:09.984+0000] {processor.py:830} INFO - Processing file /opt/airflow/dags/marketing_campaign_dag.py for tasks to queue
[2026-07-09T18:13:09.986+0000] {logging_mixin.py:188} INFO - [2026-07-09T18:13:09.985+0000] {dagbag.py:540} INFO - Filling up the DagBag from /opt/airflow/dags/marketing_campaign_dag.py
[2026-07-09T18:13:10.011+0000] {processor.py:840} INFO - DAG(s) 'marketing_campaign_etl' retrieved from /opt/airflow/dags/marketing_campaign_dag.py
[2026-07-09T18:13:10.058+0000] {logging_mixin.py:188} INFO - [2026-07-09T18:13:10.058+0000] {dag.py:3047} INFO - Sync 1 DAGs
[2026-07-09T18:13:10.095+0000] {logging_mixin.py:188} INFO - [2026-07-09T18:13:10.095+0000] {dag.py:3834} INFO - Setting next_dagrun for marketing_campaign_etl to 2026-07-09 18:01:00+00:00, run_after=2026-07-09 19:01:00+00:00
[2026-07-09T18:13:10.118+0000] {processor.py:183} INFO - Processing /opt/airflow/dags/marketing_campaign_dag.py took 0.143 seconds
[2026-07-09T18:13:40.291+0000] {processor.py:161} INFO - Started process (PID=541) to work on /opt/airflow/dags/marketing_campaign_dag.py
[2026-07-09T18:13:40.293+0000] {processor.py:830} INFO - Processing file /opt/airflow/dags/marketing_campaign_dag.py for tasks to queue
[2026-07-09T18:13:40.295+0000] {logging_mixin.py:188} INFO - [2026-07-09T18:13:40.294+0000] {dagbag.py:540} INFO - Filling up the DagBag from /opt/airflow/dags/marketing_campaign_dag.py
[2026-07-09T18:13:40.344+0000] {processor.py:840} INFO - DAG(s) 'marketing_campaign_etl' retrieved from /opt/airflow/dags/marketing_campaign_dag.py
[2026-07-09T18:13:40.414+0000] {logging_mixin.py:188} INFO - [2026-07-09T18:13:40.413+0000] {dag.py:3047} INFO - Sync 1 DAGs
[2026-07-09T18:13:40.455+0000] {logging_mixin.py:188} INFO - [2026-07-09T18:13:40.455+0000] {dag.py:3834} INFO - Setting next_dagrun for marketing_campaign_etl to 2026-07-09 18:01:00+00:00, run_after=2026-07-09 19:01:00+00:00
[2026-07-09T18:13:40.479+0000] {processor.py:183} INFO - Processing /opt/airflow/dags/marketing_campaign_dag.py took 0.195 seconds
[2026-07-09T18:14:10.646+0000] {processor.py:161} INFO - Started process (PID=546) to work on /opt/airflow/dags/marketing_campaign_dag.py
[2026-07-09T18:14:10.647+0000] {processor.py:830} INFO - Processing file /opt/airflow/dags/marketing_campaign_dag.py for tasks to queue
[2026-07-09T18:14:10.650+0000] {logging_mixin.py:188} INFO - [2026-07-09T18:14:10.648+0000] {dagbag.py:540} INFO - Filling up the DagBag from /opt/airflow/dags/marketing_campaign_dag.py
[2026-07-09T18:14:10.680+0000] {processor.py:840} INFO - DAG(s) 'marketing_campaign_etl' retrieved from /opt/airflow/dags/marketing_campaign_dag.py
[2026-07-09T18:14:10.744+0000] {logging_mixin.py:188} INFO - [2026-07-09T18:14:10.743+0000] {dag.py:3047} INFO - Sync 1 DAGs
[2026-07-09T18:14:10.778+0000] {logging_mixin.py:188} INFO - [2026-07-09T18:14:10.778+0000] {dag.py:3834} INFO - Setting next_dagrun for marketing_campaign_etl to 2026-07-09 18:01:00+00:00, run_after=2026-07-09 19:01:00+00:00
[2026-07-09T18:14:10.801+0000] {processor.py:183} INFO - Processing /opt/airflow/dags/marketing_campaign_dag.py took 0.161 seconds
[2026-07-09T18:14:40.971+0000] {processor.py:161} INFO - Started process (PID=551) to work on /opt/airflow/dags/marketing_campaign_dag.py
[2026-07-09T18:14:40.973+0000] {processor.py:830} INFO - Processing file /opt/airflow/dags/marketing_campaign_dag.py for tasks to queue
[2026-07-09T18:14:40.977+0000] {logging_mixin.py:188} INFO - [2026-07-09T18:14:40.974+0000] {dagbag.py:540} INFO - Filling up the DagBag from /opt/airflow/dags/marketing_campaign_dag.py
[2026-07-09T18:14:41.019+0000] {processor.py:840} INFO - DAG(s) 'marketing_campaign_etl' retrieved from /opt/airflow/dags/marketing_campaign_dag.py
[2026-07-09T18:14:41.108+0000] {logging_mixin.py:188} INFO - [2026-07-09T18:14:41.107+0000] {dag.py:3047} INFO - Sync 1 DAGs
[2026-07-09T18:14:41.150+0000] {logging_mixin.py:188} INFO - [2026-07-09T18:14:41.150+0000] {dag.py:3834} INFO - Setting next_dagrun for marketing_campaign_etl to 2026-07-09 18:01:00+00:00, run_after=2026-07-09 19:01:00+00:00
[2026-07-09T18:14:41.177+0000] {processor.py:183} INFO - Processing /opt/airflow/dags/marketing_campaign_dag.py took 0.215 seconds
[2026-07-09T18:15:11.345+0000] {processor.py:161} INFO - Started process (PID=556) to work on /opt/airflow/dags/marketing_campaign_dag.py
[2026-07-09T18:15:11.347+0000] {processor.py:830} INFO - Processing file /opt/airflow/dags/marketing_campaign_dag.py for tasks to queue
[2026-07-09T18:15:11.349+0000] {logging_mixin.py:188} INFO - [2026-07-09T18:15:11.348+0000] {dagbag.py:540} INFO - Filling up the DagBag from /opt/airflow/dags/marketing_campaign_dag.py
[2026-07-09T18:15:11.380+0000] {processor.py:840} INFO - DAG(s) 'marketing_campaign_etl' retrieved from /opt/airflow/dags/marketing_campaign_dag.py
[2026-07-09T18:15:11.462+0000] {logging_mixin.py:188} INFO - [2026-07-09T18:15:11.461+0000] {dag.py:3047} INFO - Sync 1 DAGs
[2026-07-09T18:15:11.500+0000] {logging_mixin.py:188} INFO - [2026-07-09T18:15:11.500+0000] {dag.py:3834} INFO - Setting next_dagrun for marketing_campaign_etl to 2026-07-09 18:01:00+00:00, run_after=2026-07-09 19:01:00+00:00
[2026-07-09T18:15:11.527+0000] {processor.py:183} INFO - Processing /opt/airflow/dags/marketing_campaign_dag.py took 0.189 seconds
[2026-07-09T18:15:41.697+0000] {processor.py:161} INFO - Started process (PID=561) to work on /opt/airflow/dags/marketing_campaign_dag.py
[2026-07-09T18:15:41.698+0000] {processor.py:830} INFO - Processing file /opt/airflow/dags/marketing_campaign_dag.py for tasks to queue
[2026-07-09T18:15:41.701+0000] {logging_mixin.py:188} INFO - [2026-07-09T18:15:41.699+0000] {dagbag.py:540} INFO - Filling up the DagBag from /opt/airflow/dags/marketing_campaign_dag.py
[2026-07-09T18:15:41.738+0000] {processor.py:840} INFO - DAG(s) 'marketing_campaign_etl' retrieved from /opt/airflow/dags/marketing_campaign_dag.py
[2026-07-09T18:15:41.820+0000] {logging_mixin.py:188} INFO - [2026-07-09T18:15:41.820+0000] {dag.py:3047} INFO - Sync 1 DAGs
[2026-07-09T18:15:41.868+0000] {logging_mixin.py:188} INFO - [2026-07-09T18:15:41.868+0000] {dag.py:3834} INFO - Setting next_dagrun for marketing_campaign_etl to 2026-07-09 18:01:00+00:00, run_after=2026-07-09 19:01:00+00:00
[2026-07-09T18:15:41.898+0000] {processor.py:183} INFO - Processing /opt/airflow/dags/marketing_campaign_dag.py took 0.209 seconds
[2026-07-09T18:16:12.072+0000] {processor.py:161} INFO - Started process (PID=566) to work on /opt/airflow/dags/marketing_campaign_dag.py
[2026-07-09T18:16:12.074+0000] {processor.py:830} INFO - Processing file /opt/airflow/dags/marketing_campaign_dag.py for tasks to queue
[2026-07-09T18:16:12.079+0000] {logging_mixin.py:188} INFO - [2026-07-09T18:16:12.075+0000] {dagbag.py:540} INFO - Filling up the DagBag from /opt/airflow/dags/marketing_campaign_dag.py
[2026-07-09T18:16:12.123+0000] {processor.py:840} INFO - DAG(s) 'marketing_campaign_etl' retrieved from /opt/airflow/dags/marketing_campaign_dag.py
[2026-07-09T18:16:12.206+0000] {logging_mixin.py:188} INFO - [2026-07-09T18:16:12.206+0000] {dag.py:3047} INFO - Sync 1 DAGs
[2026-07-09T18:16:12.245+0000] {logging_mixin.py:188} INFO - [2026-07-09T18:16:12.245+0000] {dag.py:3834} INFO - Setting next_dagrun for marketing_campaign_etl to 2026-07-09 18:01:00+00:00, run_after=2026-07-09 19:01:00+00:00
[2026-07-09T18:16:12.272+0000] {processor.py:183} INFO - Processing /opt/airflow/dags/marketing_campaign_dag.py took 0.211 seconds
[2026-07-09T18:16:42.441+0000] {processor.py:161} INFO - Started process (PID=571) to work on /opt/airflow/dags/marketing_campaign_dag.py
[2026-07-09T18:16:42.443+0000] {processor.py:830} INFO - Processing file /opt/airflow/dags/marketing_campaign_dag.py for tasks to queue
[2026-07-09T18:16:42.445+0000] {logging_mixin.py:188} INFO - [2026-07-09T18:16:42.444+0000] {dagbag.py:540} INFO - Filling up the DagBag from /opt/airflow/dags/marketing_campaign_dag.py
[2026-07-09T18:16:42.473+0000] {processor.py:840} INFO - DAG(s) 'marketing_campaign_etl' retrieved from /opt/airflow/dags/marketing_campaign_dag.py
[2026-07-09T18:16:42.535+0000] {logging_mixin.py:188} INFO - [2026-07-09T18:16:42.534+0000] {dag.py:3047} INFO - Sync 1 DAGs
[2026-07-09T18:16:42.573+0000] {logging_mixin.py:188} INFO - [2026-07-09T18:16:42.573+0000] {dag.py:3834} INFO - Setting next_dagrun for marketing_campaign_etl to 2026-07-09 18:01:00+00:00, run_after=2026-07-09 19:01:00+00:00
[2026-07-09T18:16:42.600+0000] {processor.py:183} INFO - Processing /opt/airflow/dags/marketing_campaign_dag.py took 0.166 seconds
[2026-07-09T18:17:12.764+0000] {processor.py:161} INFO - Started process (PID=576) to work on /opt/airflow/dags/marketing_campaign_dag.py
[2026-07-09T18:17:12.766+0000] {processor.py:830} INFO - Processing file /opt/airflow/dags/marketing_campaign_dag.py for tasks to queue
[2026-07-09T18:17:12.770+0000] {logging_mixin.py:188} INFO - [2026-07-09T18:17:12.767+0000] {dagbag.py:540} INFO - Filling up the DagBag from /opt/airflow/dags/marketing_campaign_dag.py
[2026-07-09T18:17:12.808+0000] {processor.py:840} INFO - DAG(s) 'marketing_campaign_etl' retrieved from /opt/airflow/dags/marketing_campaign_dag.py
[2026-07-09T18:17:12.889+0000] {logging_mixin.py:188} INFO - [2026-07-09T18:17:12.889+0000] {dag.py:3047} INFO - Sync 1 DAGs
[2026-07-09T18:17:12.927+0000] {logging_mixin.py:188} INFO - [2026-07-09T18:17:12.927+0000] {dag.py:3834} INFO - Setting next_dagrun for marketing_campaign_etl to 2026-07-09 18:01:00+00:00, run_after=2026-07-09 19:01:00+00:00
[2026-07-09T18:17:12.954+0000] {processor.py:183} INFO - Processing /opt/airflow/dags/marketing_campaign_dag.py took 0.198 seconds
[2026-07-09T18:17:43.141+0000] {processor.py:161} INFO - Started process (PID=581) to work on /opt/airflow/dags/marketing_campaign_dag.py
[2026-07-09T18:17:43.143+0000] {processor.py:830} INFO - Processing file /opt/airflow/dags/marketing_campaign_dag.py for tasks to queue
[2026-07-09T18:17:43.147+0000] {logging_mixin.py:188} INFO - [2026-07-09T18:17:43.145+0000] {dagbag.py:540} INFO - Filling up the DagBag from /opt/airflow/dags/marketing_campaign_dag.py
[2026-07-09T18:17:43.221+0000] {processor.py:840} INFO - DAG(s) 'marketing_campaign_etl' retrieved from /opt/airflow/dags/marketing_campaign_dag.py
[2026-07-09T18:17:43.339+0000] {logging_mixin.py:188} INFO - [2026-07-09T18:17:43.339+0000] {dag.py:3047} INFO - Sync 1 DAGs
[2026-07-09T18:17:43.392+0000] {logging_mixin.py:188} INFO - [2026-07-09T18:17:43.392+0000] {dag.py:3834} INFO - Setting next_dagrun for marketing_campaign_etl to 2026-07-09 18:01:00+00:00, run_after=2026-07-09 19:01:00+00:00
[2026-07-09T18:17:43.430+0000] {processor.py:183} INFO - Processing /opt/airflow/dags/marketing_campaign_dag.py took 0.304 seconds
[2026-07-09T18:18:13.598+0000] {processor.py:161} INFO - Started process (PID=586) to work on /opt/airflow/dags/marketing_campaign_dag.py
[2026-07-09T18:18:13.600+0000] {processor.py:830} INFO - Processing file /opt/airflow/dags/marketing_campaign_dag.py for tasks to queue
[2026-07-09T18:18:13.601+0000] {logging_mixin.py:188} INFO - [2026-07-09T18:18:13.601+0000] {dagbag.py:540} INFO - Filling up the DagBag from /opt/airflow/dags/marketing_campaign_dag.py
[2026-07-09T18:18:13.625+0000] {processor.py:840} INFO - DAG(s) 'marketing_campaign_etl' retrieved from /opt/airflow/dags/marketing_campaign_dag.py
[2026-07-09T18:18:13.673+0000] {logging_mixin.py:188} INFO - [2026-07-09T18:18:13.673+0000] {dag.py:3047} INFO - Sync 1 DAGs
[2026-07-09T18:18:13.708+0000] {logging_mixin.py:188} INFO - [2026-07-09T18:18:13.708+0000] {dag.py:3834} INFO - Setting next_dagrun for marketing_campaign_etl to 2026-07-09 18:01:00+00:00, run_after=2026-07-09 19:01:00+00:00
[2026-07-09T18:18:13.730+0000] {processor.py:183} INFO - Processing /opt/airflow/dags/marketing_campaign_dag.py took 0.137 seconds
[2026-07-09T18:18:43.907+0000] {processor.py:161} INFO - Started process (PID=591) to work on /opt/airflow/dags/marketing_campaign_dag.py
[2026-07-09T18:18:43.910+0000] {processor.py:830} INFO - Processing file /opt/airflow/dags/marketing_campaign_dag.py for tasks to queue
[2026-07-09T18:18:43.914+0000] {logging_mixin.py:188} INFO - [2026-07-09T18:18:43.911+0000] {dagbag.py:540} INFO - Filling up the DagBag from /opt/airflow/dags/marketing_campaign_dag.py
[2026-07-09T18:18:43.964+0000] {processor.py:840} INFO - DAG(s) 'marketing_campaign_etl' retrieved from /opt/airflow/dags/marketing_campaign_dag.py
[2026-07-09T18:18:44.063+0000] {logging_mixin.py:188} INFO - [2026-07-09T18:18:44.062+0000] {dag.py:3047} INFO - Sync 1 DAGs
[2026-07-09T18:18:44.104+0000] {logging_mixin.py:188} INFO - [2026-07-09T18:18:44.104+0000] {dag.py:3834} INFO - Setting next_dagrun for marketing_campaign_etl to 2026-07-09 18:01:00+00:00, run_after=2026-07-09 19:01:00+00:00
[2026-07-09T18:18:44.129+0000] {processor.py:183} INFO - Processing /opt/airflow/dags/marketing_campaign_dag.py took 0.231 seconds
[2026-07-09T18:19:14.296+0000] {processor.py:161} INFO - Started process (PID=596) to work on /opt/airflow/dags/marketing_campaign_dag.py
[2026-07-09T18:19:14.297+0000] {processor.py:830} INFO - Processing file /opt/airflow/dags/marketing_campaign_dag.py for tasks to queue
[2026-07-09T18:19:14.299+0000] {logging_mixin.py:188} INFO - [2026-07-09T18:19:14.298+0000] {dagbag.py:540} INFO - Filling up the DagBag from /opt/airflow/dags/marketing_campaign_dag.py
[2026-07-09T18:19:14.324+0000] {processor.py:840} INFO - DAG(s) 'marketing_campaign_etl' retrieved from /opt/airflow/dags/marketing_campaign_dag.py
[2026-07-09T18:19:14.377+0000] {logging_mixin.py:188} INFO - [2026-07-09T18:19:14.376+0000] {dag.py:3047} INFO - Sync 1 DAGs
[2026-07-09T18:19:14.414+0000] {logging_mixin.py:188} INFO - [2026-07-09T18:19:14.413+0000] {dag.py:3834} INFO - Setting next_dagrun for marketing_campaign_etl to 2026-07-09 18:01:00+00:00, run_after=2026-07-09 19:01:00+00:00
[2026-07-09T18:19:14.438+0000] {processor.py:183} INFO - Processing /opt/airflow/dags/marketing_campaign_dag.py took 0.148 seconds
[2026-07-09T18:19:44.597+0000] {processor.py:161} INFO - Started process (PID=601) to work on /opt/airflow/dags/marketing_campaign_dag.py
[2026-07-09T18:19:44.601+0000] {processor.py:830} INFO - Processing file /opt/airflow/dags/marketing_campaign_dag.py for tasks to queue
[2026-07-09T18:19:44.602+0000] {logging_mixin.py:188} INFO - [2026-07-09T18:19:44.602+0000] {dagbag.py:540} INFO - Filling up the DagBag from /opt/airflow/dags/marketing_campaign_dag.py
[2026-07-09T18:19:44.626+0000] {processor.py:840} INFO - DAG(s) 'marketing_campaign_etl' retrieved from /opt/airflow/dags/marketing_campaign_dag.py
[2026-07-09T18:19:44.674+0000] {logging_mixin.py:188} INFO - [2026-07-09T18:19:44.674+0000] {dag.py:3047} INFO - Sync 1 DAGs
[2026-07-09T18:19:44.708+0000] {logging_mixin.py:188} INFO - [2026-07-09T18:19:44.708+0000] {dag.py:3834} INFO - Setting next_dagrun for marketing_campaign_etl to 2026-07-09 18:01:00+00:00, run_after=2026-07-09 19:01:00+00:00
[2026-07-09T18:19:44.732+0000] {processor.py:183} INFO - Processing /opt/airflow/dags/marketing_campaign_dag.py took 0.141 seconds
[2026-07-09T18:20:14.894+0000] {processor.py:161} INFO - Started process (PID=606) to work on /opt/airflow/dags/marketing_campaign_dag.py
[2026-07-09T18:20:14.895+0000] {processor.py:830} INFO - Processing file /opt/airflow/dags/marketing_campaign_dag.py for tasks to queue
[2026-07-09T18:20:14.897+0000] {logging_mixin.py:188} INFO - [2026-07-09T18:20:14.896+0000] {dagbag.py:540} INFO - Filling up the DagBag from /opt/airflow/dags/marketing_campaign_dag.py
[2026-07-09T18:20:14.920+0000] {processor.py:840} INFO - DAG(s) 'marketing_campaign_etl' retrieved from /opt/airflow/dags/marketing_campaign_dag.py
[2026-07-09T18:20:14.969+0000] {logging_mixin.py:188} INFO - [2026-07-09T18:20:14.969+0000] {dag.py:3047} INFO - Sync 1 DAGs
[2026-07-09T18:20:15.004+0000] {logging_mixin.py:188} INFO - [2026-07-09T18:20:15.004+0000] {dag.py:3834} INFO - Setting next_dagrun for marketing_campaign_etl to 2026-07-09 18:01:00+00:00, run_after=2026-07-09 19:01:00+00:00
[2026-07-09T18:20:15.028+0000] {processor.py:183} INFO - Processing /opt/airflow/dags/marketing_campaign_dag.py took 0.140 seconds
[2026-07-09T18:20:45.197+0000] {processor.py:161} INFO - Started process (PID=611) to work on /opt/airflow/dags/marketing_campaign_dag.py
[2026-07-09T18:20:45.199+0000] {processor.py:830} INFO - Processing file /opt/airflow/dags/marketing_campaign_dag.py for tasks to queue
[2026-07-09T18:20:45.203+0000] {logging_mixin.py:188} INFO - [2026-07-09T18:20:45.200+0000] {dagbag.py:540} INFO - Filling up the DagBag from /opt/airflow/dags/marketing_campaign_dag.py
[2026-07-09T18:20:45.233+0000] {processor.py:840} INFO - DAG(s) 'marketing_campaign_etl' retrieved from /opt/airflow/dags/marketing_campaign_dag.py
[2026-07-09T18:20:45.319+0000] {logging_mixin.py:188} INFO - [2026-07-09T18:20:45.319+0000] {dag.py:3047} INFO - Sync 1 DAGs
[2026-07-09T18:20:45.356+0000] {logging_mixin.py:188} INFO - [2026-07-09T18:20:45.356+0000] {dag.py:3834} INFO - Setting next_dagrun for marketing_campaign_etl to 2026-07-09 18:01:00+00:00, run_after=2026-07-09 19:01:00+00:00
[2026-07-09T18:20:45.380+0000] {processor.py:183} INFO - Processing /opt/airflow/dags/marketing_campaign_dag.py took 0.191 seconds
[2026-07-09T18:21:15.567+0000] {processor.py:161} INFO - Started process (PID=616) to work on /opt/airflow/dags/marketing_campaign_dag.py
[2026-07-09T18:21:15.569+0000] {processor.py:830} INFO - Processing file /opt/airflow/dags/marketing_campaign_dag.py for tasks to queue
[2026-07-09T18:21:15.572+0000] {logging_mixin.py:188} INFO - [2026-07-09T18:21:15.570+0000] {dagbag.py:540} INFO - Filling up the DagBag from /opt/airflow/dags/marketing_campaign_dag.py
[2026-07-09T18:21:15.630+0000] {processor.py:840} INFO - DAG(s) 'marketing_campaign_etl' retrieved from /opt/airflow/dags/marketing_campaign_dag.py
[2026-07-09T18:21:15.729+0000] {logging_mixin.py:188} INFO - [2026-07-09T18:21:15.729+0000] {dag.py:3047} INFO - Sync 1 DAGs
[2026-07-09T18:21:15.778+0000] {logging_mixin.py:188} INFO - [2026-07-09T18:21:15.778+0000] {dag.py:3834} INFO - Setting next_dagrun for marketing_campaign_etl to 2026-07-09 18:01:00+00:00, run_after=2026-07-09 19:01:00+00:00
[2026-07-09T18:21:15.805+0000] {processor.py:183} INFO - Processing /opt/airflow/dags/marketing_campaign_dag.py took 0.257 seconds
[2026-07-09T18:21:45.978+0000] {processor.py:161} INFO - Started process (PID=621) to work on /opt/airflow/dags/marketing_campaign_dag.py
[2026-07-09T18:21:45.980+0000] {processor.py:830} INFO - Processing file /opt/airflow/dags/marketing_campaign_dag.py for tasks to queue
[2026-07-09T18:21:45.982+0000] {logging_mixin.py:188} INFO - [2026-07-09T18:21:45.980+0000] {dagbag.py:540} INFO - Filling up the DagBag from /opt/airflow/dags/marketing_campaign_dag.py
[2026-07-09T18:21:46.018+0000] {processor.py:840} INFO - DAG(s) 'marketing_campaign_etl' retrieved from /opt/airflow/dags/marketing_campaign_dag.py
[2026-07-09T18:21:46.096+0000] {logging_mixin.py:188} INFO - [2026-07-09T18:21:46.096+0000] {dag.py:3047} INFO - Sync 1 DAGs
[2026-07-09T18:21:46.137+0000] {logging_mixin.py:188} INFO - [2026-07-09T18:21:46.136+0000] {dag.py:3834} INFO - Setting next_dagrun for marketing_campaign_etl to 2026-07-09 18:01:00+00:00, run_after=2026-07-09 19:01:00+00:00
[2026-07-09T18:21:46.163+0000] {processor.py:183} INFO - Processing /opt/airflow/dags/marketing_campaign_dag.py took 0.194 seconds
[2026-07-09T18:22:16.343+0000] {processor.py:161} INFO - Started process (PID=626) to work on /opt/airflow/dags/marketing_campaign_dag.py
[2026-07-09T18:22:16.345+0000] {processor.py:830} INFO - Processing file /opt/airflow/dags/marketing_campaign_dag.py for tasks to queue
[2026-07-09T18:22:16.348+0000] {logging_mixin.py:188} INFO - [2026-07-09T18:22:16.346+0000] {dagbag.py:540} INFO - Filling up the DagBag from /opt/airflow/dags/marketing_campaign_dag.py
[2026-07-09T18:22:16.388+0000] {processor.py:840} INFO - DAG(s) 'marketing_campaign_etl' retrieved from /opt/airflow/dags/marketing_campaign_dag.py
[2026-07-09T18:22:16.465+0000] {logging_mixin.py:188} INFO - [2026-07-09T18:22:16.465+0000] {dag.py:3047} INFO - Sync 1 DAGs
[2026-07-09T18:22:16.503+0000] {logging_mixin.py:188} INFO - [2026-07-09T18:22:16.502+0000] {dag.py:3834} INFO - Setting next_dagrun for marketing_campaign_etl to 2026-07-09 18:01:00+00:00, run_after=2026-07-09 19:01:00+00:00
[2026-07-09T18:22:16.526+0000] {processor.py:183} INFO - Processing /opt/airflow/dags/marketing_campaign_dag.py took 0.195 seconds
[2026-07-09T18:22:46.694+0000] {processor.py:161} INFO - Started process (PID=631) to work on /opt/airflow/dags/marketing_campaign_dag.py
[2026-07-09T18:22:46.696+0000] {processor.py:830} INFO - Processing file /opt/airflow/dags/marketing_campaign_dag.py for tasks to queue
[2026-07-09T18:22:46.699+0000] {logging_mixin.py:188} INFO - [2026-07-09T18:22:46.696+0000] {dagbag.py:540} INFO - Filling up the DagBag from /opt/airflow/dags/marketing_campaign_dag.py
[2026-07-09T18:22:46.733+0000] {processor.py:840} INFO - DAG(s) 'marketing_campaign_etl' retrieved from /opt/airflow/dags/marketing_campaign_dag.py
[2026-07-09T18:22:46.810+0000] {logging_mixin.py:188} INFO - [2026-07-09T18:22:46.809+0000] {dag.py:3047} INFO - Sync 1 DAGs
[2026-07-09T18:22:46.844+0000] {logging_mixin.py:188} INFO - [2026-07-09T18:22:46.844+0000] {dag.py:3834} INFO - Setting next_dagrun for marketing_campaign_etl to 2026-07-09 18:01:00+00:00, run_after=2026-07-09 19:01:00+00:00
[2026-07-09T18:22:46.868+0000] {processor.py:183} INFO - Processing /opt/airflow/dags/marketing_campaign_dag.py took 0.183 seconds
[2026-07-09T18:23:17.053+0000] {processor.py:161} INFO - Started process (PID=636) to work on /opt/airflow/dags/marketing_campaign_dag.py
[2026-07-09T18:23:17.058+0000] {processor.py:830} INFO - Processing file /opt/airflow/dags/marketing_campaign_dag.py for tasks to queue
[2026-07-09T18:23:17.064+0000] {logging_mixin.py:188} INFO - [2026-07-09T18:23:17.060+0000] {dagbag.py:540} INFO - Filling up the DagBag from /opt/airflow/dags/marketing_campaign_dag.py
[2026-07-09T18:23:17.129+0000] {processor.py:840} INFO - DAG(s) 'marketing_campaign_etl' retrieved from /opt/airflow/dags/marketing_campaign_dag.py
[2026-07-09T18:23:17.256+0000] {logging_mixin.py:188} INFO - [2026-07-09T18:23:17.255+0000] {dag.py:3047} INFO - Sync 1 DAGs
[2026-07-09T18:23:17.299+0000] {logging_mixin.py:188} INFO - [2026-07-09T18:23:17.299+0000] {dag.py:3834} INFO - Setting next_dagrun for marketing_campaign_etl to 2026-07-09 18:01:00+00:00, run_after=2026-07-09 19:01:00+00:00
[2026-07-09T18:23:17.326+0000] {processor.py:183} INFO - Processing /opt/airflow/dags/marketing_campaign_dag.py took 0.286 seconds
[2026-07-09T18:23:47.498+0000] {processor.py:161} INFO - Started process (PID=641) to work on /opt/airflow/dags/marketing_campaign_dag.py
[2026-07-09T18:23:47.499+0000] {processor.py:830} INFO - Processing file /opt/airflow/dags/marketing_campaign_dag.py for tasks to queue
[2026-07-09T18:23:47.502+0000] {logging_mixin.py:188} INFO - [2026-07-09T18:23:47.500+0000] {dagbag.py:540} INFO - Filling up the DagBag from /opt/airflow/dags/marketing_campaign_dag.py
[2026-07-09T18:23:47.537+0000] {processor.py:840} INFO - DAG(s) 'marketing_campaign_etl' retrieved from /opt/airflow/dags/marketing_campaign_dag.py
[2026-07-09T18:23:47.607+0000] {logging_mixin.py:188} INFO - [2026-07-09T18:23:47.606+0000] {dag.py:3047} INFO - Sync 1 DAGs
[2026-07-09T18:23:47.650+0000] {logging_mixin.py:188} INFO - [2026-07-09T18:23:47.650+0000] {dag.py:3834} INFO - Setting next_dagrun for marketing_campaign_etl to 2026-07-09 18:01:00+00:00, run_after=2026-07-09 19:01:00+00:00
[2026-07-09T18:23:47.676+0000] {processor.py:183} INFO - Processing /opt/airflow/dags/marketing_campaign_dag.py took 0.186 seconds
[2026-07-09T18:24:17.854+0000] {processor.py:161} INFO - Started process (PID=646) to work on /opt/airflow/dags/marketing_campaign_dag.py
[2026-07-09T18:24:17.856+0000] {processor.py:830} INFO - Processing file /opt/airflow/dags/marketing_campaign_dag.py for tasks to queue
[2026-07-09T18:24:17.859+0000] {logging_mixin.py:188} INFO - [2026-07-09T18:24:17.857+0000] {dagbag.py:540} INFO - Filling up the DagBag from /opt/airflow/dags/marketing_campaign_dag.py
[2026-07-09T18:24:17.896+0000] {processor.py:840} INFO - DAG(s) 'marketing_campaign_etl' retrieved from /opt/airflow/dags/marketing_campaign_dag.py
[2026-07-09T18:24:17.984+0000] {logging_mixin.py:188} INFO - [2026-07-09T18:24:17.984+0000] {dag.py:3047} INFO - Sync 1 DAGs
[2026-07-09T18:24:18.022+0000] {logging_mixin.py:188} INFO - [2026-07-09T18:24:18.021+0000] {dag.py:3834} INFO - Setting next_dagrun for marketing_campaign_etl to 2026-07-09 18:01:00+00:00, run_after=2026-07-09 19:01:00+00:00
[2026-07-09T18:24:18.048+0000] {processor.py:183} INFO - Processing /opt/airflow/dags/marketing_campaign_dag.py took 0.202 seconds
[2026-07-09T18:24:48.230+0000] {processor.py:161} INFO - Started process (PID=651) to work on /opt/airflow/dags/marketing_campaign_dag.py
[2026-07-09T18:24:48.232+0000] {processor.py:830} INFO - Processing file /opt/airflow/dags/marketing_campaign_dag.py for tasks to queue
[2026-07-09T18:24:48.235+0000] {logging_mixin.py:188} INFO - [2026-07-09T18:24:48.233+0000] {dagbag.py:540} INFO - Filling up the DagBag from /opt/airflow/dags/marketing_campaign_dag.py
[2026-07-09T18:24:48.276+0000] {processor.py:840} INFO - DAG(s) 'marketing_campaign_etl' retrieved from /opt/airflow/dags/marketing_campaign_dag.py
[2026-07-09T18:24:48.402+0000] {logging_mixin.py:188} INFO - [2026-07-09T18:24:48.401+0000] {dag.py:3047} INFO - Sync 1 DAGs
[2026-07-09T18:24:48.460+0000] {logging_mixin.py:188} INFO - [2026-07-09T18:24:48.460+0000] {dag.py:3834} INFO - Setting next_dagrun for marketing_campaign_etl to 2026-07-09 18:01:00+00:00, run_after=2026-07-09 19:01:00+00:00
[2026-07-09T18:24:48.491+0000] {processor.py:183} INFO - Processing /opt/airflow/dags/marketing_campaign_dag.py took 0.271 seconds
[2026-07-09T18:25:18.685+0000] {processor.py:161} INFO - Started process (PID=656) to work on /opt/airflow/dags/marketing_campaign_dag.py
[2026-07-09T18:25:18.687+0000] {processor.py:830} INFO - Processing file /opt/airflow/dags/marketing_campaign_dag.py for tasks to queue
[2026-07-09T18:25:18.690+0000] {logging_mixin.py:188} INFO - [2026-07-09T18:25:18.688+0000] {dagbag.py:540} INFO - Filling up the DagBag from /opt/airflow/dags/marketing_campaign_dag.py
[2026-07-09T18:25:18.727+0000] {processor.py:840} INFO - DAG(s) 'marketing_campaign_etl' retrieved from /opt/airflow/dags/marketing_campaign_dag.py
[2026-07-09T18:25:18.814+0000] {logging_mixin.py:188} INFO - [2026-07-09T18:25:18.814+0000] {dag.py:3047} INFO - Sync 1 DAGs
[2026-07-09T18:25:18.858+0000] {logging_mixin.py:188} INFO - [2026-07-09T18:25:18.858+0000] {dag.py:3834} INFO - Setting next_dagrun for marketing_campaign_etl to 2026-07-09 18:01:00+00:00, run_after=2026-07-09 19:01:00+00:00
[2026-07-09T18:25:18.885+0000] {processor.py:183} INFO - Processing /opt/airflow/dags/marketing_campaign_dag.py took 0.210 seconds
[2026-07-09T18:25:49.061+0000] {processor.py:161} INFO - Started process (PID=661) to work on /opt/airflow/dags/marketing_campaign_dag.py
[2026-07-09T18:25:49.063+0000] {processor.py:830} INFO - Processing file /opt/airflow/dags/marketing_campaign_dag.py for tasks to queue
[2026-07-09T18:25:49.067+0000] {logging_mixin.py:188} INFO - [2026-07-09T18:25:49.064+0000] {dagbag.py:540} INFO - Filling up the DagBag from /opt/airflow/dags/marketing_campaign_dag.py
[2026-07-09T18:25:49.108+0000] {processor.py:840} INFO - DAG(s) 'marketing_campaign_etl' retrieved from /opt/airflow/dags/marketing_campaign_dag.py
[2026-07-09T18:25:49.215+0000] {logging_mixin.py:188} INFO - [2026-07-09T18:25:49.215+0000] {dag.py:3047} INFO - Sync 1 DAGs
[2026-07-09T18:25:49.261+0000] {logging_mixin.py:188} INFO - [2026-07-09T18:25:49.260+0000] {dag.py:3834} INFO - Setting next_dagrun for marketing_campaign_etl to 2026-07-09 18:01:00+00:00, run_after=2026-07-09 19:01:00+00:00
[2026-07-09T18:25:49.289+0000] {processor.py:183} INFO - Processing /opt/airflow/dags/marketing_campaign_dag.py took 0.238 seconds
[2026-07-09T18:26:19.473+0000] {processor.py:161} INFO - Started process (PID=666) to work on /opt/airflow/dags/marketing_campaign_dag.py
[2026-07-09T18:26:19.475+0000] {processor.py:830} INFO - Processing file /opt/airflow/dags/marketing_campaign_dag.py for tasks to queue
[2026-07-09T18:26:19.479+0000] {logging_mixin.py:188} INFO - [2026-07-09T18:26:19.476+0000] {dagbag.py:540} INFO - Filling up the DagBag from /opt/airflow/dags/marketing_campaign_dag.py
[2026-07-09T18:26:19.516+0000] {processor.py:840} INFO - DAG(s) 'marketing_campaign_etl' retrieved from /opt/airflow/dags/marketing_campaign_dag.py
[2026-07-09T18:26:19.619+0000] {logging_mixin.py:188} INFO - [2026-07-09T18:26:19.619+0000] {dag.py:3047} INFO - Sync 1 DAGs
[2026-07-09T18:26:19.658+0000] {logging_mixin.py:188} INFO - [2026-07-09T18:26:19.658+0000] {dag.py:3834} INFO - Setting next_dagrun for marketing_campaign_etl to 2026-07-09 18:01:00+00:00, run_after=2026-07-09 19:01:00+00:00
[2026-07-09T18:26:19.685+0000] {processor.py:183} INFO - Processing /opt/airflow/dags/marketing_campaign_dag.py took 0.221 seconds
[2026-07-09T18:26:49.864+0000] {processor.py:161} INFO - Started process (PID=671) to work on /opt/airflow/dags/marketing_campaign_dag.py
[2026-07-09T18:26:49.867+0000] {processor.py:830} INFO - Processing file /opt/airflow/dags/marketing_campaign_dag.py for tasks to queue
[2026-07-09T18:26:49.870+0000] {logging_mixin.py:188} INFO - [2026-07-09T18:26:49.868+0000] {dagbag.py:540} INFO - Filling up the DagBag from /opt/airflow/dags/marketing_campaign_dag.py
[2026-07-09T18:26:49.914+0000] {processor.py:840} INFO - DAG(s) 'marketing_campaign_etl' retrieved from /opt/airflow/dags/marketing_campaign_dag.py
[2026-07-09T18:26:50.002+0000] {logging_mixin.py:188} INFO - [2026-07-09T18:26:50.002+0000] {dag.py:3047} INFO - Sync 1 DAGs
[2026-07-09T18:26:50.048+0000] {logging_mixin.py:188} INFO - [2026-07-09T18:26:50.048+0000] {dag.py:3834} INFO - Setting next_dagrun for marketing_campaign_etl to 2026-07-09 18:01:00+00:00, run_after=2026-07-09 19:01:00+00:00
[2026-07-09T18:26:50.077+0000] {processor.py:183} INFO - Processing /opt/airflow/dags/marketing_campaign_dag.py took 0.221 seconds
[2026-07-09T18:27:20.253+0000] {processor.py:161} INFO - Started process (PID=676) to work on /opt/airflow/dags/marketing_campaign_dag.py
[2026-07-09T18:27:20.256+0000] {processor.py:830} INFO - Processing file /opt/airflow/dags/marketing_campaign_dag.py for tasks to queue
[2026-07-09T18:27:20.259+0000] {logging_mixin.py:188} INFO - [2026-07-09T18:27:20.256+0000] {dagbag.py:540} INFO - Filling up the DagBag from /opt/airflow/dags/marketing_campaign_dag.py
[2026-07-09T18:27:20.295+0000] {processor.py:840} INFO - DAG(s) 'marketing_campaign_etl' retrieved from /opt/airflow/dags/marketing_campaign_dag.py
[2026-07-09T18:27:20.391+0000] {logging_mixin.py:188} INFO - [2026-07-09T18:27:20.390+0000] {dag.py:3047} INFO - Sync 1 DAGs
[2026-07-09T18:27:20.439+0000] {logging_mixin.py:188} INFO - [2026-07-09T18:27:20.439+0000] {dag.py:3834} INFO - Setting next_dagrun for marketing_campaign_etl to 2026-07-09 18:01:00+00:00, run_after=2026-07-09 19:01:00+00:00
[2026-07-09T18:27:20.466+0000] {processor.py:183} INFO - Processing /opt/airflow/dags/marketing_campaign_dag.py took 0.221 seconds
[2026-07-09T18:27:50.645+0000] {processor.py:161} INFO - Started process (PID=681) to work on /opt/airflow/dags/marketing_campaign_dag.py
[2026-07-09T18:27:50.647+0000] {processor.py:830} INFO - Processing file /opt/airflow/dags/marketing_campaign_dag.py for tasks to queue
[2026-07-09T18:27:50.650+0000] {logging_mixin.py:188} INFO - [2026-07-09T18:27:50.647+0000] {dagbag.py:540} INFO - Filling up the DagBag from /opt/airflow/dags/marketing_campaign_dag.py
[2026-07-09T18:27:50.691+0000] {processor.py:840} INFO - DAG(s) 'marketing_campaign_etl' retrieved from /opt/airflow/dags/marketing_campaign_dag.py
[2026-07-09T18:27:50.779+0000] {logging_mixin.py:188} INFO - [2026-07-09T18:27:50.779+0000] {dag.py:3047} INFO - Sync 1 DAGs
[2026-07-09T18:27:50.818+0000] {logging_mixin.py:188} INFO - [2026-07-09T18:27:50.817+0000] {dag.py:3834} INFO - Setting next_dagrun for marketing_campaign_etl to 2026-07-09 18:01:00+00:00, run_after=2026-07-09 19:01:00+00:00
[2026-07-09T18:27:50.841+0000] {processor.py:183} INFO - Processing /opt/airflow/dags/marketing_campaign_dag.py took 0.206 seconds
[2026-07-09T18:28:21.010+0000] {processor.py:161} INFO - Started process (PID=686) to work on /opt/airflow/dags/marketing_campaign_dag.py
[2026-07-09T18:28:21.012+0000] {processor.py:830} INFO - Processing file /opt/airflow/dags/marketing_campaign_dag.py for tasks to queue
[2026-07-09T18:28:21.015+0000] {logging_mixin.py:188} INFO - [2026-07-09T18:28:21.013+0000] {dagbag.py:540} INFO - Filling up the DagBag from /opt/airflow/dags/marketing_campaign_dag.py
[2026-07-09T18:28:21.049+0000] {processor.py:840} INFO - DAG(s) 'marketing_campaign_etl' retrieved from /opt/airflow/dags/marketing_campaign_dag.py
[2026-07-09T18:28:21.126+0000] {logging_mixin.py:188} INFO - [2026-07-09T18:28:21.126+0000] {dag.py:3047} INFO - Sync 1 DAGs
[2026-07-09T18:28:21.163+0000] {logging_mixin.py:188} INFO - [2026-07-09T18:28:21.163+0000] {dag.py:3834} INFO - Setting next_dagrun for marketing_campaign_etl to 2026-07-09 18:01:00+00:00, run_after=2026-07-09 19:01:00+00:00
[2026-07-09T18:28:21.190+0000] {processor.py:183} INFO - Processing /opt/airflow/dags/marketing_campaign_dag.py took 0.189 seconds
[2026-07-09T18:28:51.367+0000] {processor.py:161} INFO - Started process (PID=691) to work on /opt/airflow/dags/marketing_campaign_dag.py
[2026-07-09T18:28:51.370+0000] {processor.py:830} INFO - Processing file /opt/airflow/dags/marketing_campaign_dag.py for tasks to queue
[2026-07-09T18:28:51.373+0000] {logging_mixin.py:188} INFO - [2026-07-09T18:28:51.371+0000] {dagbag.py:540} INFO - Filling up the DagBag from /opt/airflow/dags/marketing_campaign_dag.py
[2026-07-09T18:28:51.408+0000] {processor.py:840} INFO - DAG(s) 'marketing_campaign_etl' retrieved from /opt/airflow/dags/marketing_campaign_dag.py
[2026-07-09T18:28:51.501+0000] {logging_mixin.py:188} INFO - [2026-07-09T18:28:51.501+0000] {dag.py:3047} INFO - Sync 1 DAGs
[2026-07-09T18:28:51.539+0000] {logging_mixin.py:188} INFO - [2026-07-09T18:28:51.539+0000] {dag.py:3834} INFO - Setting next_dagrun for marketing_campaign_etl to 2026-07-09 18:01:00+00:00, run_after=2026-07-09 19:01:00+00:00
[2026-07-09T18:28:51.565+0000] {processor.py:183} INFO - Processing /opt/airflow/dags/marketing_campaign_dag.py took 0.206 seconds
[2026-07-09T18:29:21.753+0000] {processor.py:161} INFO - Started process (PID=696) to work on /opt/airflow/dags/marketing_campaign_dag.py
[2026-07-09T18:29:21.755+0000] {processor.py:830} INFO - Processing file /opt/airflow/dags/marketing_campaign_dag.py for tasks to queue
[2026-07-09T18:29:21.758+0000] {logging_mixin.py:188} INFO - [2026-07-09T18:29:21.756+0000] {dagbag.py:540} INFO - Filling up the DagBag from /opt/airflow/dags/marketing_campaign_dag.py
[2026-07-09T18:29:21.801+0000] {processor.py:840} INFO - DAG(s) 'marketing_campaign_etl' retrieved from /opt/airflow/dags/marketing_campaign_dag.py
[2026-07-09T18:29:21.957+0000] {logging_mixin.py:188} INFO - [2026-07-09T18:29:21.957+0000] {dag.py:3047} INFO - Sync 1 DAGs
[2026-07-09T18:29:22.017+0000] {logging_mixin.py:188} INFO - [2026-07-09T18:29:22.016+0000] {dag.py:3834} INFO - Setting next_dagrun for marketing_campaign_etl to 2026-07-09 18:01:00+00:00, run_after=2026-07-09 19:01:00+00:00
[2026-07-09T18:29:22.063+0000] {processor.py:183} INFO - Processing /opt/airflow/dags/marketing_campaign_dag.py took 0.319 seconds
[2026-07-09T18:29:52.296+0000] {processor.py:161} INFO - Started process (PID=701) to work on /opt/airflow/dags/marketing_campaign_dag.py
[2026-07-09T18:29:52.299+0000] {processor.py:830} INFO - Processing file /opt/airflow/dags/marketing_campaign_dag.py for tasks to queue
[2026-07-09T18:29:52.304+0000] {logging_mixin.py:188} INFO - [2026-07-09T18:29:52.300+0000] {dagbag.py:540} INFO - Filling up the DagBag from /opt/airflow/dags/marketing_campaign_dag.py
[2026-07-09T18:29:52.354+0000] {processor.py:840} INFO - DAG(s) 'marketing_campaign_etl' retrieved from /opt/airflow/dags/marketing_campaign_dag.py
[2026-07-09T18:29:52.546+0000] {logging_mixin.py:188} INFO - [2026-07-09T18:29:52.545+0000] {dag.py:3047} INFO - Sync 1 DAGs
[2026-07-09T18:29:52.596+0000] {logging_mixin.py:188} INFO - [2026-07-09T18:29:52.596+0000] {dag.py:3834} INFO - Setting next_dagrun for marketing_campaign_etl to 2026-07-09 18:01:00+00:00, run_after=2026-07-09 19:01:00+00:00
[2026-07-09T18:29:52.633+0000] {processor.py:183} INFO - Processing /opt/airflow/dags/marketing_campaign_dag.py took 0.352 seconds
[2026-07-09T18:30:22.845+0000] {processor.py:161} INFO - Started process (PID=706) to work on /opt/airflow/dags/marketing_campaign_dag.py
[2026-07-09T18:30:22.848+0000] {processor.py:830} INFO - Processing file /opt/airflow/dags/marketing_campaign_dag.py for tasks to queue
[2026-07-09T18:30:22.852+0000] {logging_mixin.py:188} INFO - [2026-07-09T18:30:22.849+0000] {dagbag.py:540} INFO - Filling up the DagBag from /opt/airflow/dags/marketing_campaign_dag.py
[2026-07-09T18:30:22.893+0000] {processor.py:840} INFO - DAG(s) 'marketing_campaign_etl' retrieved from /opt/airflow/dags/marketing_campaign_dag.py
[2026-07-09T18:30:22.991+0000] {logging_mixin.py:188} INFO - [2026-07-09T18:30:22.991+0000] {dag.py:3047} INFO - Sync 1 DAGs
[2026-07-09T18:30:23.030+0000] {logging_mixin.py:188} INFO - [2026-07-09T18:30:23.030+0000] {dag.py:3834} INFO - Setting next_dagrun for marketing_campaign_etl to 2026-07-09 18:01:00+00:00, run_after=2026-07-09 19:01:00+00:00
[2026-07-09T18:30:23.055+0000] {processor.py:183} INFO - Processing /opt/airflow/dags/marketing_campaign_dag.py took 0.222 seconds
[2026-07-09T18:30:53.264+0000] {processor.py:161} INFO - Started process (PID=729) to work on /opt/airflow/dags/marketing_campaign_dag.py
[2026-07-09T18:30:53.267+0000] {processor.py:830} INFO - Processing file /opt/airflow/dags/marketing_campaign_dag.py for tasks to queue
[2026-07-09T18:30:53.268+0000] {logging_mixin.py:188} INFO - [2026-07-09T18:30:53.268+0000] {dagbag.py:540} INFO - Filling up the DagBag from /opt/airflow/dags/marketing_campaign_dag.py
[2026-07-09T18:30:53.323+0000] {processor.py:840} INFO - DAG(s) 'marketing_campaign_etl' retrieved from /opt/airflow/dags/marketing_campaign_dag.py
[2026-07-09T18:30:53.403+0000] {logging_mixin.py:188} INFO - [2026-07-09T18:30:53.402+0000] {dag.py:3047} INFO - Sync 1 DAGs
[2026-07-09T18:30:53.451+0000] {logging_mixin.py:188} INFO - [2026-07-09T18:30:53.451+0000] {dag.py:3834} INFO - Setting next_dagrun for marketing_campaign_etl to 2026-07-09 18:01:00+00:00, run_after=2026-07-09 19:01:00+00:00
[2026-07-09T18:30:53.477+0000] {processor.py:183} INFO - Processing /opt/airflow/dags/marketing_campaign_dag.py took 0.233 seconds
[2026-07-09T18:31:23.582+0000] {processor.py:161} INFO - Started process (PID=773) to work on /opt/airflow/dags/marketing_campaign_dag.py
[2026-07-09T18:31:23.584+0000] {processor.py:830} INFO - Processing file /opt/airflow/dags/marketing_campaign_dag.py for tasks to queue
[2026-07-09T18:31:23.588+0000] {logging_mixin.py:188} INFO - [2026-07-09T18:31:23.585+0000] {dagbag.py:540} INFO - Filling up the DagBag from /opt/airflow/dags/marketing_campaign_dag.py
[2026-07-09T18:31:23.633+0000] {processor.py:840} INFO - DAG(s) 'marketing_campaign_etl' retrieved from /opt/airflow/dags/marketing_campaign_dag.py
[2026-07-09T18:31:23.751+0000] {logging_mixin.py:188} INFO - [2026-07-09T18:31:23.750+0000] {dag.py:3047} INFO - Sync 1 DAGs
[2026-07-09T18:31:23.845+0000] {logging_mixin.py:188} INFO - [2026-07-09T18:31:23.845+0000] {dag.py:3834} INFO - Setting next_dagrun for marketing_campaign_etl to 2026-07-09 18:01:00+00:00, run_after=2026-07-09 19:01:00+00:00
[2026-07-09T18:31:23.868+0000] {processor.py:183} INFO - Processing /opt/airflow/dags/marketing_campaign_dag.py took 0.299 seconds
[2026-07-09T18:31:54.057+0000] {processor.py:161} INFO - Started process (PID=778) to work on /opt/airflow/dags/marketing_campaign_dag.py
[2026-07-09T18:31:54.061+0000] {processor.py:830} INFO - Processing file /opt/airflow/dags/marketing_campaign_dag.py for tasks to queue
[2026-07-09T18:31:54.066+0000] {logging_mixin.py:188} INFO - [2026-07-09T18:31:54.063+0000] {dagbag.py:540} INFO - Filling up the DagBag from /opt/airflow/dags/marketing_campaign_dag.py
[2026-07-09T18:31:54.144+0000] {processor.py:840} INFO - DAG(s) 'marketing_campaign_etl' retrieved from /opt/airflow/dags/marketing_campaign_dag.py
[2026-07-09T18:31:54.289+0000] {logging_mixin.py:188} INFO - [2026-07-09T18:31:54.289+0000] {dag.py:3047} INFO - Sync 1 DAGs
[2026-07-09T18:31:54.364+0000] {logging_mixin.py:188} INFO - [2026-07-09T18:31:54.364+0000] {dag.py:3834} INFO - Setting next_dagrun for marketing_campaign_etl to 2026-07-09 18:01:00+00:00, run_after=2026-07-09 19:01:00+00:00
[2026-07-09T18:31:54.395+0000] {processor.py:183} INFO - Processing /opt/airflow/dags/marketing_campaign_dag.py took 0.356 seconds
[2026-07-09T18:32:24.560+0000] {processor.py:161} INFO - Started process (PID=783) to work on /opt/airflow/dags/marketing_campaign_dag.py
[2026-07-09T18:32:24.562+0000] {processor.py:830} INFO - Processing file /opt/airflow/dags/marketing_campaign_dag.py for tasks to queue
[2026-07-09T18:32:24.564+0000] {logging_mixin.py:188} INFO - [2026-07-09T18:32:24.563+0000] {dagbag.py:540} INFO - Filling up the DagBag from /opt/airflow/dags/marketing_campaign_dag.py
[2026-07-09T18:32:24.593+0000] {processor.py:840} INFO - DAG(s) 'marketing_campaign_etl' retrieved from /opt/airflow/dags/marketing_campaign_dag.py
[2026-07-09T18:32:24.659+0000] {logging_mixin.py:188} INFO - [2026-07-09T18:32:24.659+0000] {dag.py:3047} INFO - Sync 1 DAGs
[2026-07-09T18:32:24.694+0000] {logging_mixin.py:188} INFO - [2026-07-09T18:32:24.694+0000] {dag.py:3834} INFO - Setting next_dagrun for marketing_campaign_etl to 2026-07-09 18:01:00+00:00, run_after=2026-07-09 19:01:00+00:00
[2026-07-09T18:32:24.720+0000] {processor.py:183} INFO - Processing /opt/airflow/dags/marketing_campaign_dag.py took 0.167 seconds
[2026-07-09T18:32:54.822+0000] {processor.py:161} INFO - Started process (PID=788) to work on /opt/airflow/dags/marketing_campaign_dag.py
[2026-07-09T18:32:54.825+0000] {processor.py:830} INFO - Processing file /opt/airflow/dags/marketing_campaign_dag.py for tasks to queue
[2026-07-09T18:32:54.828+0000] {logging_mixin.py:188} INFO - [2026-07-09T18:32:54.826+0000] {dagbag.py:540} INFO - Filling up the DagBag from /opt/airflow/dags/marketing_campaign_dag.py
[2026-07-09T18:32:54.871+0000] {processor.py:840} INFO - DAG(s) 'marketing_campaign_etl' retrieved from /opt/airflow/dags/marketing_campaign_dag.py
[2026-07-09T18:32:54.985+0000] {logging_mixin.py:188} INFO - [2026-07-09T18:32:54.985+0000] {dag.py:3047} INFO - Sync 1 DAGs
[2026-07-09T18:32:55.026+0000] {logging_mixin.py:188} INFO - [2026-07-09T18:32:55.026+0000] {dag.py:3834} INFO - Setting next_dagrun for marketing_campaign_etl to 2026-07-09 18:01:00+00:00, run_after=2026-07-09 19:01:00+00:00
[2026-07-09T18:32:55.054+0000] {processor.py:183} INFO - Processing /opt/airflow/dags/marketing_campaign_dag.py took 0.242 seconds
[2026-07-09T18:33:25.236+0000] {processor.py:161} INFO - Started process (PID=793) to work on /opt/airflow/dags/marketing_campaign_dag.py
[2026-07-09T18:33:25.239+0000] {processor.py:830} INFO - Processing file /opt/airflow/dags/marketing_campaign_dag.py for tasks to queue
[2026-07-09T18:33:25.242+0000] {logging_mixin.py:188} INFO - [2026-07-09T18:33:25.239+0000] {dagbag.py:540} INFO - Filling up the DagBag from /opt/airflow/dags/marketing_campaign_dag.py
[2026-07-09T18:33:25.282+0000] {processor.py:840} INFO - DAG(s) 'marketing_campaign_etl' retrieved from /opt/airflow/dags/marketing_campaign_dag.py
[2026-07-09T18:33:25.390+0000] {logging_mixin.py:188} INFO - [2026-07-09T18:33:25.390+0000] {dag.py:3047} INFO - Sync 1 DAGs
[2026-07-09T18:33:25.442+0000] {logging_mixin.py:188} INFO - [2026-07-09T18:33:25.442+0000] {dag.py:3834} INFO - Setting next_dagrun for marketing_campaign_etl to 2026-07-09 18:01:00+00:00, run_after=2026-07-09 19:01:00+00:00
[2026-07-09T18:33:25.482+0000] {processor.py:183} INFO - Processing /opt/airflow/dags/marketing_campaign_dag.py took 0.254 seconds
[2026-07-09T18:33:55.668+0000] {processor.py:161} INFO - Started process (PID=798) to work on /opt/airflow/dags/marketing_campaign_dag.py
[2026-07-09T18:33:55.671+0000] {processor.py:830} INFO - Processing file /opt/airflow/dags/marketing_campaign_dag.py for tasks to queue
[2026-07-09T18:33:55.674+0000] {logging_mixin.py:188} INFO - [2026-07-09T18:33:55.672+0000] {dagbag.py:540} INFO - Filling up the DagBag from /opt/airflow/dags/marketing_campaign_dag.py
[2026-07-09T18:33:55.714+0000] {processor.py:840} INFO - DAG(s) 'marketing_campaign_etl' retrieved from /opt/airflow/dags/marketing_campaign_dag.py
[2026-07-09T18:33:55.823+0000] {logging_mixin.py:188} INFO - [2026-07-09T18:33:55.823+0000] {dag.py:3047} INFO - Sync 1 DAGs
[2026-07-09T18:33:55.871+0000] {logging_mixin.py:188} INFO - [2026-07-09T18:33:55.871+0000] {dag.py:3834} INFO - Setting next_dagrun for marketing_campaign_etl to 2026-07-09 18:01:00+00:00, run_after=2026-07-09 19:01:00+00:00
[2026-07-09T18:33:55.897+0000] {processor.py:183} INFO - Processing /opt/airflow/dags/marketing_campaign_dag.py took 0.238 seconds
[2026-07-09T18:34:26.804+0000] {processor.py:161} INFO - Started process (PID=803) to work on /opt/airflow/dags/marketing_campaign_dag.py
[2026-07-09T18:34:26.807+0000] {processor.py:830} INFO - Processing file /opt/airflow/dags/marketing_campaign_dag.py for tasks to queue
[2026-07-09T18:34:26.812+0000] {logging_mixin.py:188} INFO - [2026-07-09T18:34:26.808+0000] {dagbag.py:540} INFO - Filling up the DagBag from /opt/airflow/dags/marketing_campaign_dag.py
[2026-07-09T18:34:26.862+0000] {processor.py:840} INFO - DAG(s) 'marketing_campaign_etl' retrieved from /opt/airflow/dags/marketing_campaign_dag.py
[2026-07-09T18:34:27.054+0000] {logging_mixin.py:188} INFO - [2026-07-09T18:34:27.050+0000] {dag.py:3047} INFO - Sync 1 DAGs
[2026-07-09T18:34:27.103+0000] {logging_mixin.py:188} INFO - [2026-07-09T18:34:27.102+0000] {dag.py:3834} INFO - Setting next_dagrun for marketing_campaign_etl to 2026-07-09 18:01:00+00:00, run_after=2026-07-09 19:01:00+00:00
[2026-07-09T18:34:27.128+0000] {processor.py:183} INFO - Processing /opt/airflow/dags/marketing_campaign_dag.py took 0.340 seconds
[2026-07-09T18:34:57.475+0000] {processor.py:161} INFO - Started process (PID=808) to work on /opt/airflow/dags/marketing_campaign_dag.py
[2026-07-09T18:34:57.487+0000] {processor.py:830} INFO - Processing file /opt/airflow/dags/marketing_campaign_dag.py for tasks to queue
[2026-07-09T18:34:57.512+0000] {logging_mixin.py:188} INFO - [2026-07-09T18:34:57.487+0000] {dagbag.py:540} INFO - Filling up the DagBag from /opt/airflow/dags/marketing_campaign_dag.py
[2026-07-09T18:34:57.792+0000] {processor.py:840} INFO - DAG(s) 'marketing_campaign_etl' retrieved from /opt/airflow/dags/marketing_campaign_dag.py
[2026-07-09T18:34:59.969+0000] {logging_mixin.py:188} INFO - [2026-07-09T18:34:59.896+0000] {dag.py:3047} INFO - Sync 1 DAGs
[2026-07-09T18:35:00.719+0000] {logging_mixin.py:188} INFO - [2026-07-09T18:35:00.639+0000] {dag.py:3834} INFO - Setting next_dagrun for marketing_campaign_etl to 2026-07-09 18:01:00+00:00, run_after=2026-07-09 19:01:00+00:00
[2026-07-09T18:35:02.438+0000] {processor.py:183} INFO - Processing /opt/airflow/dags/marketing_campaign_dag.py took 4.997 seconds
[2026-07-09T18:35:33.025+0000] {processor.py:161} INFO - Started process (PID=813) to work on /opt/airflow/dags/marketing_campaign_dag.py
[2026-07-09T18:35:33.030+0000] {processor.py:830} INFO - Processing file /opt/airflow/dags/marketing_campaign_dag.py for tasks to queue
[2026-07-09T18:35:33.043+0000] {logging_mixin.py:188} INFO - [2026-07-09T18:35:33.035+0000] {dagbag.py:540} INFO - Filling up the DagBag from /opt/airflow/dags/marketing_campaign_dag.py
[2026-07-09T18:35:33.291+0000] {processor.py:840} INFO - DAG(s) 'marketing_campaign_etl' retrieved from /opt/airflow/dags/marketing_campaign_dag.py
[2026-07-09T18:35:33.580+0000] {logging_mixin.py:188} INFO - [2026-07-09T18:35:33.579+0000] {dag.py:3047} INFO - Sync 1 DAGs
[2026-07-09T18:35:33.716+0000] {logging_mixin.py:188} INFO - [2026-07-09T18:35:33.716+0000] {dag.py:3834} INFO - Setting next_dagrun for marketing_campaign_etl to 2026-07-09 18:01:00+00:00, run_after=2026-07-09 19:01:00+00:00
[2026-07-09T18:35:33.778+0000] {processor.py:183} INFO - Processing /opt/airflow/dags/marketing_campaign_dag.py took 0.799 seconds
[2026-07-09T18:36:14.925+0000] {processor.py:161} INFO - Started process (PID=818) to work on /opt/airflow/dags/marketing_campaign_dag.py
[2026-07-09T18:36:15.919+0000] {processor.py:830} INFO - Processing file /opt/airflow/dags/marketing_campaign_dag.py for tasks to queue
[2026-07-09T18:36:18.936+0000] {logging_mixin.py:188} INFO - [2026-07-09T18:36:17.784+0000] {dagbag.py:540} INFO - Filling up the DagBag from /opt/airflow/dags/marketing_campaign_dag.py
[2026-07-09T18:36:22.078+0000] {processor.py:840} INFO - DAG(s) 'marketing_campaign_etl' retrieved from /opt/airflow/dags/marketing_campaign_dag.py
[2026-07-09T18:36:23.146+0000] {logging_mixin.py:188} INFO - [2026-07-09T18:36:23.124+0000] {dag.py:3047} INFO - Sync 1 DAGs
[2026-07-09T18:36:23.368+0000] {logging_mixin.py:188} INFO - [2026-07-09T18:36:23.368+0000] {dag.py:3834} INFO - Setting next_dagrun for marketing_campaign_etl to 2026-07-09 18:01:00+00:00, run_after=2026-07-09 19:01:00+00:00
[2026-07-09T18:36:23.461+0000] {processor.py:183} INFO - Processing /opt/airflow/dags/marketing_campaign_dag.py took 12.874 seconds
[2026-07-09T18:36:53.705+0000] {processor.py:161} INFO - Started process (PID=823) to work on /opt/airflow/dags/marketing_campaign_dag.py
[2026-07-09T18:36:53.709+0000] {processor.py:830} INFO - Processing file /opt/airflow/dags/marketing_campaign_dag.py for tasks to queue
[2026-07-09T18:36:53.716+0000] {logging_mixin.py:188} INFO - [2026-07-09T18:36:53.713+0000] {dagbag.py:540} INFO - Filling up the DagBag from /opt/airflow/dags/marketing_campaign_dag.py
[2026-07-09T18:36:53.883+0000] {processor.py:840} INFO - DAG(s) 'marketing_campaign_etl' retrieved from /opt/airflow/dags/marketing_campaign_dag.py
[2026-07-09T18:36:54.077+0000] {logging_mixin.py:188} INFO - [2026-07-09T18:36:54.076+0000] {dag.py:3047} INFO - Sync 1 DAGs
[2026-07-09T18:36:54.134+0000] {logging_mixin.py:188} INFO - [2026-07-09T18:36:54.134+0000] {dag.py:3834} INFO - Setting next_dagrun for marketing_campaign_etl to 2026-07-09 18:01:00+00:00, run_after=2026-07-09 19:01:00+00:00
[2026-07-09T18:36:54.176+0000] {processor.py:183} INFO - Processing /opt/airflow/dags/marketing_campaign_dag.py took 0.499 seconds
[2026-07-09T18:37:24.360+0000] {processor.py:161} INFO - Started process (PID=828) to work on /opt/airflow/dags/marketing_campaign_dag.py
[2026-07-09T18:37:24.362+0000] {processor.py:830} INFO - Processing file /opt/airflow/dags/marketing_campaign_dag.py for tasks to queue
[2026-07-09T18:37:24.365+0000] {logging_mixin.py:188} INFO - [2026-07-09T18:37:24.363+0000] {dagbag.py:540} INFO - Filling up the DagBag from /opt/airflow/dags/marketing_campaign_dag.py
[2026-07-09T18:37:24.403+0000] {processor.py:840} INFO - DAG(s) 'marketing_campaign_etl' retrieved from /opt/airflow/dags/marketing_campaign_dag.py
[2026-07-09T18:37:24.529+0000] {logging_mixin.py:188} INFO - [2026-07-09T18:37:24.528+0000] {dag.py:3047} INFO - Sync 1 DAGs
[2026-07-09T18:37:24.578+0000] {logging_mixin.py:188} INFO - [2026-07-09T18:37:24.578+0000] {dag.py:3834} INFO - Setting next_dagrun for marketing_campaign_etl to 2026-07-09 18:01:00+00:00, run_after=2026-07-09 19:01:00+00:00
[2026-07-09T18:37:24.609+0000] {processor.py:183} INFO - Processing /opt/airflow/dags/marketing_campaign_dag.py took 0.258 seconds
[2026-07-09T18:37:54.782+0000] {processor.py:161} INFO - Started process (PID=833) to work on /opt/airflow/dags/marketing_campaign_dag.py
[2026-07-09T18:37:54.784+0000] {processor.py:830} INFO - Processing file /opt/airflow/dags/marketing_campaign_dag.py for tasks to queue
[2026-07-09T18:37:54.785+0000] {logging_mixin.py:188} INFO - [2026-07-09T18:37:54.785+0000] {dagbag.py:540} INFO - Filling up the DagBag from /opt/airflow/dags/marketing_campaign_dag.py
[2026-07-09T18:37:54.812+0000] {processor.py:840} INFO - DAG(s) 'marketing_campaign_etl' retrieved from /opt/airflow/dags/marketing_campaign_dag.py
[2026-07-09T18:37:54.866+0000] {logging_mixin.py:188} INFO - [2026-07-09T18:37:54.865+0000] {dag.py:3047} INFO - Sync 1 DAGs
[2026-07-09T18:37:54.902+0000] {logging_mixin.py:188} INFO - [2026-07-09T18:37:54.902+0000] {dag.py:3834} INFO - Setting next_dagrun for marketing_campaign_etl to 2026-07-09 18:01:00+00:00, run_after=2026-07-09 19:01:00+00:00
[2026-07-09T18:37:54.924+0000] {processor.py:183} INFO - Processing /opt/airflow/dags/marketing_campaign_dag.py took 0.151 seconds
[2026-07-09T18:38:25.143+0000] {processor.py:161} INFO - Started process (PID=838) to work on /opt/airflow/dags/marketing_campaign_dag.py
[2026-07-09T18:38:25.146+0000] {processor.py:830} INFO - Processing file /opt/airflow/dags/marketing_campaign_dag.py for tasks to queue
[2026-07-09T18:38:25.150+0000] {logging_mixin.py:188} INFO - [2026-07-09T18:38:25.149+0000] {dagbag.py:540} INFO - Filling up the DagBag from /opt/airflow/dags/marketing_campaign_dag.py
[2026-07-09T18:38:25.224+0000] {processor.py:840} INFO - DAG(s) 'marketing_campaign_etl' retrieved from /opt/airflow/dags/marketing_campaign_dag.py
[2026-07-09T18:38:25.330+0000] {logging_mixin.py:188} INFO - [2026-07-09T18:38:25.329+0000] {dag.py:3047} INFO - Sync 1 DAGs
[2026-07-09T18:38:25.438+0000] {logging_mixin.py:188} INFO - [2026-07-09T18:38:25.438+0000] {dag.py:3834} INFO - Setting next_dagrun for marketing_campaign_etl to 2026-07-09 18:01:00+00:00, run_after=2026-07-09 19:01:00+00:00
[2026-07-09T18:38:25.492+0000] {processor.py:183} INFO - Processing /opt/airflow/dags/marketing_campaign_dag.py took 0.382 seconds
[2026-07-09T18:38:55.669+0000] {processor.py:161} INFO - Started process (PID=843) to work on /opt/airflow/dags/marketing_campaign_dag.py
[2026-07-09T18:38:55.670+0000] {processor.py:830} INFO - Processing file /opt/airflow/dags/marketing_campaign_dag.py for tasks to queue
[2026-07-09T18:38:55.672+0000] {logging_mixin.py:188} INFO - [2026-07-09T18:38:55.671+0000] {dagbag.py:540} INFO - Filling up the DagBag from /opt/airflow/dags/marketing_campaign_dag.py
[2026-07-09T18:38:55.701+0000] {processor.py:840} INFO - DAG(s) 'marketing_campaign_etl' retrieved from /opt/airflow/dags/marketing_campaign_dag.py
[2026-07-09T18:38:55.754+0000] {logging_mixin.py:188} INFO - [2026-07-09T18:38:55.753+0000] {dag.py:3047} INFO - Sync 1 DAGs
[2026-07-09T18:38:55.791+0000] {logging_mixin.py:188} INFO - [2026-07-09T18:38:55.791+0000] {dag.py:3834} INFO - Setting next_dagrun for marketing_campaign_etl to 2026-07-09 18:01:00+00:00, run_after=2026-07-09 19:01:00+00:00
[2026-07-09T18:38:55.817+0000] {processor.py:183} INFO - Processing /opt/airflow/dags/marketing_campaign_dag.py took 0.156 seconds
[2026-07-09T18:39:26.012+0000] {processor.py:161} INFO - Started process (PID=848) to work on /opt/airflow/dags/marketing_campaign_dag.py
[2026-07-09T18:39:26.015+0000] {processor.py:830} INFO - Processing file /opt/airflow/dags/marketing_campaign_dag.py for tasks to queue
[2026-07-09T18:39:26.019+0000] {logging_mixin.py:188} INFO - [2026-07-09T18:39:26.016+0000] {dagbag.py:540} INFO - Filling up the DagBag from /opt/airflow/dags/marketing_campaign_dag.py
[2026-07-09T18:39:26.066+0000] {processor.py:840} INFO - DAG(s) 'marketing_campaign_etl' retrieved from /opt/airflow/dags/marketing_campaign_dag.py
[2026-07-09T18:39:26.154+0000] {logging_mixin.py:188} INFO - [2026-07-09T18:39:26.153+0000] {dag.py:3047} INFO - Sync 1 DAGs
[2026-07-09T18:39:26.204+0000] {logging_mixin.py:188} INFO - [2026-07-09T18:39:26.204+0000] {dag.py:3834} INFO - Setting next_dagrun for marketing_campaign_etl to 2026-07-09 18:01:00+00:00, run_after=2026-07-09 19:01:00+00:00
[2026-07-09T18:39:26.236+0000] {processor.py:183} INFO - Processing /opt/airflow/dags/marketing_campaign_dag.py took 0.237 seconds
[2026-07-09T18:39:56.453+0000] {processor.py:161} INFO - Started process (PID=908) to work on /opt/airflow/dags/marketing_campaign_dag.py
[2026-07-09T18:39:56.457+0000] {processor.py:830} INFO - Processing file /opt/airflow/dags/marketing_campaign_dag.py for tasks to queue
[2026-07-09T18:39:56.461+0000] {logging_mixin.py:188} INFO - [2026-07-09T18:39:56.459+0000] {dagbag.py:540} INFO - Filling up the DagBag from /opt/airflow/dags/marketing_campaign_dag.py
[2026-07-09T18:39:56.520+0000] {processor.py:840} INFO - DAG(s) 'marketing_campaign_etl' retrieved from /opt/airflow/dags/marketing_campaign_dag.py
[2026-07-09T18:39:56.616+0000] {logging_mixin.py:188} INFO - [2026-07-09T18:39:56.615+0000] {dag.py:3047} INFO - Sync 1 DAGs
[2026-07-09T18:39:56.696+0000] {logging_mixin.py:188} INFO - [2026-07-09T18:39:56.696+0000] {dag.py:3834} INFO - Setting next_dagrun for marketing_campaign_etl to 2026-07-09 18:01:00+00:00, run_after=2026-07-09 19:01:00+00:00
[2026-07-09T18:39:56.735+0000] {processor.py:183} INFO - Processing /opt/airflow/dags/marketing_campaign_dag.py took 0.309 seconds
[2026-07-09T18:40:26.926+0000] {processor.py:161} INFO - Started process (PID=913) to work on /opt/airflow/dags/marketing_campaign_dag.py
[2026-07-09T18:40:26.929+0000] {processor.py:830} INFO - Processing file /opt/airflow/dags/marketing_campaign_dag.py for tasks to queue
[2026-07-09T18:40:26.934+0000] {logging_mixin.py:188} INFO - [2026-07-09T18:40:26.932+0000] {dagbag.py:540} INFO - Filling up the DagBag from /opt/airflow/dags/marketing_campaign_dag.py
[2026-07-09T18:40:27.024+0000] {processor.py:840} INFO - DAG(s) 'marketing_campaign_etl' retrieved from /opt/airflow/dags/marketing_campaign_dag.py
[2026-07-09T18:40:27.169+0000] {logging_mixin.py:188} INFO - [2026-07-09T18:40:27.169+0000] {dag.py:3047} INFO - Sync 1 DAGs
[2026-07-09T18:40:27.225+0000] {logging_mixin.py:188} INFO - [2026-07-09T18:40:27.225+0000] {dag.py:3834} INFO - Setting next_dagrun for marketing_campaign_etl to 2026-07-09 18:01:00+00:00, run_after=2026-07-09 19:01:00+00:00
[2026-07-09T18:40:27.259+0000] {processor.py:183} INFO - Processing /opt/airflow/dags/marketing_campaign_dag.py took 0.343 seconds
[2026-07-09T18:40:57.431+0000] {processor.py:161} INFO - Started process (PID=918) to work on /opt/airflow/dags/marketing_campaign_dag.py
[2026-07-09T18:40:57.433+0000] {processor.py:830} INFO - Processing file /opt/airflow/dags/marketing_campaign_dag.py for tasks to queue
[2026-07-09T18:40:57.435+0000] {logging_mixin.py:188} INFO - [2026-07-09T18:40:57.434+0000] {dagbag.py:540} INFO - Filling up the DagBag from /opt/airflow/dags/marketing_campaign_dag.py
[2026-07-09T18:40:57.461+0000] {processor.py:840} INFO - DAG(s) 'marketing_campaign_etl' retrieved from /opt/airflow/dags/marketing_campaign_dag.py
[2026-07-09T18:40:57.514+0000] {logging_mixin.py:188} INFO - [2026-07-09T18:40:57.513+0000] {dag.py:3047} INFO - Sync 1 DAGs
[2026-07-09T18:40:57.550+0000] {logging_mixin.py:188} INFO - [2026-07-09T18:40:57.550+0000] {dag.py:3834} INFO - Setting next_dagrun for marketing_campaign_etl to 2026-07-09 18:01:00+00:00, run_after=2026-07-09 19:01:00+00:00
[2026-07-09T18:40:57.574+0000] {processor.py:183} INFO - Processing /opt/airflow/dags/marketing_campaign_dag.py took 0.149 seconds
[2026-07-09T18:41:28.709+0000] {processor.py:161} INFO - Started process (PID=923) to work on /opt/airflow/dags/marketing_campaign_dag.py
[2026-07-09T18:41:28.758+0000] {processor.py:830} INFO - Processing file /opt/airflow/dags/marketing_campaign_dag.py for tasks to queue
[2026-07-09T18:41:28.945+0000] {logging_mixin.py:188} INFO - [2026-07-09T18:41:28.806+0000] {dagbag.py:540} INFO - Filling up the DagBag from /opt/airflow/dags/marketing_campaign_dag.py
[2026-07-09T18:41:31.961+0000] {processor.py:840} INFO - DAG(s) 'marketing_campaign_etl' retrieved from /opt/airflow/dags/marketing_campaign_dag.py
[2026-07-09T18:41:42.393+0000] {logging_mixin.py:188} INFO - [2026-07-09T18:41:42.118+0000] {dag.py:3047} INFO - Sync 1 DAGs
[2026-07-09T18:41:49.326+0000] {logging_mixin.py:188} INFO - [2026-07-09T18:41:49.275+0000] {dag.py:3834} INFO - Setting next_dagrun for marketing_campaign_etl to 2026-07-09 18:01:00+00:00, run_after=2026-07-09 19:01:00+00:00
[2026-07-09T18:42:00.533+0000] {processor.py:183} INFO - Processing /opt/airflow/dags/marketing_campaign_dag.py took 31.908 seconds
[2026-07-09T18:42:33.690+0000] {processor.py:161} INFO - Started process (PID=928) to work on /opt/airflow/dags/marketing_campaign_dag.py
[2026-07-09T18:42:33.702+0000] {processor.py:830} INFO - Processing file /opt/airflow/dags/marketing_campaign_dag.py for tasks to queue
[2026-07-09T18:42:33.755+0000] {logging_mixin.py:188} INFO - [2026-07-09T18:42:33.710+0000] {dagbag.py:540} INFO - Filling up the DagBag from /opt/airflow/dags/marketing_campaign_dag.py
[2026-07-09T18:42:34.091+0000] {processor.py:840} INFO - DAG(s) 'marketing_campaign_etl' retrieved from /opt/airflow/dags/marketing_campaign_dag.py
[2026-07-09T18:42:35.243+0000] {logging_mixin.py:188} INFO - [2026-07-09T18:42:35.186+0000] {dag.py:3047} INFO - Sync 1 DAGs
[2026-07-09T18:42:35.470+0000] {logging_mixin.py:188} INFO - [2026-07-09T18:42:35.425+0000] {dag.py:3834} INFO - Setting next_dagrun for marketing_campaign_etl to 2026-07-09 18:01:00+00:00, run_after=2026-07-09 19:01:00+00:00
[2026-07-09T18:42:35.650+0000] {processor.py:183} INFO - Processing /opt/airflow/dags/marketing_campaign_dag.py took 2.030 seconds
[2026-07-09T18:43:06.710+0000] {processor.py:161} INFO - Started process (PID=933) to work on /opt/airflow/dags/marketing_campaign_dag.py
[2026-07-09T18:43:06.716+0000] {processor.py:830} INFO - Processing file /opt/airflow/dags/marketing_campaign_dag.py for tasks to queue
[2026-07-09T18:43:06.725+0000] {logging_mixin.py:188} INFO - [2026-07-09T18:43:06.717+0000] {dagbag.py:540} INFO - Filling up the DagBag from /opt/airflow/dags/marketing_campaign_dag.py
[2026-07-09T18:43:06.809+0000] {processor.py:840} INFO - DAG(s) 'marketing_campaign_etl' retrieved from /opt/airflow/dags/marketing_campaign_dag.py
[2026-07-09T18:43:07.074+0000] {logging_mixin.py:188} INFO - [2026-07-09T18:43:07.057+0000] {dag.py:3047} INFO - Sync 1 DAGs
[2026-07-09T18:43:07.192+0000] {logging_mixin.py:188} INFO - [2026-07-09T18:43:07.187+0000] {dag.py:3834} INFO - Setting next_dagrun for marketing_campaign_etl to 2026-07-09 18:01:00+00:00, run_after=2026-07-09 19:01:00+00:00
[2026-07-09T18:43:07.307+0000] {processor.py:183} INFO - Processing /opt/airflow/dags/marketing_campaign_dag.py took 0.613 seconds
[2026-07-09T18:43:38.198+0000] {processor.py:161} INFO - Started process (PID=938) to work on /opt/airflow/dags/marketing_campaign_dag.py
[2026-07-09T18:43:38.199+0000] {processor.py:830} INFO - Processing file /opt/airflow/dags/marketing_campaign_dag.py for tasks to queue
[2026-07-09T18:43:38.202+0000] {logging_mixin.py:188} INFO - [2026-07-09T18:43:38.200+0000] {dagbag.py:540} INFO - Filling up the DagBag from /opt/airflow/dags/marketing_campaign_dag.py
[2026-07-09T18:43:38.249+0000] {processor.py:840} INFO - DAG(s) 'marketing_campaign_etl' retrieved from /opt/airflow/dags/marketing_campaign_dag.py
[2026-07-09T18:43:38.351+0000] {logging_mixin.py:188} INFO - [2026-07-09T18:43:38.350+0000] {dag.py:3047} INFO - Sync 1 DAGs
[2026-07-09T18:43:38.399+0000] {logging_mixin.py:188} INFO - [2026-07-09T18:43:38.399+0000] {dag.py:3834} INFO - Setting next_dagrun for marketing_campaign_etl to 2026-07-09 18:01:00+00:00, run_after=2026-07-09 19:01:00+00:00
[2026-07-09T18:43:38.426+0000] {processor.py:183} INFO - Processing /opt/airflow/dags/marketing_campaign_dag.py took 0.238 seconds
[2026-07-09T18:44:08.599+0000] {processor.py:161} INFO - Started process (PID=943) to work on /opt/airflow/dags/marketing_campaign_dag.py
[2026-07-09T18:44:08.600+0000] {processor.py:830} INFO - Processing file /opt/airflow/dags/marketing_campaign_dag.py for tasks to queue
[2026-07-09T18:44:08.602+0000] {logging_mixin.py:188} INFO - [2026-07-09T18:44:08.601+0000] {dagbag.py:540} INFO - Filling up the DagBag from /opt/airflow/dags/marketing_campaign_dag.py
[2026-07-09T18:44:08.634+0000] {processor.py:840} INFO - DAG(s) 'marketing_campaign_etl' retrieved from /opt/airflow/dags/marketing_campaign_dag.py
[2026-07-09T18:44:08.695+0000] {logging_mixin.py:188} INFO - [2026-07-09T18:44:08.695+0000] {dag.py:3047} INFO - Sync 1 DAGs
[2026-07-09T18:44:08.732+0000] {logging_mixin.py:188} INFO - [2026-07-09T18:44:08.732+0000] {dag.py:3834} INFO - Setting next_dagrun for marketing_campaign_etl to 2026-07-09 18:01:00+00:00, run_after=2026-07-09 19:01:00+00:00
[2026-07-09T18:44:08.755+0000] {processor.py:183} INFO - Processing /opt/airflow/dags/marketing_campaign_dag.py took 0.163 seconds
[2026-07-09T18:44:38.925+0000] {processor.py:161} INFO - Started process (PID=948) to work on /opt/airflow/dags/marketing_campaign_dag.py
[2026-07-09T18:44:38.926+0000] {processor.py:830} INFO - Processing file /opt/airflow/dags/marketing_campaign_dag.py for tasks to queue
[2026-07-09T18:44:38.930+0000] {logging_mixin.py:188} INFO - [2026-07-09T18:44:38.927+0000] {dagbag.py:540} INFO - Filling up the DagBag from /opt/airflow/dags/marketing_campaign_dag.py
[2026-07-09T18:44:38.983+0000] {processor.py:840} INFO - DAG(s) 'marketing_campaign_etl' retrieved from /opt/airflow/dags/marketing_campaign_dag.py
[2026-07-09T18:44:39.083+0000] {logging_mixin.py:188} INFO - [2026-07-09T18:44:39.083+0000] {dag.py:3047} INFO - Sync 1 DAGs
[2026-07-09T18:44:39.139+0000] {logging_mixin.py:188} INFO - [2026-07-09T18:44:39.138+0000] {dag.py:3834} INFO - Setting next_dagrun for marketing_campaign_etl to 2026-07-09 18:01:00+00:00, run_after=2026-07-09 19:01:00+00:00
[2026-07-09T18:44:39.170+0000] {processor.py:183} INFO - Processing /opt/airflow/dags/marketing_campaign_dag.py took 0.255 seconds
[2026-07-09T18:45:09.344+0000] {processor.py:161} INFO - Started process (PID=953) to work on /opt/airflow/dags/marketing_campaign_dag.py
[2026-07-09T18:45:09.345+0000] {processor.py:830} INFO - Processing file /opt/airflow/dags/marketing_campaign_dag.py for tasks to queue
[2026-07-09T18:45:09.347+0000] {logging_mixin.py:188} INFO - [2026-07-09T18:45:09.346+0000] {dagbag.py:540} INFO - Filling up the DagBag from /opt/airflow/dags/marketing_campaign_dag.py
[2026-07-09T18:45:09.375+0000] {processor.py:840} INFO - DAG(s) 'marketing_campaign_etl' retrieved from /opt/airflow/dags/marketing_campaign_dag.py
[2026-07-09T18:45:09.439+0000] {logging_mixin.py:188} INFO - [2026-07-09T18:45:09.438+0000] {dag.py:3047} INFO - Sync 1 DAGs
[2026-07-09T18:45:09.479+0000] {logging_mixin.py:188} INFO - [2026-07-09T18:45:09.479+0000] {dag.py:3834} INFO - Setting next_dagrun for marketing_campaign_etl to 2026-07-09 18:01:00+00:00, run_after=2026-07-09 19:01:00+00:00
[2026-07-09T18:45:09.509+0000] {processor.py:183} INFO - Processing /opt/airflow/dags/marketing_campaign_dag.py took 0.171 seconds
[2026-07-09T18:45:39.659+0000] {processor.py:161} INFO - Started process (PID=1013) to work on /opt/airflow/dags/marketing_campaign_dag.py
[2026-07-09T18:45:39.661+0000] {processor.py:830} INFO - Processing file /opt/airflow/dags/marketing_campaign_dag.py for tasks to queue
[2026-07-09T18:45:39.663+0000] {logging_mixin.py:188} INFO - [2026-07-09T18:45:39.662+0000] {dagbag.py:540} INFO - Filling up the DagBag from /opt/airflow/dags/marketing_campaign_dag.py
[2026-07-09T18:45:39.698+0000] {processor.py:840} INFO - DAG(s) 'marketing_campaign_etl' retrieved from /opt/airflow/dags/marketing_campaign_dag.py
[2026-07-09T18:45:39.764+0000] {logging_mixin.py:188} INFO - [2026-07-09T18:45:39.764+0000] {dag.py:3047} INFO - Sync 1 DAGs
[2026-07-09T18:45:39.804+0000] {logging_mixin.py:188} INFO - [2026-07-09T18:45:39.804+0000] {dag.py:3834} INFO - Setting next_dagrun for marketing_campaign_etl to 2026-07-09 18:01:00+00:00, run_after=2026-07-09 19:01:00+00:00
[2026-07-09T18:45:39.832+0000] {processor.py:183} INFO - Processing /opt/airflow/dags/marketing_campaign_dag.py took 0.183 seconds
[2026-07-09T18:46:10.208+0000] {processor.py:161} INFO - Started process (PID=1018) to work on /opt/airflow/dags/marketing_campaign_dag.py
[2026-07-09T18:46:10.210+0000] {processor.py:830} INFO - Processing file /opt/airflow/dags/marketing_campaign_dag.py for tasks to queue
[2026-07-09T18:46:10.211+0000] {logging_mixin.py:188} INFO - [2026-07-09T18:46:10.211+0000] {dagbag.py:540} INFO - Filling up the DagBag from /opt/airflow/dags/marketing_campaign_dag.py
[2026-07-09T18:46:10.236+0000] {processor.py:840} INFO - DAG(s) 'marketing_campaign_etl' retrieved from /opt/airflow/dags/marketing_campaign_dag.py
[2026-07-09T18:46:10.285+0000] {logging_mixin.py:188} INFO - [2026-07-09T18:46:10.283+0000] {dag.py:3047} INFO - Sync 1 DAGs
[2026-07-09T18:46:10.323+0000] {logging_mixin.py:188} INFO - [2026-07-09T18:46:10.323+0000] {dag.py:3834} INFO - Setting next_dagrun for marketing_campaign_etl to 2026-07-09 18:01:00+00:00, run_after=2026-07-09 19:01:00+00:00
[2026-07-09T18:46:10.348+0000] {processor.py:183} INFO - Processing /opt/airflow/dags/marketing_campaign_dag.py took 0.146 seconds
[2026-07-09T18:46:40.509+0000] {processor.py:161} INFO - Started process (PID=1023) to work on /opt/airflow/dags/marketing_campaign_dag.py
[2026-07-09T18:46:40.510+0000] {processor.py:830} INFO - Processing file /opt/airflow/dags/marketing_campaign_dag.py for tasks to queue
[2026-07-09T18:46:40.512+0000] {logging_mixin.py:188} INFO - [2026-07-09T18:46:40.511+0000] {dagbag.py:540} INFO - Filling up the DagBag from /opt/airflow/dags/marketing_campaign_dag.py
[2026-07-09T18:46:40.537+0000] {processor.py:840} INFO - DAG(s) 'marketing_campaign_etl' retrieved from /opt/airflow/dags/marketing_campaign_dag.py
[2026-07-09T18:46:40.589+0000] {logging_mixin.py:188} INFO - [2026-07-09T18:46:40.588+0000] {dag.py:3047} INFO - Sync 1 DAGs
[2026-07-09T18:46:40.626+0000] {logging_mixin.py:188} INFO - [2026-07-09T18:46:40.626+0000] {dag.py:3834} INFO - Setting next_dagrun for marketing_campaign_etl to 2026-07-09 18:01:00+00:00, run_after=2026-07-09 19:01:00+00:00
[2026-07-09T18:46:40.652+0000] {processor.py:183} INFO - Processing /opt/airflow/dags/marketing_campaign_dag.py took 0.149 seconds
[2026-07-09T18:47:10.824+0000] {processor.py:161} INFO - Started process (PID=1028) to work on /opt/airflow/dags/marketing_campaign_dag.py
[2026-07-09T18:47:10.826+0000] {processor.py:830} INFO - Processing file /opt/airflow/dags/marketing_campaign_dag.py for tasks to queue
[2026-07-09T18:47:10.829+0000] {logging_mixin.py:188} INFO - [2026-07-09T18:47:10.827+0000] {dagbag.py:540} INFO - Filling up the DagBag from /opt/airflow/dags/marketing_campaign_dag.py
[2026-07-09T18:47:10.865+0000] {processor.py:840} INFO - DAG(s) 'marketing_campaign_etl' retrieved from /opt/airflow/dags/marketing_campaign_dag.py
[2026-07-09T18:47:10.927+0000] {logging_mixin.py:188} INFO - [2026-07-09T18:47:10.926+0000] {dag.py:3047} INFO - Sync 1 DAGs
[2026-07-09T18:47:10.969+0000] {logging_mixin.py:188} INFO - [2026-07-09T18:47:10.969+0000] {dag.py:3834} INFO - Setting next_dagrun for marketing_campaign_etl to 2026-07-09 18:01:00+00:00, run_after=2026-07-09 19:01:00+00:00
[2026-07-09T18:47:10.994+0000] {processor.py:183} INFO - Processing /opt/airflow/dags/marketing_campaign_dag.py took 0.179 seconds
[2026-07-09T18:47:41.162+0000] {processor.py:161} INFO - Started process (PID=1033) to work on /opt/airflow/dags/marketing_campaign_dag.py
[2026-07-09T18:47:41.164+0000] {processor.py:830} INFO - Processing file /opt/airflow/dags/marketing_campaign_dag.py for tasks to queue
[2026-07-09T18:47:41.166+0000] {logging_mixin.py:188} INFO - [2026-07-09T18:47:41.165+0000] {dagbag.py:540} INFO - Filling up the DagBag from /opt/airflow/dags/marketing_campaign_dag.py
[2026-07-09T18:47:41.210+0000] {processor.py:840} INFO - DAG(s) 'marketing_campaign_etl' retrieved from /opt/airflow/dags/marketing_campaign_dag.py
[2026-07-09T18:47:41.282+0000] {logging_mixin.py:188} INFO - [2026-07-09T18:47:41.281+0000] {dag.py:3047} INFO - Sync 1 DAGs
[2026-07-09T18:47:41.331+0000] {logging_mixin.py:188} INFO - [2026-07-09T18:47:41.331+0000] {dag.py:3834} INFO - Setting next_dagrun for marketing_campaign_etl to 2026-07-09 18:01:00+00:00, run_after=2026-07-09 19:01:00+00:00
[2026-07-09T18:47:41.358+0000] {processor.py:183} INFO - Processing /opt/airflow/dags/marketing_campaign_dag.py took 0.204 seconds
[2026-07-09T18:48:11.523+0000] {processor.py:161} INFO - Started process (PID=1038) to work on /opt/airflow/dags/marketing_campaign_dag.py
[2026-07-09T18:48:11.525+0000] {processor.py:830} INFO - Processing file /opt/airflow/dags/marketing_campaign_dag.py for tasks to queue
[2026-07-09T18:48:11.526+0000] {logging_mixin.py:188} INFO - [2026-07-09T18:48:11.526+0000] {dagbag.py:540} INFO - Filling up the DagBag from /opt/airflow/dags/marketing_campaign_dag.py
[2026-07-09T18:48:11.552+0000] {processor.py:840} INFO - DAG(s) 'marketing_campaign_etl' retrieved from /opt/airflow/dags/marketing_campaign_dag.py
[2026-07-09T18:48:11.600+0000] {logging_mixin.py:188} INFO - [2026-07-09T18:48:11.600+0000] {dag.py:3047} INFO - Sync 1 DAGs
[2026-07-09T18:48:11.635+0000] {logging_mixin.py:188} INFO - [2026-07-09T18:48:11.635+0000] {dag.py:3834} INFO - Setting next_dagrun for marketing_campaign_etl to 2026-07-09 18:01:00+00:00, run_after=2026-07-09 19:01:00+00:00
[2026-07-09T18:48:11.659+0000] {processor.py:183} INFO - Processing /opt/airflow/dags/marketing_campaign_dag.py took 0.142 seconds
[2026-07-09T18:48:41.827+0000] {processor.py:161} INFO - Started process (PID=1043) to work on /opt/airflow/dags/marketing_campaign_dag.py
[2026-07-09T18:48:41.829+0000] {processor.py:830} INFO - Processing file /opt/airflow/dags/marketing_campaign_dag.py for tasks to queue
[2026-07-09T18:48:41.831+0000] {logging_mixin.py:188} INFO - [2026-07-09T18:48:41.830+0000] {dagbag.py:540} INFO - Filling up the DagBag from /opt/airflow/dags/marketing_campaign_dag.py
[2026-07-09T18:48:41.861+0000] {processor.py:840} INFO - DAG(s) 'marketing_campaign_etl' retrieved from /opt/airflow/dags/marketing_campaign_dag.py
[2026-07-09T18:48:41.920+0000] {logging_mixin.py:188} INFO - [2026-07-09T18:48:41.919+0000] {dag.py:3047} INFO - Sync 1 DAGs
[2026-07-09T18:48:41.962+0000] {logging_mixin.py:188} INFO - [2026-07-09T18:48:41.962+0000] {dag.py:3834} INFO - Setting next_dagrun for marketing_campaign_etl to 2026-07-09 18:01:00+00:00, run_after=2026-07-09 19:01:00+00:00
[2026-07-09T18:48:41.990+0000] {processor.py:183} INFO - Processing /opt/airflow/dags/marketing_campaign_dag.py took 0.171 seconds
[2026-07-09T18:49:12.158+0000] {processor.py:161} INFO - Started process (PID=1048) to work on /opt/airflow/dags/marketing_campaign_dag.py
[2026-07-09T18:49:12.160+0000] {processor.py:830} INFO - Processing file /opt/airflow/dags/marketing_campaign_dag.py for tasks to queue
[2026-07-09T18:49:12.161+0000] {logging_mixin.py:188} INFO - [2026-07-09T18:49:12.161+0000] {dagbag.py:540} INFO - Filling up the DagBag from /opt/airflow/dags/marketing_campaign_dag.py
[2026-07-09T18:49:12.190+0000] {processor.py:840} INFO - DAG(s) 'marketing_campaign_etl' retrieved from /opt/airflow/dags/marketing_campaign_dag.py
[2026-07-09T18:49:12.242+0000] {logging_mixin.py:188} INFO - [2026-07-09T18:49:12.242+0000] {dag.py:3047} INFO - Sync 1 DAGs
[2026-07-09T18:49:12.279+0000] {logging_mixin.py:188} INFO - [2026-07-09T18:49:12.279+0000] {dag.py:3834} INFO - Setting next_dagrun for marketing_campaign_etl to 2026-07-09 18:01:00+00:00, run_after=2026-07-09 19:01:00+00:00
[2026-07-09T18:49:12.309+0000] {processor.py:183} INFO - Processing /opt/airflow/dags/marketing_campaign_dag.py took 0.159 seconds
[2026-07-09T18:49:42.481+0000] {processor.py:161} INFO - Started process (PID=1053) to work on /opt/airflow/dags/marketing_campaign_dag.py
[2026-07-09T18:49:42.482+0000] {processor.py:830} INFO - Processing file /opt/airflow/dags/marketing_campaign_dag.py for tasks to queue
[2026-07-09T18:49:42.486+0000] {logging_mixin.py:188} INFO - [2026-07-09T18:49:42.483+0000] {dagbag.py:540} INFO - Filling up the DagBag from /opt/airflow/dags/marketing_campaign_dag.py
[2026-07-09T18:49:42.518+0000] {processor.py:840} INFO - DAG(s) 'marketing_campaign_etl' retrieved from /opt/airflow/dags/marketing_campaign_dag.py
[2026-07-09T18:49:42.584+0000] {logging_mixin.py:188} INFO - [2026-07-09T18:49:42.583+0000] {dag.py:3047} INFO - Sync 1 DAGs
[2026-07-09T18:49:42.622+0000] {logging_mixin.py:188} INFO - [2026-07-09T18:49:42.622+0000] {dag.py:3834} INFO - Setting next_dagrun for marketing_campaign_etl to 2026-07-09 18:01:00+00:00, run_after=2026-07-09 19:01:00+00:00
[2026-07-09T18:49:42.648+0000] {processor.py:183} INFO - Processing /opt/airflow/dags/marketing_campaign_dag.py took 0.177 seconds
[2026-07-09T18:50:12.811+0000] {processor.py:161} INFO - Started process (PID=1058) to work on /opt/airflow/dags/marketing_campaign_dag.py
[2026-07-09T18:50:12.813+0000] {processor.py:830} INFO - Processing file /opt/airflow/dags/marketing_campaign_dag.py for tasks to queue
[2026-07-09T18:50:12.814+0000] {logging_mixin.py:188} INFO - [2026-07-09T18:50:12.813+0000] {dagbag.py:540} INFO - Filling up the DagBag from /opt/airflow/dags/marketing_campaign_dag.py
[2026-07-09T18:50:12.838+0000] {processor.py:840} INFO - DAG(s) 'marketing_campaign_etl' retrieved from /opt/airflow/dags/marketing_campaign_dag.py
[2026-07-09T18:50:12.887+0000] {logging_mixin.py:188} INFO - [2026-07-09T18:50:12.887+0000] {dag.py:3047} INFO - Sync 1 DAGs
[2026-07-09T18:50:12.926+0000] {logging_mixin.py:188} INFO - [2026-07-09T18:50:12.926+0000] {dag.py:3834} INFO - Setting next_dagrun for marketing_campaign_etl to 2026-07-09 18:01:00+00:00, run_after=2026-07-09 19:01:00+00:00
[2026-07-09T18:50:12.955+0000] {processor.py:183} INFO - Processing /opt/airflow/dags/marketing_campaign_dag.py took 0.150 seconds
[2026-07-09T18:50:43.157+0000] {processor.py:161} INFO - Started process (PID=1063) to work on /opt/airflow/dags/marketing_campaign_dag.py
[2026-07-09T18:50:43.160+0000] {processor.py:830} INFO - Processing file /opt/airflow/dags/marketing_campaign_dag.py for tasks to queue
[2026-07-09T18:50:43.165+0000] {logging_mixin.py:188} INFO - [2026-07-09T18:50:43.163+0000] {dagbag.py:540} INFO - Filling up the DagBag from /opt/airflow/dags/marketing_campaign_dag.py
[2026-07-09T18:50:43.262+0000] {processor.py:840} INFO - DAG(s) 'marketing_campaign_etl' retrieved from /opt/airflow/dags/marketing_campaign_dag.py
[2026-07-09T18:50:43.382+0000] {logging_mixin.py:188} INFO - [2026-07-09T18:50:43.381+0000] {dag.py:3047} INFO - Sync 1 DAGs
[2026-07-09T18:50:43.459+0000] {logging_mixin.py:188} INFO - [2026-07-09T18:50:43.459+0000] {dag.py:3834} INFO - Setting next_dagrun for marketing_campaign_etl to 2026-07-09 18:01:00+00:00, run_after=2026-07-09 19:01:00+00:00
[2026-07-09T18:50:43.498+0000] {processor.py:183} INFO - Processing /opt/airflow/dags/marketing_campaign_dag.py took 0.366 seconds
[2026-07-09T18:51:13.676+0000] {processor.py:161} INFO - Started process (PID=1068) to work on /opt/airflow/dags/marketing_campaign_dag.py
[2026-07-09T18:51:13.677+0000] {processor.py:830} INFO - Processing file /opt/airflow/dags/marketing_campaign_dag.py for tasks to queue
[2026-07-09T18:51:13.679+0000] {logging_mixin.py:188} INFO - [2026-07-09T18:51:13.678+0000] {dagbag.py:540} INFO - Filling up the DagBag from /opt/airflow/dags/marketing_campaign_dag.py
[2026-07-09T18:51:13.723+0000] {processor.py:840} INFO - DAG(s) 'marketing_campaign_etl' retrieved from /opt/airflow/dags/marketing_campaign_dag.py
[2026-07-09T18:51:13.787+0000] {logging_mixin.py:188} INFO - [2026-07-09T18:51:13.787+0000] {dag.py:3047} INFO - Sync 1 DAGs
[2026-07-09T18:51:13.831+0000] {logging_mixin.py:188} INFO - [2026-07-09T18:51:13.831+0000] {dag.py:3834} INFO - Setting next_dagrun for marketing_campaign_etl to 2026-07-09 18:01:00+00:00, run_after=2026-07-09 19:01:00+00:00
[2026-07-09T18:51:13.858+0000] {processor.py:183} INFO - Processing /opt/airflow/dags/marketing_campaign_dag.py took 0.189 seconds
[2026-07-09T18:51:44.026+0000] {processor.py:161} INFO - Started process (PID=1073) to work on /opt/airflow/dags/marketing_campaign_dag.py
[2026-07-09T18:51:44.028+0000] {processor.py:830} INFO - Processing file /opt/airflow/dags/marketing_campaign_dag.py for tasks to queue
[2026-07-09T18:51:44.029+0000] {logging_mixin.py:188} INFO - [2026-07-09T18:51:44.029+0000] {dagbag.py:540} INFO - Filling up the DagBag from /opt/airflow/dags/marketing_campaign_dag.py
[2026-07-09T18:51:44.063+0000] {processor.py:840} INFO - DAG(s) 'marketing_campaign_etl' retrieved from /opt/airflow/dags/marketing_campaign_dag.py
[2026-07-09T18:51:44.130+0000] {logging_mixin.py:188} INFO - [2026-07-09T18:51:44.129+0000] {dag.py:3047} INFO - Sync 1 DAGs
[2026-07-09T18:51:44.172+0000] {logging_mixin.py:188} INFO - [2026-07-09T18:51:44.171+0000] {dag.py:3834} INFO - Setting next_dagrun for marketing_campaign_etl to 2026-07-09 18:01:00+00:00, run_after=2026-07-09 19:01:00+00:00
[2026-07-09T18:51:44.198+0000] {processor.py:183} INFO - Processing /opt/airflow/dags/marketing_campaign_dag.py took 0.179 seconds
[2026-07-09T18:52:14.406+0000] {processor.py:161} INFO - Started process (PID=1099) to work on /opt/airflow/dags/marketing_campaign_dag.py
[2026-07-09T18:52:14.408+0000] {processor.py:830} INFO - Processing file /opt/airflow/dags/marketing_campaign_dag.py for tasks to queue
[2026-07-09T18:52:14.413+0000] {logging_mixin.py:188} INFO - [2026-07-09T18:52:14.411+0000] {dagbag.py:540} INFO - Filling up the DagBag from /opt/airflow/dags/marketing_campaign_dag.py
[2026-07-09T18:52:14.518+0000] {processor.py:840} INFO - DAG(s) 'marketing_campaign_etl' retrieved from /opt/airflow/dags/marketing_campaign_dag.py
[2026-07-09T18:52:14.642+0000] {logging_mixin.py:188} INFO - [2026-07-09T18:52:14.641+0000] {dag.py:3047} INFO - Sync 1 DAGs
[2026-07-09T18:52:14.719+0000] {logging_mixin.py:188} INFO - [2026-07-09T18:52:14.719+0000] {dag.py:3834} INFO - Setting next_dagrun for marketing_campaign_etl to 2026-07-09 18:01:00+00:00, run_after=2026-07-09 19:01:00+00:00
[2026-07-09T18:52:14.761+0000] {processor.py:183} INFO - Processing /opt/airflow/dags/marketing_campaign_dag.py took 0.381 seconds
[2026-07-09T18:52:44.937+0000] {processor.py:161} INFO - Started process (PID=1139) to work on /opt/airflow/dags/marketing_campaign_dag.py
[2026-07-09T18:52:44.939+0000] {processor.py:830} INFO - Processing file /opt/airflow/dags/marketing_campaign_dag.py for tasks to queue
[2026-07-09T18:52:44.940+0000] {logging_mixin.py:188} INFO - [2026-07-09T18:52:44.940+0000] {dagbag.py:540} INFO - Filling up the DagBag from /opt/airflow/dags/marketing_campaign_dag.py
[2026-07-09T18:52:44.972+0000] {processor.py:840} INFO - DAG(s) 'marketing_campaign_etl' retrieved from /opt/airflow/dags/marketing_campaign_dag.py
[2026-07-09T18:52:45.040+0000] {logging_mixin.py:188} INFO - [2026-07-09T18:52:45.040+0000] {dag.py:3047} INFO - Sync 1 DAGs
[2026-07-09T18:52:45.081+0000] {logging_mixin.py:188} INFO - [2026-07-09T18:52:45.080+0000] {dag.py:3834} INFO - Setting next_dagrun for marketing_campaign_etl to 2026-07-09 18:01:00+00:00, run_after=2026-07-09 19:01:00+00:00
[2026-07-09T18:52:45.108+0000] {processor.py:183} INFO - Processing /opt/airflow/dags/marketing_campaign_dag.py took 0.178 seconds
[2026-07-09T18:53:15.279+0000] {processor.py:161} INFO - Started process (PID=1144) to work on /opt/airflow/dags/marketing_campaign_dag.py
[2026-07-09T18:53:15.281+0000] {processor.py:830} INFO - Processing file /opt/airflow/dags/marketing_campaign_dag.py for tasks to queue
[2026-07-09T18:53:15.282+0000] {logging_mixin.py:188} INFO - [2026-07-09T18:53:15.282+0000] {dagbag.py:540} INFO - Filling up the DagBag from /opt/airflow/dags/marketing_campaign_dag.py
[2026-07-09T18:53:15.319+0000] {processor.py:840} INFO - DAG(s) 'marketing_campaign_etl' retrieved from /opt/airflow/dags/marketing_campaign_dag.py
[2026-07-09T18:53:15.396+0000] {logging_mixin.py:188} INFO - [2026-07-09T18:53:15.396+0000] {dag.py:3047} INFO - Sync 1 DAGs
[2026-07-09T18:53:15.432+0000] {logging_mixin.py:188} INFO - [2026-07-09T18:53:15.432+0000] {dag.py:3834} INFO - Setting next_dagrun for marketing_campaign_etl to 2026-07-09 18:01:00+00:00, run_after=2026-07-09 19:01:00+00:00
[2026-07-09T18:53:15.456+0000] {processor.py:183} INFO - Processing /opt/airflow/dags/marketing_campaign_dag.py took 0.183 seconds
[2026-07-09T18:53:45.619+0000] {processor.py:161} INFO - Started process (PID=1149) to work on /opt/airflow/dags/marketing_campaign_dag.py
[2026-07-09T18:53:45.621+0000] {processor.py:830} INFO - Processing file /opt/airflow/dags/marketing_campaign_dag.py for tasks to queue
[2026-07-09T18:53:45.623+0000] {logging_mixin.py:188} INFO - [2026-07-09T18:53:45.622+0000] {dagbag.py:540} INFO - Filling up the DagBag from /opt/airflow/dags/marketing_campaign_dag.py
[2026-07-09T18:53:45.659+0000] {processor.py:840} INFO - DAG(s) 'marketing_campaign_etl' retrieved from /opt/airflow/dags/marketing_campaign_dag.py
[2026-07-09T18:53:45.723+0000] {logging_mixin.py:188} INFO - [2026-07-09T18:53:45.722+0000] {dag.py:3047} INFO - Sync 1 DAGs
[2026-07-09T18:53:45.759+0000] {logging_mixin.py:188} INFO - [2026-07-09T18:53:45.759+0000] {dag.py:3834} INFO - Setting next_dagrun for marketing_campaign_etl to 2026-07-09 18:01:00+00:00, run_after=2026-07-09 19:01:00+00:00
[2026-07-09T18:53:45.784+0000] {processor.py:183} INFO - Processing /opt/airflow/dags/marketing_campaign_dag.py took 0.173 seconds
[2026-07-09T18:54:15.944+0000] {processor.py:161} INFO - Started process (PID=1189) to work on /opt/airflow/dags/marketing_campaign_dag.py
[2026-07-09T18:54:15.946+0000] {processor.py:830} INFO - Processing file /opt/airflow/dags/marketing_campaign_dag.py for tasks to queue
[2026-07-09T18:54:15.947+0000] {logging_mixin.py:188} INFO - [2026-07-09T18:54:15.947+0000] {dagbag.py:540} INFO - Filling up the DagBag from /opt/airflow/dags/marketing_campaign_dag.py
[2026-07-09T18:54:15.976+0000] {processor.py:840} INFO - DAG(s) 'marketing_campaign_etl' retrieved from /opt/airflow/dags/marketing_campaign_dag.py
[2026-07-09T18:54:16.030+0000] {logging_mixin.py:188} INFO - [2026-07-09T18:54:16.030+0000] {dag.py:3047} INFO - Sync 1 DAGs
[2026-07-09T18:54:16.072+0000] {logging_mixin.py:188} INFO - [2026-07-09T18:54:16.072+0000] {dag.py:3834} INFO - Setting next_dagrun for marketing_campaign_etl to 2026-07-09 18:01:00+00:00, run_after=2026-07-09 19:01:00+00:00
[2026-07-09T18:54:16.104+0000] {processor.py:183} INFO - Processing /opt/airflow/dags/marketing_campaign_dag.py took 0.166 seconds
[2026-07-09T18:54:46.283+0000] {processor.py:161} INFO - Started process (PID=1215) to work on /opt/airflow/dags/marketing_campaign_dag.py
[2026-07-09T18:54:46.285+0000] {processor.py:830} INFO - Processing file /opt/airflow/dags/marketing_campaign_dag.py for tasks to queue
[2026-07-09T18:54:46.289+0000] {logging_mixin.py:188} INFO - [2026-07-09T18:54:46.287+0000] {dagbag.py:540} INFO - Filling up the DagBag from /opt/airflow/dags/marketing_campaign_dag.py
[2026-07-09T18:54:46.337+0000] {processor.py:840} INFO - DAG(s) 'marketing_campaign_etl' retrieved from /opt/airflow/dags/marketing_campaign_dag.py
[2026-07-09T18:54:46.411+0000] {logging_mixin.py:188} INFO - [2026-07-09T18:54:46.410+0000] {dag.py:3047} INFO - Sync 1 DAGs
[2026-07-09T18:54:46.451+0000] {logging_mixin.py:188} INFO - [2026-07-09T18:54:46.451+0000] {dag.py:3834} INFO - Setting next_dagrun for marketing_campaign_etl to 2026-07-09 18:01:00+00:00, run_after=2026-07-09 19:01:00+00:00
[2026-07-09T18:54:46.478+0000] {processor.py:183} INFO - Processing /opt/airflow/dags/marketing_campaign_dag.py took 0.202 seconds
[2026-07-09T18:55:16.642+0000] {processor.py:161} INFO - Started process (PID=1220) to work on /opt/airflow/dags/marketing_campaign_dag.py
[2026-07-09T18:55:16.643+0000] {processor.py:830} INFO - Processing file /opt/airflow/dags/marketing_campaign_dag.py for tasks to queue
[2026-07-09T18:55:16.645+0000] {logging_mixin.py:188} INFO - [2026-07-09T18:55:16.644+0000] {dagbag.py:540} INFO - Filling up the DagBag from /opt/airflow/dags/marketing_campaign_dag.py
[2026-07-09T18:55:16.674+0000] {processor.py:840} INFO - DAG(s) 'marketing_campaign_etl' retrieved from /opt/airflow/dags/marketing_campaign_dag.py
[2026-07-09T18:55:16.732+0000] {logging_mixin.py:188} INFO - [2026-07-09T18:55:16.732+0000] {dag.py:3047} INFO - Sync 1 DAGs
[2026-07-09T18:55:16.772+0000] {logging_mixin.py:188} INFO - [2026-07-09T18:55:16.772+0000] {dag.py:3834} INFO - Setting next_dagrun for marketing_campaign_etl to 2026-07-09 18:01:00+00:00, run_after=2026-07-09 19:01:00+00:00
[2026-07-09T18:55:16.802+0000] {processor.py:183} INFO - Processing /opt/airflow/dags/marketing_campaign_dag.py took 0.167 seconds
[2026-07-09T18:55:46.963+0000] {processor.py:161} INFO - Started process (PID=1225) to work on /opt/airflow/dags/marketing_campaign_dag.py
[2026-07-09T18:55:46.965+0000] {processor.py:830} INFO - Processing file /opt/airflow/dags/marketing_campaign_dag.py for tasks to queue
[2026-07-09T18:55:46.966+0000] {logging_mixin.py:188} INFO - [2026-07-09T18:55:46.966+0000] {dagbag.py:540} INFO - Filling up the DagBag from /opt/airflow/dags/marketing_campaign_dag.py
[2026-07-09T18:55:46.992+0000] {processor.py:840} INFO - DAG(s) 'marketing_campaign_etl' retrieved from /opt/airflow/dags/marketing_campaign_dag.py
[2026-07-09T18:55:47.038+0000] {logging_mixin.py:188} INFO - [2026-07-09T18:55:47.038+0000] {dag.py:3047} INFO - Sync 1 DAGs
[2026-07-09T18:55:47.074+0000] {logging_mixin.py:188} INFO - [2026-07-09T18:55:47.074+0000] {dag.py:3834} INFO - Setting next_dagrun for marketing_campaign_etl to 2026-07-09 18:01:00+00:00, run_after=2026-07-09 19:01:00+00:00
[2026-07-09T18:55:47.097+0000] {processor.py:183} INFO - Processing /opt/airflow/dags/marketing_campaign_dag.py took 0.140 seconds
[2026-07-09T18:56:17.262+0000] {processor.py:161} INFO - Started process (PID=1230) to work on /opt/airflow/dags/marketing_campaign_dag.py
[2026-07-09T18:56:17.264+0000] {processor.py:830} INFO - Processing file /opt/airflow/dags/marketing_campaign_dag.py for tasks to queue
[2026-07-09T18:56:17.265+0000] {logging_mixin.py:188} INFO - [2026-07-09T18:56:17.265+0000] {dagbag.py:540} INFO - Filling up the DagBag from /opt/airflow/dags/marketing_campaign_dag.py
[2026-07-09T18:56:17.289+0000] {processor.py:840} INFO - DAG(s) 'marketing_campaign_etl' retrieved from /opt/airflow/dags/marketing_campaign_dag.py
[2026-07-09T18:56:17.344+0000] {logging_mixin.py:188} INFO - [2026-07-09T18:56:17.344+0000] {dag.py:3047} INFO - Sync 1 DAGs
[2026-07-09T18:56:17.380+0000] {logging_mixin.py:188} INFO - [2026-07-09T18:56:17.380+0000] {dag.py:3834} INFO - Setting next_dagrun for marketing_campaign_etl to 2026-07-09 18:01:00+00:00, run_after=2026-07-09 19:01:00+00:00
[2026-07-09T18:56:17.406+0000] {processor.py:183} INFO - Processing /opt/airflow/dags/marketing_campaign_dag.py took 0.150 seconds
[2026-07-09T18:56:47.579+0000] {processor.py:161} INFO - Started process (PID=1235) to work on /opt/airflow/dags/marketing_campaign_dag.py
[2026-07-09T18:56:47.581+0000] {processor.py:830} INFO - Processing file /opt/airflow/dags/marketing_campaign_dag.py for tasks to queue
[2026-07-09T18:56:47.582+0000] {logging_mixin.py:188} INFO - [2026-07-09T18:56:47.582+0000] {dagbag.py:540} INFO - Filling up the DagBag from /opt/airflow/dags/marketing_campaign_dag.py
[2026-07-09T18:56:47.611+0000] {processor.py:840} INFO - DAG(s) 'marketing_campaign_etl' retrieved from /opt/airflow/dags/marketing_campaign_dag.py
[2026-07-09T18:56:47.663+0000] {logging_mixin.py:188} INFO - [2026-07-09T18:56:47.662+0000] {dag.py:3047} INFO - Sync 1 DAGs
[2026-07-09T18:56:47.699+0000] {logging_mixin.py:188} INFO - [2026-07-09T18:56:47.699+0000] {dag.py:3834} INFO - Setting next_dagrun for marketing_campaign_etl to 2026-07-09 18:01:00+00:00, run_after=2026-07-09 19:01:00+00:00
[2026-07-09T18:56:47.723+0000] {processor.py:183} INFO - Processing /opt/airflow/dags/marketing_campaign_dag.py took 0.151 seconds
[2026-07-09T18:57:17.900+0000] {processor.py:161} INFO - Started process (PID=1240) to work on /opt/airflow/dags/marketing_campaign_dag.py
[2026-07-09T18:57:17.902+0000] {processor.py:830} INFO - Processing file /opt/airflow/dags/marketing_campaign_dag.py for tasks to queue
[2026-07-09T18:57:17.903+0000] {logging_mixin.py:188} INFO - [2026-07-09T18:57:17.903+0000] {dagbag.py:540} INFO - Filling up the DagBag from /opt/airflow/dags/marketing_campaign_dag.py
[2026-07-09T18:57:17.937+0000] {processor.py:840} INFO - DAG(s) 'marketing_campaign_etl' retrieved from /opt/airflow/dags/marketing_campaign_dag.py
[2026-07-09T18:57:17.997+0000] {logging_mixin.py:188} INFO - [2026-07-09T18:57:17.996+0000] {dag.py:3047} INFO - Sync 1 DAGs
[2026-07-09T18:57:18.038+0000] {logging_mixin.py:188} INFO - [2026-07-09T18:57:18.038+0000] {dag.py:3834} INFO - Setting next_dagrun for marketing_campaign_etl to 2026-07-09 18:01:00+00:00, run_after=2026-07-09 19:01:00+00:00
[2026-07-09T18:57:18.067+0000] {processor.py:183} INFO - Processing /opt/airflow/dags/marketing_campaign_dag.py took 0.176 seconds
[2026-07-09T18:57:48.234+0000] {processor.py:161} INFO - Started process (PID=1245) to work on /opt/airflow/dags/marketing_campaign_dag.py
[2026-07-09T18:57:48.236+0000] {processor.py:830} INFO - Processing file /opt/airflow/dags/marketing_campaign_dag.py for tasks to queue
[2026-07-09T18:57:48.237+0000] {logging_mixin.py:188} INFO - [2026-07-09T18:57:48.236+0000] {dagbag.py:540} INFO - Filling up the DagBag from /opt/airflow/dags/marketing_campaign_dag.py
[2026-07-09T18:57:48.267+0000] {processor.py:840} INFO - DAG(s) 'marketing_campaign_etl' retrieved from /opt/airflow/dags/marketing_campaign_dag.py
[2026-07-09T18:57:48.319+0000] {logging_mixin.py:188} INFO - [2026-07-09T18:57:48.319+0000] {dag.py:3047} INFO - Sync 1 DAGs
[2026-07-09T18:57:48.355+0000] {logging_mixin.py:188} INFO - [2026-07-09T18:57:48.355+0000] {dag.py:3834} INFO - Setting next_dagrun for marketing_campaign_etl to 2026-07-09 18:01:00+00:00, run_after=2026-07-09 19:01:00+00:00
[2026-07-09T18:57:48.378+0000] {processor.py:183} INFO - Processing /opt/airflow/dags/marketing_campaign_dag.py took 0.152 seconds
[2026-07-09T18:58:18.544+0000] {processor.py:161} INFO - Started process (PID=1250) to work on /opt/airflow/dags/marketing_campaign_dag.py
[2026-07-09T18:58:18.546+0000] {processor.py:830} INFO - Processing file /opt/airflow/dags/marketing_campaign_dag.py for tasks to queue
[2026-07-09T18:58:18.547+0000] {logging_mixin.py:188} INFO - [2026-07-09T18:58:18.547+0000] {dagbag.py:540} INFO - Filling up the DagBag from /opt/airflow/dags/marketing_campaign_dag.py
[2026-07-09T18:58:18.579+0000] {processor.py:840} INFO - DAG(s) 'marketing_campaign_etl' retrieved from /opt/airflow/dags/marketing_campaign_dag.py
[2026-07-09T18:58:18.633+0000] {logging_mixin.py:188} INFO - [2026-07-09T18:58:18.633+0000] {dag.py:3047} INFO - Sync 1 DAGs
[2026-07-09T18:58:18.673+0000] {logging_mixin.py:188} INFO - [2026-07-09T18:58:18.672+0000] {dag.py:3834} INFO - Setting next_dagrun for marketing_campaign_etl to 2026-07-09 18:01:00+00:00, run_after=2026-07-09 19:01:00+00:00
[2026-07-09T18:58:18.701+0000] {processor.py:183} INFO - Processing /opt/airflow/dags/marketing_campaign_dag.py took 0.164 seconds
[2026-07-09T18:58:48.879+0000] {processor.py:161} INFO - Started process (PID=1255) to work on /opt/airflow/dags/marketing_campaign_dag.py
[2026-07-09T18:58:48.881+0000] {processor.py:830} INFO - Processing file /opt/airflow/dags/marketing_campaign_dag.py for tasks to queue
[2026-07-09T18:58:48.885+0000] {logging_mixin.py:188} INFO - [2026-07-09T18:58:48.882+0000] {dagbag.py:540} INFO - Filling up the DagBag from /opt/airflow/dags/marketing_campaign_dag.py
[2026-07-09T18:58:48.940+0000] {processor.py:840} INFO - DAG(s) 'marketing_campaign_etl' retrieved from /opt/airflow/dags/marketing_campaign_dag.py
[2026-07-09T18:58:49.029+0000] {logging_mixin.py:188} INFO - [2026-07-09T18:58:49.029+0000] {dag.py:3047} INFO - Sync 1 DAGs
[2026-07-09T18:58:49.071+0000] {logging_mixin.py:188} INFO - [2026-07-09T18:58:49.070+0000] {dag.py:3834} INFO - Setting next_dagrun for marketing_campaign_etl to 2026-07-09 18:01:00+00:00, run_after=2026-07-09 19:01:00+00:00
[2026-07-09T18:58:49.097+0000] {processor.py:183} INFO - Processing /opt/airflow/dags/marketing_campaign_dag.py took 0.227 seconds
[2026-07-09T18:59:19.280+0000] {processor.py:161} INFO - Started process (PID=1260) to work on /opt/airflow/dags/marketing_campaign_dag.py
[2026-07-09T18:59:19.282+0000] {processor.py:830} INFO - Processing file /opt/airflow/dags/marketing_campaign_dag.py for tasks to queue
[2026-07-09T18:59:19.286+0000] {logging_mixin.py:188} INFO - [2026-07-09T18:59:19.283+0000] {dagbag.py:540} INFO - Filling up the DagBag from /opt/airflow/dags/marketing_campaign_dag.py
[2026-07-09T18:59:19.326+0000] {processor.py:840} INFO - DAG(s) 'marketing_campaign_etl' retrieved from /opt/airflow/dags/marketing_campaign_dag.py
[2026-07-09T18:59:19.431+0000] {logging_mixin.py:188} INFO - [2026-07-09T18:59:19.431+0000] {dag.py:3047} INFO - Sync 1 DAGs
[2026-07-09T18:59:19.470+0000] {logging_mixin.py:188} INFO - [2026-07-09T18:59:19.470+0000] {dag.py:3834} INFO - Setting next_dagrun for marketing_campaign_etl to 2026-07-09 18:01:00+00:00, run_after=2026-07-09 19:01:00+00:00
[2026-07-09T18:59:19.495+0000] {processor.py:183} INFO - Processing /opt/airflow/dags/marketing_campaign_dag.py took 0.225 seconds
[2026-07-09T18:59:49.663+0000] {processor.py:161} INFO - Started process (PID=1265) to work on /opt/airflow/dags/marketing_campaign_dag.py
[2026-07-09T18:59:49.665+0000] {processor.py:830} INFO - Processing file /opt/airflow/dags/marketing_campaign_dag.py for tasks to queue
[2026-07-09T18:59:49.669+0000] {logging_mixin.py:188} INFO - [2026-07-09T18:59:49.666+0000] {dagbag.py:540} INFO - Filling up the DagBag from /opt/airflow/dags/marketing_campaign_dag.py
[2026-07-09T18:59:49.706+0000] {processor.py:840} INFO - DAG(s) 'marketing_campaign_etl' retrieved from /opt/airflow/dags/marketing_campaign_dag.py
[2026-07-09T18:59:49.801+0000] {logging_mixin.py:188} INFO - [2026-07-09T18:59:49.800+0000] {dag.py:3047} INFO - Sync 1 DAGs
[2026-07-09T18:59:49.843+0000] {logging_mixin.py:188} INFO - [2026-07-09T18:59:49.843+0000] {dag.py:3834} INFO - Setting next_dagrun for marketing_campaign_etl to 2026-07-09 18:01:00+00:00, run_after=2026-07-09 19:01:00+00:00
[2026-07-09T18:59:49.871+0000] {processor.py:183} INFO - Processing /opt/airflow/dags/marketing_campaign_dag.py took 0.217 seconds
[2026-07-09T19:00:20.054+0000] {processor.py:161} INFO - Started process (PID=1270) to work on /opt/airflow/dags/marketing_campaign_dag.py
[2026-07-09T19:00:20.056+0000] {processor.py:830} INFO - Processing file /opt/airflow/dags/marketing_campaign_dag.py for tasks to queue
[2026-07-09T19:00:20.060+0000] {logging_mixin.py:188} INFO - [2026-07-09T19:00:20.056+0000] {dagbag.py:540} INFO - Filling up the DagBag from /opt/airflow/dags/marketing_campaign_dag.py
[2026-07-09T19:00:20.103+0000] {processor.py:840} INFO - DAG(s) 'marketing_campaign_etl' retrieved from /opt/airflow/dags/marketing_campaign_dag.py
[2026-07-09T19:00:20.194+0000] {logging_mixin.py:188} INFO - [2026-07-09T19:00:20.194+0000] {dag.py:3047} INFO - Sync 1 DAGs
[2026-07-09T19:00:20.238+0000] {logging_mixin.py:188} INFO - [2026-07-09T19:00:20.238+0000] {dag.py:3834} INFO - Setting next_dagrun for marketing_campaign_etl to 2026-07-09 18:01:00+00:00, run_after=2026-07-09 19:01:00+00:00
[2026-07-09T19:00:20.267+0000] {processor.py:183} INFO - Processing /opt/airflow/dags/marketing_campaign_dag.py took 0.223 seconds
[2026-07-09T19:00:50.433+0000] {processor.py:161} INFO - Started process (PID=1275) to work on /opt/airflow/dags/marketing_campaign_dag.py
[2026-07-09T19:00:50.435+0000] {processor.py:830} INFO - Processing file /opt/airflow/dags/marketing_campaign_dag.py for tasks to queue
[2026-07-09T19:00:50.438+0000] {logging_mixin.py:188} INFO - [2026-07-09T19:00:50.436+0000] {dagbag.py:540} INFO - Filling up the DagBag from /opt/airflow/dags/marketing_campaign_dag.py
[2026-07-09T19:00:50.472+0000] {processor.py:840} INFO - DAG(s) 'marketing_campaign_etl' retrieved from /opt/airflow/dags/marketing_campaign_dag.py
[2026-07-09T19:00:50.579+0000] {logging_mixin.py:188} INFO - [2026-07-09T19:00:50.578+0000] {dag.py:3047} INFO - Sync 1 DAGs
[2026-07-09T19:00:50.634+0000] {logging_mixin.py:188} INFO - [2026-07-09T19:00:50.634+0000] {dag.py:3834} INFO - Setting next_dagrun for marketing_campaign_etl to 2026-07-09 18:01:00+00:00, run_after=2026-07-09 19:01:00+00:00
[2026-07-09T19:00:50.666+0000] {processor.py:183} INFO - Processing /opt/airflow/dags/marketing_campaign_dag.py took 0.242 seconds
[2026-07-09T19:01:20.875+0000] {processor.py:161} INFO - Started process (PID=1336) to work on /opt/airflow/dags/marketing_campaign_dag.py
[2026-07-09T19:01:20.879+0000] {processor.py:830} INFO - Processing file /opt/airflow/dags/marketing_campaign_dag.py for tasks to queue
[2026-07-09T19:01:20.884+0000] {logging_mixin.py:188} INFO - [2026-07-09T19:01:20.881+0000] {dagbag.py:540} INFO - Filling up the DagBag from /opt/airflow/dags/marketing_campaign_dag.py
[2026-07-09T19:01:20.946+0000] {processor.py:840} INFO - DAG(s) 'marketing_campaign_etl' retrieved from /opt/airflow/dags/marketing_campaign_dag.py
[2026-07-09T19:01:21.053+0000] {logging_mixin.py:188} INFO - [2026-07-09T19:01:21.053+0000] {dag.py:3047} INFO - Sync 1 DAGs
[2026-07-09T19:01:21.131+0000] {logging_mixin.py:188} INFO - [2026-07-09T19:01:21.131+0000] {dag.py:3834} INFO - Setting next_dagrun for marketing_campaign_etl to 2026-07-09 19:01:00+00:00, run_after=2026-07-09 20:01:00+00:00
[2026-07-09T19:01:21.167+0000] {processor.py:183} INFO - Processing /opt/airflow/dags/marketing_campaign_dag.py took 0.319 seconds
[2026-07-09T19:01:28.895+0000] {processor.py:161} INFO - Started process (PID=1341) to work on /opt/airflow/dags/marketing_campaign_dag.py
[2026-07-09T19:01:28.898+0000] {processor.py:830} INFO - Processing file /opt/airflow/dags/marketing_campaign_dag.py for tasks to queue
[2026-07-09T19:01:28.904+0000] {logging_mixin.py:188} INFO - [2026-07-09T19:01:28.899+0000] {dagbag.py:540} INFO - Filling up the DagBag from /opt/airflow/dags/marketing_campaign_dag.py
[2026-07-09T19:01:28.958+0000] {processor.py:840} INFO - DAG(s) 'marketing_campaign_etl' retrieved from /opt/airflow/dags/marketing_campaign_dag.py
[2026-07-09T19:01:29.038+0000] {logging_mixin.py:188} INFO - [2026-07-09T19:01:29.037+0000] {dag.py:3047} INFO - Sync 1 DAGs
[2026-07-09T19:01:29.085+0000] {logging_mixin.py:188} INFO - [2026-07-09T19:01:29.085+0000] {dag.py:3834} INFO - Setting next_dagrun for marketing_campaign_etl to 2026-07-09 19:01:00+00:00, run_after=2026-07-09 20:01:00+00:00
[2026-07-09T19:01:29.118+0000] {processor.py:183} INFO - Processing /opt/airflow/dags/marketing_campaign_dag.py took 0.232 seconds
[2026-07-09T19:01:31.911+0000] {processor.py:161} INFO - Started process (PID=1346) to work on /opt/airflow/dags/marketing_campaign_dag.py
[2026-07-09T19:01:31.912+0000] {processor.py:830} INFO - Processing file /opt/airflow/dags/marketing_campaign_dag.py for tasks to queue
[2026-07-09T19:01:31.914+0000] {logging_mixin.py:188} INFO - [2026-07-09T19:01:31.913+0000] {dagbag.py:540} INFO - Filling up the DagBag from /opt/airflow/dags/marketing_campaign_dag.py
[2026-07-09T19:01:31.947+0000] {processor.py:840} INFO - DAG(s) 'marketing_campaign_etl' retrieved from /opt/airflow/dags/marketing_campaign_dag.py
[2026-07-09T19:01:32.020+0000] {logging_mixin.py:188} INFO - [2026-07-09T19:01:32.020+0000] {dag.py:3047} INFO - Sync 1 DAGs
[2026-07-09T19:01:32.060+0000] {logging_mixin.py:188} INFO - [2026-07-09T19:01:32.060+0000] {dag.py:3834} INFO - Setting next_dagrun for marketing_campaign_etl to 2026-07-09 19:01:00+00:00, run_after=2026-07-09 20:01:00+00:00
[2026-07-09T19:01:32.089+0000] {processor.py:183} INFO - Processing /opt/airflow/dags/marketing_campaign_dag.py took 0.185 seconds
[2026-07-09T19:01:36.955+0000] {processor.py:161} INFO - Started process (PID=1351) to work on /opt/airflow/dags/marketing_campaign_dag.py
[2026-07-09T19:01:36.957+0000] {processor.py:830} INFO - Processing file /opt/airflow/dags/marketing_campaign_dag.py for tasks to queue
[2026-07-09T19:01:36.961+0000] {logging_mixin.py:188} INFO - [2026-07-09T19:01:36.958+0000] {dagbag.py:540} INFO - Filling up the DagBag from /opt/airflow/dags/marketing_campaign_dag.py
[2026-07-09T19:01:36.975+0000] {logging_mixin.py:188} INFO - [2026-07-09T19:01:36.970+0000] {dagbag.py:350} ERROR - Failed to import: /opt/airflow/dags/marketing_campaign_dag.py
Traceback (most recent call last):
  File "/home/airflow/.local/lib/python3.11/site-packages/airflow/models/dagbag.py", line 346, in parse
    loader.exec_module(new_module)
  File "<frozen importlib._bootstrap_external>", line 936, in exec_module
  File "<frozen importlib._bootstrap_external>", line 1074, in get_code
  File "<frozen importlib._bootstrap_external>", line 1004, in source_to_code
  File "<frozen importlib._bootstrap>", line 241, in _call_with_frames_removed
  File "/opt/airflow/dags/marketing_campaign_dag.py", line 46
    mod.run(context["logical_date"].strftime("%Y-%m-%d %H:%M")) //
                                                                  ^
SyntaxError: invalid syntax
[2026-07-09T19:01:36.976+0000] {processor.py:842} WARNING - No viable dags retrieved from /opt/airflow/dags/marketing_campaign_dag.py
[2026-07-09T19:01:37.043+0000] {processor.py:183} INFO - Processing /opt/airflow/dags/marketing_campaign_dag.py took 0.098 seconds
[2026-07-09T19:01:39.976+0000] {processor.py:161} INFO - Started process (PID=1356) to work on /opt/airflow/dags/marketing_campaign_dag.py
[2026-07-09T19:01:39.978+0000] {processor.py:830} INFO - Processing file /opt/airflow/dags/marketing_campaign_dag.py for tasks to queue
[2026-07-09T19:01:39.980+0000] {logging_mixin.py:188} INFO - [2026-07-09T19:01:39.979+0000] {dagbag.py:540} INFO - Filling up the DagBag from /opt/airflow/dags/marketing_campaign_dag.py
[2026-07-09T19:01:40.027+0000] {processor.py:840} INFO - DAG(s) 'marketing_campaign_etl' retrieved from /opt/airflow/dags/marketing_campaign_dag.py
[2026-07-09T19:01:40.107+0000] {logging_mixin.py:188} INFO - [2026-07-09T19:01:40.106+0000] {dag.py:3047} INFO - Sync 1 DAGs
[2026-07-09T19:01:40.158+0000] {logging_mixin.py:188} INFO - [2026-07-09T19:01:40.158+0000] {dag.py:3834} INFO - Setting next_dagrun for marketing_campaign_etl to 2026-07-09 19:01:00+00:00, run_after=2026-07-09 20:01:00+00:00
[2026-07-09T19:01:40.194+0000] {processor.py:183} INFO - Processing /opt/airflow/dags/marketing_campaign_dag.py took 0.226 seconds
[2026-07-09T19:01:41.252+0000] {processor.py:161} INFO - Started process (PID=1361) to work on /opt/airflow/dags/marketing_campaign_dag.py
[2026-07-09T19:01:41.254+0000] {processor.py:830} INFO - Processing file /opt/airflow/dags/marketing_campaign_dag.py for tasks to queue
[2026-07-09T19:01:41.255+0000] {logging_mixin.py:188} INFO - [2026-07-09T19:01:41.255+0000] {dagbag.py:540} INFO - Filling up the DagBag from /opt/airflow/dags/marketing_campaign_dag.py
[2026-07-09T19:01:41.287+0000] {processor.py:840} INFO - DAG(s) 'marketing_campaign_etl' retrieved from /opt/airflow/dags/marketing_campaign_dag.py
[2026-07-09T19:01:41.351+0000] {logging_mixin.py:188} INFO - [2026-07-09T19:01:41.351+0000] {dag.py:3047} INFO - Sync 1 DAGs
[2026-07-09T19:01:41.392+0000] {logging_mixin.py:188} INFO - [2026-07-09T19:01:41.392+0000] {dag.py:3834} INFO - Setting next_dagrun for marketing_campaign_etl to 2026-07-09 19:01:00+00:00, run_after=2026-07-09 20:01:00+00:00
[2026-07-09T19:01:41.425+0000] {processor.py:183} INFO - Processing /opt/airflow/dags/marketing_campaign_dag.py took 0.179 seconds
[2026-07-09T19:01:44.506+0000] {processor.py:161} INFO - Started process (PID=1366) to work on /opt/airflow/dags/marketing_campaign_dag.py
[2026-07-09T19:01:44.509+0000] {processor.py:830} INFO - Processing file /opt/airflow/dags/marketing_campaign_dag.py for tasks to queue
[2026-07-09T19:01:44.514+0000] {logging_mixin.py:188} INFO - [2026-07-09T19:01:44.510+0000] {dagbag.py:540} INFO - Filling up the DagBag from /opt/airflow/dags/marketing_campaign_dag.py
[2026-07-09T19:01:44.574+0000] {processor.py:840} INFO - DAG(s) 'marketing_campaign_etl' retrieved from /opt/airflow/dags/marketing_campaign_dag.py
[2026-07-09T19:01:44.731+0000] {logging_mixin.py:188} INFO - [2026-07-09T19:01:44.730+0000] {dag.py:3047} INFO - Sync 1 DAGs
[2026-07-09T19:01:44.800+0000] {logging_mixin.py:188} INFO - [2026-07-09T19:01:44.800+0000] {dag.py:3834} INFO - Setting next_dagrun for marketing_campaign_etl to 2026-07-09 19:01:00+00:00, run_after=2026-07-09 20:01:00+00:00
[2026-07-09T19:01:44.846+0000] {processor.py:183} INFO - Processing /opt/airflow/dags/marketing_campaign_dag.py took 0.354 seconds
[2026-07-09T19:01:47.529+0000] {processor.py:161} INFO - Started process (PID=1371) to work on /opt/airflow/dags/marketing_campaign_dag.py
[2026-07-09T19:01:47.530+0000] {processor.py:830} INFO - Processing file /opt/airflow/dags/marketing_campaign_dag.py for tasks to queue
[2026-07-09T19:01:47.534+0000] {logging_mixin.py:188} INFO - [2026-07-09T19:01:47.531+0000] {dagbag.py:540} INFO - Filling up the DagBag from /opt/airflow/dags/marketing_campaign_dag.py
[2026-07-09T19:01:47.576+0000] {processor.py:840} INFO - DAG(s) 'marketing_campaign_etl' retrieved from /opt/airflow/dags/marketing_campaign_dag.py
[2026-07-09T19:01:47.684+0000] {logging_mixin.py:188} INFO - [2026-07-09T19:01:47.683+0000] {dag.py:3047} INFO - Sync 1 DAGs
[2026-07-09T19:01:47.725+0000] {logging_mixin.py:188} INFO - [2026-07-09T19:01:47.725+0000] {dag.py:3834} INFO - Setting next_dagrun for marketing_campaign_etl to 2026-07-09 19:01:00+00:00, run_after=2026-07-09 20:01:00+00:00
[2026-07-09T19:01:47.759+0000] {processor.py:183} INFO - Processing /opt/airflow/dags/marketing_campaign_dag.py took 0.239 seconds
[2026-07-09T19:01:53.575+0000] {processor.py:161} INFO - Started process (PID=1376) to work on /opt/airflow/dags/marketing_campaign_dag.py
[2026-07-09T19:01:53.578+0000] {processor.py:830} INFO - Processing file /opt/airflow/dags/marketing_campaign_dag.py for tasks to queue
[2026-07-09T19:01:53.581+0000] {logging_mixin.py:188} INFO - [2026-07-09T19:01:53.579+0000] {dagbag.py:540} INFO - Filling up the DagBag from /opt/airflow/dags/marketing_campaign_dag.py
[2026-07-09T19:01:53.630+0000] {processor.py:840} INFO - DAG(s) 'marketing_campaign_etl' retrieved from /opt/airflow/dags/marketing_campaign_dag.py
[2026-07-09T19:01:53.726+0000] {logging_mixin.py:188} INFO - [2026-07-09T19:01:53.726+0000] {dag.py:3047} INFO - Sync 1 DAGs
[2026-07-09T19:01:53.763+0000] {logging_mixin.py:188} INFO - [2026-07-09T19:01:53.763+0000] {dag.py:3834} INFO - Setting next_dagrun for marketing_campaign_etl to 2026-07-09 19:01:00+00:00, run_after=2026-07-09 20:01:00+00:00
[2026-07-09T19:01:53.789+0000] {processor.py:183} INFO - Processing /opt/airflow/dags/marketing_campaign_dag.py took 0.224 seconds
[2026-07-09T19:02:00.644+0000] {processor.py:161} INFO - Started process (PID=1381) to work on /opt/airflow/dags/marketing_campaign_dag.py
[2026-07-09T19:02:00.650+0000] {processor.py:830} INFO - Processing file /opt/airflow/dags/marketing_campaign_dag.py for tasks to queue
[2026-07-09T19:02:00.654+0000] {logging_mixin.py:188} INFO - [2026-07-09T19:02:00.651+0000] {dagbag.py:540} INFO - Filling up the DagBag from /opt/airflow/dags/marketing_campaign_dag.py
[2026-07-09T19:02:00.716+0000] {processor.py:840} INFO - DAG(s) 'marketing_campaign_etl' retrieved from /opt/airflow/dags/marketing_campaign_dag.py
[2026-07-09T19:02:00.866+0000] {logging_mixin.py:188} INFO - [2026-07-09T19:02:00.866+0000] {dag.py:3047} INFO - Sync 1 DAGs
[2026-07-09T19:02:00.934+0000] {logging_mixin.py:188} INFO - [2026-07-09T19:02:00.934+0000] {dag.py:3834} INFO - Setting next_dagrun for marketing_campaign_etl to 2026-07-09 19:01:00+00:00, run_after=2026-07-09 20:01:00+00:00
[2026-07-09T19:02:00.978+0000] {processor.py:183} INFO - Processing /opt/airflow/dags/marketing_campaign_dag.py took 0.352 seconds
[2026-07-09T19:02:04.930+0000] {processor.py:161} INFO - Started process (PID=1386) to work on /opt/airflow/dags/marketing_campaign_dag.py
[2026-07-09T19:02:04.934+0000] {processor.py:830} INFO - Processing file /opt/airflow/dags/marketing_campaign_dag.py for tasks to queue
[2026-07-09T19:02:04.943+0000] {logging_mixin.py:188} INFO - [2026-07-09T19:02:04.936+0000] {dagbag.py:540} INFO - Filling up the DagBag from /opt/airflow/dags/marketing_campaign_dag.py
[2026-07-09T19:02:05.011+0000] {processor.py:840} INFO - DAG(s) 'marketing_campaign_etl' retrieved from /opt/airflow/dags/marketing_campaign_dag.py
[2026-07-09T19:02:05.211+0000] {logging_mixin.py:188} INFO - [2026-07-09T19:02:05.211+0000] {dag.py:3047} INFO - Sync 1 DAGs
[2026-07-09T19:02:05.272+0000] {logging_mixin.py:188} INFO - [2026-07-09T19:02:05.272+0000] {dag.py:3834} INFO - Setting next_dagrun for marketing_campaign_etl to 2026-07-09 19:01:00+00:00, run_after=2026-07-09 20:01:00+00:00
[2026-07-09T19:02:05.311+0000] {processor.py:183} INFO - Processing /opt/airflow/dags/marketing_campaign_dag.py took 0.397 seconds
[2026-07-09T19:02:17.379+0000] {processor.py:161} INFO - Started process (PID=1391) to work on /opt/airflow/dags/marketing_campaign_dag.py
[2026-07-09T19:02:17.389+0000] {processor.py:830} INFO - Processing file /opt/airflow/dags/marketing_campaign_dag.py for tasks to queue
[2026-07-09T19:02:17.403+0000] {logging_mixin.py:188} INFO - [2026-07-09T19:02:17.397+0000] {dagbag.py:540} INFO - Filling up the DagBag from /opt/airflow/dags/marketing_campaign_dag.py
[2026-07-09T19:02:17.612+0000] {processor.py:840} INFO - DAG(s) 'marketing_campaign_etl' retrieved from /opt/airflow/dags/marketing_campaign_dag.py
[2026-07-09T19:02:18.332+0000] {logging_mixin.py:188} INFO - [2026-07-09T19:02:18.292+0000] {dag.py:3047} INFO - Sync 1 DAGs
[2026-07-09T19:02:18.743+0000] {logging_mixin.py:188} INFO - [2026-07-09T19:02:18.715+0000] {dag.py:3834} INFO - Setting next_dagrun for marketing_campaign_etl to 2026-07-09 19:01:00+00:00, run_after=2026-07-09 20:01:00+00:00
[2026-07-09T19:02:18.922+0000] {processor.py:183} INFO - Processing /opt/airflow/dags/marketing_campaign_dag.py took 1.580 seconds
[2026-07-09T19:02:28.327+0000] {processor.py:161} INFO - Started process (PID=1396) to work on /opt/airflow/dags/marketing_campaign_dag.py
[2026-07-09T19:02:28.334+0000] {processor.py:830} INFO - Processing file /opt/airflow/dags/marketing_campaign_dag.py for tasks to queue
[2026-07-09T19:02:28.345+0000] {logging_mixin.py:188} INFO - [2026-07-09T19:02:28.335+0000] {dagbag.py:540} INFO - Filling up the DagBag from /opt/airflow/dags/marketing_campaign_dag.py
[2026-07-09T19:02:28.448+0000] {processor.py:840} INFO - DAG(s) 'marketing_campaign_etl' retrieved from /opt/airflow/dags/marketing_campaign_dag.py
[2026-07-09T19:02:28.945+0000] {logging_mixin.py:188} INFO - [2026-07-09T19:02:28.931+0000] {dag.py:3047} INFO - Sync 1 DAGs
[2026-07-09T19:02:29.042+0000] {logging_mixin.py:188} INFO - [2026-07-09T19:02:29.041+0000] {dag.py:3834} INFO - Setting next_dagrun for marketing_campaign_etl to 2026-07-09 19:01:00+00:00, run_after=2026-07-09 20:01:00+00:00
[2026-07-09T19:02:29.186+0000] {processor.py:183} INFO - Processing /opt/airflow/dags/marketing_campaign_dag.py took 0.880 seconds
[2026-07-09T19:02:42.878+0000] {processor.py:161} INFO - Started process (PID=1401) to work on /opt/airflow/dags/marketing_campaign_dag.py
[2026-07-09T19:02:42.881+0000] {processor.py:830} INFO - Processing file /opt/airflow/dags/marketing_campaign_dag.py for tasks to queue
[2026-07-09T19:02:42.884+0000] {logging_mixin.py:188} INFO - [2026-07-09T19:02:42.882+0000] {dagbag.py:540} INFO - Filling up the DagBag from /opt/airflow/dags/marketing_campaign_dag.py
[2026-07-09T19:02:42.935+0000] {processor.py:840} INFO - DAG(s) 'marketing_campaign_etl' retrieved from /opt/airflow/dags/marketing_campaign_dag.py
[2026-07-09T19:02:43.051+0000] {logging_mixin.py:188} INFO - [2026-07-09T19:02:43.050+0000] {dag.py:3047} INFO - Sync 1 DAGs
[2026-07-09T19:02:43.115+0000] {logging_mixin.py:188} INFO - [2026-07-09T19:02:43.115+0000] {dag.py:3834} INFO - Setting next_dagrun for marketing_campaign_etl to 2026-07-09 19:01:00+00:00, run_after=2026-07-09 20:01:00+00:00
[2026-07-09T19:02:43.145+0000] {processor.py:183} INFO - Processing /opt/airflow/dags/marketing_campaign_dag.py took 0.277 seconds
[2026-07-09T19:02:46.948+0000] {processor.py:161} INFO - Started process (PID=1406) to work on /opt/airflow/dags/marketing_campaign_dag.py
[2026-07-09T19:02:46.957+0000] {processor.py:830} INFO - Processing file /opt/airflow/dags/marketing_campaign_dag.py for tasks to queue
[2026-07-09T19:02:46.961+0000] {logging_mixin.py:188} INFO - [2026-07-09T19:02:46.958+0000] {dagbag.py:540} INFO - Filling up the DagBag from /opt/airflow/dags/marketing_campaign_dag.py
[2026-07-09T19:02:47.013+0000] {processor.py:840} INFO - DAG(s) 'marketing_campaign_etl' retrieved from /opt/airflow/dags/marketing_campaign_dag.py
[2026-07-09T19:02:47.192+0000] {logging_mixin.py:188} INFO - [2026-07-09T19:02:47.191+0000] {dag.py:3047} INFO - Sync 1 DAGs
[2026-07-09T19:02:47.265+0000] {logging_mixin.py:188} INFO - [2026-07-09T19:02:47.264+0000] {dag.py:3834} INFO - Setting next_dagrun for marketing_campaign_etl to 2026-07-09 19:01:00+00:00, run_after=2026-07-09 20:01:00+00:00
[2026-07-09T19:02:47.310+0000] {processor.py:183} INFO - Processing /opt/airflow/dags/marketing_campaign_dag.py took 0.375 seconds
[2026-07-09T19:02:48.231+0000] {processor.py:161} INFO - Started process (PID=1411) to work on /opt/airflow/dags/marketing_campaign_dag.py
[2026-07-09T19:02:48.233+0000] {processor.py:830} INFO - Processing file /opt/airflow/dags/marketing_campaign_dag.py for tasks to queue
[2026-07-09T19:02:48.237+0000] {logging_mixin.py:188} INFO - [2026-07-09T19:02:48.234+0000] {dagbag.py:540} INFO - Filling up the DagBag from /opt/airflow/dags/marketing_campaign_dag.py
[2026-07-09T19:02:48.281+0000] {processor.py:840} INFO - DAG(s) 'marketing_campaign_etl' retrieved from /opt/airflow/dags/marketing_campaign_dag.py
[2026-07-09T19:02:48.394+0000] {logging_mixin.py:188} INFO - [2026-07-09T19:02:48.393+0000] {dag.py:3047} INFO - Sync 1 DAGs
[2026-07-09T19:02:48.434+0000] {logging_mixin.py:188} INFO - [2026-07-09T19:02:48.434+0000] {dag.py:3834} INFO - Setting next_dagrun for marketing_campaign_etl to 2026-07-09 19:01:00+00:00, run_after=2026-07-09 20:01:00+00:00
[2026-07-09T19:02:48.464+0000] {processor.py:183} INFO - Processing /opt/airflow/dags/marketing_campaign_dag.py took 0.243 seconds
[2026-07-09T19:02:52.415+0000] {processor.py:161} INFO - Started process (PID=1416) to work on /opt/airflow/dags/marketing_campaign_dag.py
[2026-07-09T19:02:52.420+0000] {processor.py:830} INFO - Processing file /opt/airflow/dags/marketing_campaign_dag.py for tasks to queue
[2026-07-09T19:02:52.423+0000] {logging_mixin.py:188} INFO - [2026-07-09T19:02:52.421+0000] {dagbag.py:540} INFO - Filling up the DagBag from /opt/airflow/dags/marketing_campaign_dag.py
[2026-07-09T19:02:52.475+0000] {processor.py:840} INFO - DAG(s) 'marketing_campaign_etl' retrieved from /opt/airflow/dags/marketing_campaign_dag.py
[2026-07-09T19:02:52.601+0000] {logging_mixin.py:188} INFO - [2026-07-09T19:02:52.601+0000] {dag.py:3047} INFO - Sync 1 DAGs
[2026-07-09T19:02:52.644+0000] {logging_mixin.py:188} INFO - [2026-07-09T19:02:52.644+0000] {dag.py:3834} INFO - Setting next_dagrun for marketing_campaign_etl to 2026-07-09 19:01:00+00:00, run_after=2026-07-09 20:01:00+00:00
[2026-07-09T19:02:52.685+0000] {processor.py:183} INFO - Processing /opt/airflow/dags/marketing_campaign_dag.py took 0.281 seconds
[2026-07-09T19:02:58.794+0000] {processor.py:161} INFO - Started process (PID=1421) to work on /opt/airflow/dags/marketing_campaign_dag.py
[2026-07-09T19:02:58.797+0000] {processor.py:830} INFO - Processing file /opt/airflow/dags/marketing_campaign_dag.py for tasks to queue
[2026-07-09T19:02:58.801+0000] {logging_mixin.py:188} INFO - [2026-07-09T19:02:58.798+0000] {dagbag.py:540} INFO - Filling up the DagBag from /opt/airflow/dags/marketing_campaign_dag.py
[2026-07-09T19:02:58.870+0000] {processor.py:840} INFO - DAG(s) 'marketing_campaign_etl' retrieved from /opt/airflow/dags/marketing_campaign_dag.py
[2026-07-09T19:02:59.128+0000] {logging_mixin.py:188} INFO - [2026-07-09T19:02:59.121+0000] {dag.py:3047} INFO - Sync 1 DAGs
[2026-07-09T19:02:59.218+0000] {logging_mixin.py:188} INFO - [2026-07-09T19:02:59.217+0000] {dag.py:3834} INFO - Setting next_dagrun for marketing_campaign_etl to 2026-07-09 19:01:00+00:00, run_after=2026-07-09 20:01:00+00:00
[2026-07-09T19:02:59.269+0000] {processor.py:183} INFO - Processing /opt/airflow/dags/marketing_campaign_dag.py took 0.489 seconds
[2026-07-09T19:03:25.757+0000] {processor.py:161} INFO - Started process (PID=1426) to work on /opt/airflow/dags/marketing_campaign_dag.py
[2026-07-09T19:03:25.759+0000] {processor.py:830} INFO - Processing file /opt/airflow/dags/marketing_campaign_dag.py for tasks to queue
[2026-07-09T19:03:25.762+0000] {logging_mixin.py:188} INFO - [2026-07-09T19:03:25.760+0000] {dagbag.py:540} INFO - Filling up the DagBag from /opt/airflow/dags/marketing_campaign_dag.py
[2026-07-09T19:03:25.804+0000] {processor.py:840} INFO - DAG(s) 'marketing_campaign_etl' retrieved from /opt/airflow/dags/marketing_campaign_dag.py
[2026-07-09T19:03:25.916+0000] {logging_mixin.py:188} INFO - [2026-07-09T19:03:25.915+0000] {dag.py:3047} INFO - Sync 1 DAGs
[2026-07-09T19:03:25.958+0000] {logging_mixin.py:188} INFO - [2026-07-09T19:03:25.958+0000] {dag.py:3834} INFO - Setting next_dagrun for marketing_campaign_etl to 2026-07-09 19:01:00+00:00, run_after=2026-07-09 20:01:00+00:00
[2026-07-09T19:03:25.986+0000] {processor.py:183} INFO - Processing /opt/airflow/dags/marketing_campaign_dag.py took 0.238 seconds
[2026-07-09T19:03:56.166+0000] {processor.py:161} INFO - Started process (PID=1431) to work on /opt/airflow/dags/marketing_campaign_dag.py
[2026-07-09T19:03:56.168+0000] {processor.py:830} INFO - Processing file /opt/airflow/dags/marketing_campaign_dag.py for tasks to queue
[2026-07-09T19:03:56.172+0000] {logging_mixin.py:188} INFO - [2026-07-09T19:03:56.169+0000] {dagbag.py:540} INFO - Filling up the DagBag from /opt/airflow/dags/marketing_campaign_dag.py
[2026-07-09T19:03:56.206+0000] {processor.py:840} INFO - DAG(s) 'marketing_campaign_etl' retrieved from /opt/airflow/dags/marketing_campaign_dag.py
[2026-07-09T19:03:56.285+0000] {logging_mixin.py:188} INFO - [2026-07-09T19:03:56.284+0000] {dag.py:3047} INFO - Sync 1 DAGs
[2026-07-09T19:03:56.332+0000] {logging_mixin.py:188} INFO - [2026-07-09T19:03:56.331+0000] {dag.py:3834} INFO - Setting next_dagrun for marketing_campaign_etl to 2026-07-09 19:01:00+00:00, run_after=2026-07-09 20:01:00+00:00
[2026-07-09T19:03:56.360+0000] {processor.py:183} INFO - Processing /opt/airflow/dags/marketing_campaign_dag.py took 0.204 seconds
[2026-07-09T19:04:26.540+0000] {processor.py:161} INFO - Started process (PID=1436) to work on /opt/airflow/dags/marketing_campaign_dag.py
[2026-07-09T19:04:26.542+0000] {processor.py:830} INFO - Processing file /opt/airflow/dags/marketing_campaign_dag.py for tasks to queue
[2026-07-09T19:04:26.545+0000] {logging_mixin.py:188} INFO - [2026-07-09T19:04:26.543+0000] {dagbag.py:540} INFO - Filling up the DagBag from /opt/airflow/dags/marketing_campaign_dag.py
[2026-07-09T19:04:26.581+0000] {processor.py:840} INFO - DAG(s) 'marketing_campaign_etl' retrieved from /opt/airflow/dags/marketing_campaign_dag.py
[2026-07-09T19:04:26.665+0000] {logging_mixin.py:188} INFO - [2026-07-09T19:04:26.664+0000] {dag.py:3047} INFO - Sync 1 DAGs
[2026-07-09T19:04:26.704+0000] {logging_mixin.py:188} INFO - [2026-07-09T19:04:26.704+0000] {dag.py:3834} INFO - Setting next_dagrun for marketing_campaign_etl to 2026-07-09 19:01:00+00:00, run_after=2026-07-09 20:01:00+00:00
[2026-07-09T19:04:26.733+0000] {processor.py:183} INFO - Processing /opt/airflow/dags/marketing_campaign_dag.py took 0.203 seconds
[2026-07-09T19:04:56.906+0000] {processor.py:161} INFO - Started process (PID=1441) to work on /opt/airflow/dags/marketing_campaign_dag.py
[2026-07-09T19:04:56.908+0000] {processor.py:830} INFO - Processing file /opt/airflow/dags/marketing_campaign_dag.py for tasks to queue
[2026-07-09T19:04:56.910+0000] {logging_mixin.py:188} INFO - [2026-07-09T19:04:56.908+0000] {dagbag.py:540} INFO - Filling up the DagBag from /opt/airflow/dags/marketing_campaign_dag.py
[2026-07-09T19:04:56.943+0000] {processor.py:840} INFO - DAG(s) 'marketing_campaign_etl' retrieved from /opt/airflow/dags/marketing_campaign_dag.py
[2026-07-09T19:04:57.018+0000] {logging_mixin.py:188} INFO - [2026-07-09T19:04:57.017+0000] {dag.py:3047} INFO - Sync 1 DAGs
[2026-07-09T19:04:57.059+0000] {logging_mixin.py:188} INFO - [2026-07-09T19:04:57.059+0000] {dag.py:3834} INFO - Setting next_dagrun for marketing_campaign_etl to 2026-07-09 19:01:00+00:00, run_after=2026-07-09 20:01:00+00:00
[2026-07-09T19:04:57.088+0000] {processor.py:183} INFO - Processing /opt/airflow/dags/marketing_campaign_dag.py took 0.191 seconds
[2026-07-09T19:05:27.264+0000] {processor.py:161} INFO - Started process (PID=1446) to work on /opt/airflow/dags/marketing_campaign_dag.py
[2026-07-09T19:05:27.266+0000] {processor.py:830} INFO - Processing file /opt/airflow/dags/marketing_campaign_dag.py for tasks to queue
[2026-07-09T19:05:27.269+0000] {logging_mixin.py:188} INFO - [2026-07-09T19:05:27.266+0000] {dagbag.py:540} INFO - Filling up the DagBag from /opt/airflow/dags/marketing_campaign_dag.py
[2026-07-09T19:05:27.302+0000] {processor.py:840} INFO - DAG(s) 'marketing_campaign_etl' retrieved from /opt/airflow/dags/marketing_campaign_dag.py
[2026-07-09T19:05:27.375+0000] {logging_mixin.py:188} INFO - [2026-07-09T19:05:27.374+0000] {dag.py:3047} INFO - Sync 1 DAGs
[2026-07-09T19:05:27.412+0000] {logging_mixin.py:188} INFO - [2026-07-09T19:05:27.412+0000] {dag.py:3834} INFO - Setting next_dagrun for marketing_campaign_etl to 2026-07-09 19:01:00+00:00, run_after=2026-07-09 20:01:00+00:00
[2026-07-09T19:05:27.440+0000] {processor.py:183} INFO - Processing /opt/airflow/dags/marketing_campaign_dag.py took 0.185 seconds
[2026-07-09T19:05:57.619+0000] {processor.py:161} INFO - Started process (PID=1451) to work on /opt/airflow/dags/marketing_campaign_dag.py
[2026-07-09T19:05:57.622+0000] {processor.py:830} INFO - Processing file /opt/airflow/dags/marketing_campaign_dag.py for tasks to queue
[2026-07-09T19:05:57.628+0000] {logging_mixin.py:188} INFO - [2026-07-09T19:05:57.624+0000] {dagbag.py:540} INFO - Filling up the DagBag from /opt/airflow/dags/marketing_campaign_dag.py
[2026-07-09T19:05:57.684+0000] {processor.py:840} INFO - DAG(s) 'marketing_campaign_etl' retrieved from /opt/airflow/dags/marketing_campaign_dag.py
[2026-07-09T19:05:57.748+0000] {logging_mixin.py:188} INFO - [2026-07-09T19:05:57.748+0000] {dag.py:3047} INFO - Sync 1 DAGs
[2026-07-09T19:05:57.785+0000] {logging_mixin.py:188} INFO - [2026-07-09T19:05:57.785+0000] {dag.py:3834} INFO - Setting next_dagrun for marketing_campaign_etl to 2026-07-09 19:01:00+00:00, run_after=2026-07-09 20:01:00+00:00
[2026-07-09T19:05:57.809+0000] {processor.py:183} INFO - Processing /opt/airflow/dags/marketing_campaign_dag.py took 0.208 seconds
[2026-07-09T19:06:27.977+0000] {processor.py:161} INFO - Started process (PID=1456) to work on /opt/airflow/dags/marketing_campaign_dag.py
[2026-07-09T19:06:27.979+0000] {processor.py:830} INFO - Processing file /opt/airflow/dags/marketing_campaign_dag.py for tasks to queue
[2026-07-09T19:06:27.983+0000] {logging_mixin.py:188} INFO - [2026-07-09T19:06:27.980+0000] {dagbag.py:540} INFO - Filling up the DagBag from /opt/airflow/dags/marketing_campaign_dag.py
[2026-07-09T19:06:28.014+0000] {processor.py:840} INFO - DAG(s) 'marketing_campaign_etl' retrieved from /opt/airflow/dags/marketing_campaign_dag.py
[2026-07-09T19:06:28.108+0000] {logging_mixin.py:188} INFO - [2026-07-09T19:06:28.108+0000] {dag.py:3047} INFO - Sync 1 DAGs
[2026-07-09T19:06:28.151+0000] {logging_mixin.py:188} INFO - [2026-07-09T19:06:28.151+0000] {dag.py:3834} INFO - Setting next_dagrun for marketing_campaign_etl to 2026-07-09 19:01:00+00:00, run_after=2026-07-09 20:01:00+00:00
[2026-07-09T19:06:28.187+0000] {processor.py:183} INFO - Processing /opt/airflow/dags/marketing_campaign_dag.py took 0.219 seconds
[2026-07-09T19:06:58.351+0000] {processor.py:161} INFO - Started process (PID=1461) to work on /opt/airflow/dags/marketing_campaign_dag.py
[2026-07-09T19:06:58.352+0000] {processor.py:830} INFO - Processing file /opt/airflow/dags/marketing_campaign_dag.py for tasks to queue
[2026-07-09T19:06:58.354+0000] {logging_mixin.py:188} INFO - [2026-07-09T19:06:58.353+0000] {dagbag.py:540} INFO - Filling up the DagBag from /opt/airflow/dags/marketing_campaign_dag.py
[2026-07-09T19:06:58.386+0000] {processor.py:840} INFO - DAG(s) 'marketing_campaign_etl' retrieved from /opt/airflow/dags/marketing_campaign_dag.py
[2026-07-09T19:06:58.443+0000] {logging_mixin.py:188} INFO - [2026-07-09T19:06:58.443+0000] {dag.py:3047} INFO - Sync 1 DAGs
[2026-07-09T19:06:58.482+0000] {logging_mixin.py:188} INFO - [2026-07-09T19:06:58.482+0000] {dag.py:3834} INFO - Setting next_dagrun for marketing_campaign_etl to 2026-07-09 19:01:00+00:00, run_after=2026-07-09 20:01:00+00:00
[2026-07-09T19:06:58.507+0000] {processor.py:183} INFO - Processing /opt/airflow/dags/marketing_campaign_dag.py took 0.163 seconds
[2026-07-09T19:07:28.679+0000] {processor.py:161} INFO - Started process (PID=1466) to work on /opt/airflow/dags/marketing_campaign_dag.py
[2026-07-09T19:07:28.681+0000] {processor.py:830} INFO - Processing file /opt/airflow/dags/marketing_campaign_dag.py for tasks to queue
[2026-07-09T19:07:28.684+0000] {logging_mixin.py:188} INFO - [2026-07-09T19:07:28.682+0000] {dagbag.py:540} INFO - Filling up the DagBag from /opt/airflow/dags/marketing_campaign_dag.py
[2026-07-09T19:07:28.710+0000] {processor.py:840} INFO - DAG(s) 'marketing_campaign_etl' retrieved from /opt/airflow/dags/marketing_campaign_dag.py
[2026-07-09T19:07:28.772+0000] {logging_mixin.py:188} INFO - [2026-07-09T19:07:28.771+0000] {dag.py:3047} INFO - Sync 1 DAGs
[2026-07-09T19:07:28.808+0000] {logging_mixin.py:188} INFO - [2026-07-09T19:07:28.808+0000] {dag.py:3834} INFO - Setting next_dagrun for marketing_campaign_etl to 2026-07-09 19:01:00+00:00, run_after=2026-07-09 20:01:00+00:00
[2026-07-09T19:07:28.831+0000] {processor.py:183} INFO - Processing /opt/airflow/dags/marketing_campaign_dag.py took 0.162 seconds
[2026-07-09T19:07:58.992+0000] {processor.py:161} INFO - Started process (PID=1471) to work on /opt/airflow/dags/marketing_campaign_dag.py
[2026-07-09T19:07:58.993+0000] {processor.py:830} INFO - Processing file /opt/airflow/dags/marketing_campaign_dag.py for tasks to queue
[2026-07-09T19:07:58.995+0000] {logging_mixin.py:188} INFO - [2026-07-09T19:07:58.994+0000] {dagbag.py:540} INFO - Filling up the DagBag from /opt/airflow/dags/marketing_campaign_dag.py
[2026-07-09T19:07:59.026+0000] {processor.py:840} INFO - DAG(s) 'marketing_campaign_etl' retrieved from /opt/airflow/dags/marketing_campaign_dag.py
[2026-07-09T19:07:59.094+0000] {logging_mixin.py:188} INFO - [2026-07-09T19:07:59.094+0000] {dag.py:3047} INFO - Sync 1 DAGs
[2026-07-09T19:07:59.131+0000] {logging_mixin.py:188} INFO - [2026-07-09T19:07:59.131+0000] {dag.py:3834} INFO - Setting next_dagrun for marketing_campaign_etl to 2026-07-09 19:01:00+00:00, run_after=2026-07-09 20:01:00+00:00
[2026-07-09T19:07:59.156+0000] {processor.py:183} INFO - Processing /opt/airflow/dags/marketing_campaign_dag.py took 0.170 seconds
[2026-07-09T19:08:29.328+0000] {processor.py:161} INFO - Started process (PID=1476) to work on /opt/airflow/dags/marketing_campaign_dag.py
[2026-07-09T19:08:29.330+0000] {processor.py:830} INFO - Processing file /opt/airflow/dags/marketing_campaign_dag.py for tasks to queue
[2026-07-09T19:08:29.333+0000] {logging_mixin.py:188} INFO - [2026-07-09T19:08:29.331+0000] {dagbag.py:540} INFO - Filling up the DagBag from /opt/airflow/dags/marketing_campaign_dag.py
[2026-07-09T19:08:29.368+0000] {processor.py:840} INFO - DAG(s) 'marketing_campaign_etl' retrieved from /opt/airflow/dags/marketing_campaign_dag.py
[2026-07-09T19:08:29.423+0000] {logging_mixin.py:188} INFO - [2026-07-09T19:08:29.423+0000] {dag.py:3047} INFO - Sync 1 DAGs
[2026-07-09T19:08:29.462+0000] {logging_mixin.py:188} INFO - [2026-07-09T19:08:29.462+0000] {dag.py:3834} INFO - Setting next_dagrun for marketing_campaign_etl to 2026-07-09 19:01:00+00:00, run_after=2026-07-09 20:01:00+00:00
[2026-07-09T19:08:29.488+0000] {processor.py:183} INFO - Processing /opt/airflow/dags/marketing_campaign_dag.py took 0.170 seconds
[2026-07-09T19:08:59.657+0000] {processor.py:161} INFO - Started process (PID=1481) to work on /opt/airflow/dags/marketing_campaign_dag.py
[2026-07-09T19:08:59.659+0000] {processor.py:830} INFO - Processing file /opt/airflow/dags/marketing_campaign_dag.py for tasks to queue
[2026-07-09T19:08:59.662+0000] {logging_mixin.py:188} INFO - [2026-07-09T19:08:59.660+0000] {dagbag.py:540} INFO - Filling up the DagBag from /opt/airflow/dags/marketing_campaign_dag.py
[2026-07-09T19:08:59.694+0000] {processor.py:840} INFO - DAG(s) 'marketing_campaign_etl' retrieved from /opt/airflow/dags/marketing_campaign_dag.py
[2026-07-09T19:08:59.760+0000] {logging_mixin.py:188} INFO - [2026-07-09T19:08:59.759+0000] {dag.py:3047} INFO - Sync 1 DAGs
[2026-07-09T19:08:59.794+0000] {logging_mixin.py:188} INFO - [2026-07-09T19:08:59.794+0000] {dag.py:3834} INFO - Setting next_dagrun for marketing_campaign_etl to 2026-07-09 19:01:00+00:00, run_after=2026-07-09 20:01:00+00:00
[2026-07-09T19:08:59.819+0000] {processor.py:183} INFO - Processing /opt/airflow/dags/marketing_campaign_dag.py took 0.169 seconds
[2026-07-09T19:09:29.981+0000] {processor.py:161} INFO - Started process (PID=1486) to work on /opt/airflow/dags/marketing_campaign_dag.py
[2026-07-09T19:09:29.983+0000] {processor.py:830} INFO - Processing file /opt/airflow/dags/marketing_campaign_dag.py for tasks to queue
[2026-07-09T19:09:29.986+0000] {logging_mixin.py:188} INFO - [2026-07-09T19:09:29.984+0000] {dagbag.py:540} INFO - Filling up the DagBag from /opt/airflow/dags/marketing_campaign_dag.py
[2026-07-09T19:09:30.016+0000] {processor.py:840} INFO - DAG(s) 'marketing_campaign_etl' retrieved from /opt/airflow/dags/marketing_campaign_dag.py
[2026-07-09T19:09:30.083+0000] {logging_mixin.py:188} INFO - [2026-07-09T19:09:30.082+0000] {dag.py:3047} INFO - Sync 1 DAGs
[2026-07-09T19:09:30.125+0000] {logging_mixin.py:188} INFO - [2026-07-09T19:09:30.125+0000] {dag.py:3834} INFO - Setting next_dagrun for marketing_campaign_etl to 2026-07-09 19:01:00+00:00, run_after=2026-07-09 20:01:00+00:00
[2026-07-09T19:09:30.154+0000] {processor.py:183} INFO - Processing /opt/airflow/dags/marketing_campaign_dag.py took 0.181 seconds
[2026-07-09T19:10:00.323+0000] {processor.py:161} INFO - Started process (PID=1491) to work on /opt/airflow/dags/marketing_campaign_dag.py
[2026-07-09T19:10:00.325+0000] {processor.py:830} INFO - Processing file /opt/airflow/dags/marketing_campaign_dag.py for tasks to queue
[2026-07-09T19:10:00.328+0000] {logging_mixin.py:188} INFO - [2026-07-09T19:10:00.326+0000] {dagbag.py:540} INFO - Filling up the DagBag from /opt/airflow/dags/marketing_campaign_dag.py
[2026-07-09T19:10:00.372+0000] {processor.py:840} INFO - DAG(s) 'marketing_campaign_etl' retrieved from /opt/airflow/dags/marketing_campaign_dag.py
[2026-07-09T19:10:00.471+0000] {logging_mixin.py:188} INFO - [2026-07-09T19:10:00.471+0000] {dag.py:3047} INFO - Sync 1 DAGs
[2026-07-09T19:10:00.515+0000] {logging_mixin.py:188} INFO - [2026-07-09T19:10:00.515+0000] {dag.py:3834} INFO - Setting next_dagrun for marketing_campaign_etl to 2026-07-09 19:01:00+00:00, run_after=2026-07-09 20:01:00+00:00
[2026-07-09T19:10:00.542+0000] {processor.py:183} INFO - Processing /opt/airflow/dags/marketing_campaign_dag.py took 0.228 seconds
[2026-07-09T19:10:30.727+0000] {processor.py:161} INFO - Started process (PID=1552) to work on /opt/airflow/dags/marketing_campaign_dag.py
[2026-07-09T19:10:30.730+0000] {processor.py:830} INFO - Processing file /opt/airflow/dags/marketing_campaign_dag.py for tasks to queue
[2026-07-09T19:10:30.733+0000] {logging_mixin.py:188} INFO - [2026-07-09T19:10:30.731+0000] {dagbag.py:540} INFO - Filling up the DagBag from /opt/airflow/dags/marketing_campaign_dag.py
[2026-07-09T19:10:30.794+0000] {processor.py:840} INFO - DAG(s) 'marketing_campaign_etl' retrieved from /opt/airflow/dags/marketing_campaign_dag.py
[2026-07-09T19:10:30.868+0000] {logging_mixin.py:188} INFO - [2026-07-09T19:10:30.868+0000] {dag.py:3047} INFO - Sync 1 DAGs
[2026-07-09T19:10:30.917+0000] {logging_mixin.py:188} INFO - [2026-07-09T19:10:30.916+0000] {dag.py:3834} INFO - Setting next_dagrun for marketing_campaign_etl to 2026-07-09 19:01:00+00:00, run_after=2026-07-09 20:01:00+00:00
[2026-07-09T19:10:30.951+0000] {processor.py:183} INFO - Processing /opt/airflow/dags/marketing_campaign_dag.py took 0.242 seconds
[2026-07-09T19:11:01.128+0000] {processor.py:161} INFO - Started process (PID=1557) to work on /opt/airflow/dags/marketing_campaign_dag.py
[2026-07-09T19:11:01.129+0000] {processor.py:830} INFO - Processing file /opt/airflow/dags/marketing_campaign_dag.py for tasks to queue
[2026-07-09T19:11:01.133+0000] {logging_mixin.py:188} INFO - [2026-07-09T19:11:01.130+0000] {dagbag.py:540} INFO - Filling up the DagBag from /opt/airflow/dags/marketing_campaign_dag.py
[2026-07-09T19:11:01.171+0000] {processor.py:840} INFO - DAG(s) 'marketing_campaign_etl' retrieved from /opt/airflow/dags/marketing_campaign_dag.py
[2026-07-09T19:11:01.262+0000] {logging_mixin.py:188} INFO - [2026-07-09T19:11:01.261+0000] {dag.py:3047} INFO - Sync 1 DAGs
[2026-07-09T19:11:01.305+0000] {logging_mixin.py:188} INFO - [2026-07-09T19:11:01.304+0000] {dag.py:3834} INFO - Setting next_dagrun for marketing_campaign_etl to 2026-07-09 19:01:00+00:00, run_after=2026-07-09 20:01:00+00:00
[2026-07-09T19:11:01.336+0000] {processor.py:183} INFO - Processing /opt/airflow/dags/marketing_campaign_dag.py took 0.217 seconds
[2026-07-09T19:11:31.540+0000] {processor.py:161} INFO - Started process (PID=1562) to work on /opt/airflow/dags/marketing_campaign_dag.py
[2026-07-09T19:11:31.543+0000] {processor.py:830} INFO - Processing file /opt/airflow/dags/marketing_campaign_dag.py for tasks to queue
[2026-07-09T19:11:31.548+0000] {logging_mixin.py:188} INFO - [2026-07-09T19:11:31.546+0000] {dagbag.py:540} INFO - Filling up the DagBag from /opt/airflow/dags/marketing_campaign_dag.py
[2026-07-09T19:11:31.687+0000] {processor.py:840} INFO - DAG(s) 'marketing_campaign_etl' retrieved from /opt/airflow/dags/marketing_campaign_dag.py
[2026-07-09T19:11:31.833+0000] {logging_mixin.py:188} INFO - [2026-07-09T19:11:31.833+0000] {dag.py:3047} INFO - Sync 1 DAGs
[2026-07-09T19:11:31.889+0000] {logging_mixin.py:188} INFO - [2026-07-09T19:11:31.888+0000] {dag.py:3834} INFO - Setting next_dagrun for marketing_campaign_etl to 2026-07-09 19:01:00+00:00, run_after=2026-07-09 20:01:00+00:00
[2026-07-09T19:11:31.927+0000] {processor.py:183} INFO - Processing /opt/airflow/dags/marketing_campaign_dag.py took 0.411 seconds
[2026-07-09T19:12:02.103+0000] {processor.py:161} INFO - Started process (PID=1567) to work on /opt/airflow/dags/marketing_campaign_dag.py
[2026-07-09T19:12:02.105+0000] {processor.py:830} INFO - Processing file /opt/airflow/dags/marketing_campaign_dag.py for tasks to queue
[2026-07-09T19:12:02.108+0000] {logging_mixin.py:188} INFO - [2026-07-09T19:12:02.105+0000] {dagbag.py:540} INFO - Filling up the DagBag from /opt/airflow/dags/marketing_campaign_dag.py
[2026-07-09T19:12:02.139+0000] {processor.py:840} INFO - DAG(s) 'marketing_campaign_etl' retrieved from /opt/airflow/dags/marketing_campaign_dag.py
[2026-07-09T19:12:02.207+0000] {logging_mixin.py:188} INFO - [2026-07-09T19:12:02.207+0000] {dag.py:3047} INFO - Sync 1 DAGs
[2026-07-09T19:12:02.247+0000] {logging_mixin.py:188} INFO - [2026-07-09T19:12:02.246+0000] {dag.py:3834} INFO - Setting next_dagrun for marketing_campaign_etl to 2026-07-09 19:01:00+00:00, run_after=2026-07-09 20:01:00+00:00
[2026-07-09T19:12:02.270+0000] {processor.py:183} INFO - Processing /opt/airflow/dags/marketing_campaign_dag.py took 0.175 seconds
[2026-07-09T19:12:32.436+0000] {processor.py:161} INFO - Started process (PID=1572) to work on /opt/airflow/dags/marketing_campaign_dag.py
[2026-07-09T19:12:32.438+0000] {processor.py:830} INFO - Processing file /opt/airflow/dags/marketing_campaign_dag.py for tasks to queue
[2026-07-09T19:12:32.439+0000] {logging_mixin.py:188} INFO - [2026-07-09T19:12:32.439+0000] {dagbag.py:540} INFO - Filling up the DagBag from /opt/airflow/dags/marketing_campaign_dag.py
[2026-07-09T19:12:32.470+0000] {processor.py:840} INFO - DAG(s) 'marketing_campaign_etl' retrieved from /opt/airflow/dags/marketing_campaign_dag.py
[2026-07-09T19:12:32.536+0000] {logging_mixin.py:188} INFO - [2026-07-09T19:12:32.536+0000] {dag.py:3047} INFO - Sync 1 DAGs
[2026-07-09T19:12:32.575+0000] {logging_mixin.py:188} INFO - [2026-07-09T19:12:32.575+0000] {dag.py:3834} INFO - Setting next_dagrun for marketing_campaign_etl to 2026-07-09 19:01:00+00:00, run_after=2026-07-09 20:01:00+00:00
[2026-07-09T19:12:32.608+0000] {processor.py:183} INFO - Processing /opt/airflow/dags/marketing_campaign_dag.py took 0.182 seconds
[2026-07-09T19:13:02.778+0000] {processor.py:161} INFO - Started process (PID=1577) to work on /opt/airflow/dags/marketing_campaign_dag.py
[2026-07-09T19:13:02.779+0000] {processor.py:830} INFO - Processing file /opt/airflow/dags/marketing_campaign_dag.py for tasks to queue
[2026-07-09T19:13:02.781+0000] {logging_mixin.py:188} INFO - [2026-07-09T19:13:02.780+0000] {dagbag.py:540} INFO - Filling up the DagBag from /opt/airflow/dags/marketing_campaign_dag.py
[2026-07-09T19:13:02.811+0000] {processor.py:840} INFO - DAG(s) 'marketing_campaign_etl' retrieved from /opt/airflow/dags/marketing_campaign_dag.py
[2026-07-09T19:13:02.887+0000] {logging_mixin.py:188} INFO - [2026-07-09T19:13:02.887+0000] {dag.py:3047} INFO - Sync 1 DAGs
[2026-07-09T19:13:02.929+0000] {logging_mixin.py:188} INFO - [2026-07-09T19:13:02.929+0000] {dag.py:3834} INFO - Setting next_dagrun for marketing_campaign_etl to 2026-07-09 19:01:00+00:00, run_after=2026-07-09 20:01:00+00:00
[2026-07-09T19:13:02.958+0000] {processor.py:183} INFO - Processing /opt/airflow/dags/marketing_campaign_dag.py took 0.190 seconds
[2026-07-09T19:13:21.869+0000] {processor.py:161} INFO - Started process (PID=1582) to work on /opt/airflow/dags/marketing_campaign_dag.py
[2026-07-09T19:13:21.874+0000] {processor.py:830} INFO - Processing file /opt/airflow/dags/marketing_campaign_dag.py for tasks to queue
[2026-07-09T19:13:21.876+0000] {logging_mixin.py:188} INFO - [2026-07-09T19:13:21.875+0000] {dagbag.py:540} INFO - Filling up the DagBag from /opt/airflow/dags/marketing_campaign_dag.py
[2026-07-09T19:13:21.924+0000] {processor.py:840} INFO - DAG(s) 'marketing_campaign_etl' retrieved from /opt/airflow/dags/marketing_campaign_dag.py
[2026-07-09T19:13:22.009+0000] {logging_mixin.py:188} INFO - [2026-07-09T19:13:22.009+0000] {dag.py:3047} INFO - Sync 1 DAGs
[2026-07-09T19:13:22.062+0000] {logging_mixin.py:188} INFO - [2026-07-09T19:13:22.062+0000] {dag.py:3834} INFO - Setting next_dagrun for marketing_campaign_etl to 2026-07-09 19:01:00+00:00, run_after=2026-07-09 20:01:00+00:00
[2026-07-09T19:13:22.099+0000] {processor.py:183} INFO - Processing /opt/airflow/dags/marketing_campaign_dag.py took 0.237 seconds
[2026-07-09T19:13:52.230+0000] {processor.py:161} INFO - Started process (PID=1587) to work on /opt/airflow/dags/marketing_campaign_dag.py
[2026-07-09T19:13:52.232+0000] {processor.py:830} INFO - Processing file /opt/airflow/dags/marketing_campaign_dag.py for tasks to queue
[2026-07-09T19:13:52.237+0000] {logging_mixin.py:188} INFO - [2026-07-09T19:13:52.234+0000] {dagbag.py:540} INFO - Filling up the DagBag from /opt/airflow/dags/marketing_campaign_dag.py
[2026-07-09T19:13:52.296+0000] {processor.py:840} INFO - DAG(s) 'marketing_campaign_etl' retrieved from /opt/airflow/dags/marketing_campaign_dag.py
[2026-07-09T19:13:52.389+0000] {logging_mixin.py:188} INFO - [2026-07-09T19:13:52.388+0000] {dag.py:3047} INFO - Sync 1 DAGs
[2026-07-09T19:13:52.429+0000] {logging_mixin.py:188} INFO - [2026-07-09T19:13:52.428+0000] {dag.py:3834} INFO - Setting next_dagrun for marketing_campaign_etl to 2026-07-09 19:01:00+00:00, run_after=2026-07-09 20:01:00+00:00
[2026-07-09T19:13:52.454+0000] {processor.py:183} INFO - Processing /opt/airflow/dags/marketing_campaign_dag.py took 0.239 seconds
[2026-07-09T19:14:22.633+0000] {processor.py:161} INFO - Started process (PID=1592) to work on /opt/airflow/dags/marketing_campaign_dag.py
[2026-07-09T19:14:22.636+0000] {processor.py:830} INFO - Processing file /opt/airflow/dags/marketing_campaign_dag.py for tasks to queue
[2026-07-09T19:14:22.641+0000] {logging_mixin.py:188} INFO - [2026-07-09T19:14:22.638+0000] {dagbag.py:540} INFO - Filling up the DagBag from /opt/airflow/dags/marketing_campaign_dag.py
[2026-07-09T19:14:22.713+0000] {processor.py:840} INFO - DAG(s) 'marketing_campaign_etl' retrieved from /opt/airflow/dags/marketing_campaign_dag.py
[2026-07-09T19:14:22.814+0000] {logging_mixin.py:188} INFO - [2026-07-09T19:14:22.814+0000] {dag.py:3047} INFO - Sync 1 DAGs
[2026-07-09T19:14:22.854+0000] {logging_mixin.py:188} INFO - [2026-07-09T19:14:22.853+0000] {dag.py:3834} INFO - Setting next_dagrun for marketing_campaign_etl to 2026-07-09 19:01:00+00:00, run_after=2026-07-09 20:01:00+00:00
[2026-07-09T19:14:22.883+0000] {processor.py:183} INFO - Processing /opt/airflow/dags/marketing_campaign_dag.py took 0.262 seconds
[2026-07-09T19:14:53.061+0000] {processor.py:161} INFO - Started process (PID=1597) to work on /opt/airflow/dags/marketing_campaign_dag.py
[2026-07-09T19:14:53.064+0000] {processor.py:830} INFO - Processing file /opt/airflow/dags/marketing_campaign_dag.py for tasks to queue
[2026-07-09T19:14:53.068+0000] {logging_mixin.py:188} INFO - [2026-07-09T19:14:53.066+0000] {dagbag.py:540} INFO - Filling up the DagBag from /opt/airflow/dags/marketing_campaign_dag.py
[2026-07-09T19:14:53.134+0000] {processor.py:840} INFO - DAG(s) 'marketing_campaign_etl' retrieved from /opt/airflow/dags/marketing_campaign_dag.py
[2026-07-09T19:14:53.243+0000] {logging_mixin.py:188} INFO - [2026-07-09T19:14:53.243+0000] {dag.py:3047} INFO - Sync 1 DAGs
[2026-07-09T19:14:53.291+0000] {logging_mixin.py:188} INFO - [2026-07-09T19:14:53.290+0000] {dag.py:3834} INFO - Setting next_dagrun for marketing_campaign_etl to 2026-07-09 19:01:00+00:00, run_after=2026-07-09 20:01:00+00:00
[2026-07-09T19:14:53.316+0000] {processor.py:183} INFO - Processing /opt/airflow/dags/marketing_campaign_dag.py took 0.266 seconds
[2026-07-09T19:15:23.489+0000] {processor.py:161} INFO - Started process (PID=1602) to work on /opt/airflow/dags/marketing_campaign_dag.py
[2026-07-09T19:15:23.491+0000] {processor.py:830} INFO - Processing file /opt/airflow/dags/marketing_campaign_dag.py for tasks to queue
[2026-07-09T19:15:23.492+0000] {logging_mixin.py:188} INFO - [2026-07-09T19:15:23.492+0000] {dagbag.py:540} INFO - Filling up the DagBag from /opt/airflow/dags/marketing_campaign_dag.py
[2026-07-09T19:15:23.523+0000] {processor.py:840} INFO - DAG(s) 'marketing_campaign_etl' retrieved from /opt/airflow/dags/marketing_campaign_dag.py
[2026-07-09T19:15:23.584+0000] {logging_mixin.py:188} INFO - [2026-07-09T19:15:23.583+0000] {dag.py:3047} INFO - Sync 1 DAGs
[2026-07-09T19:15:23.619+0000] {logging_mixin.py:188} INFO - [2026-07-09T19:15:23.619+0000] {dag.py:3834} INFO - Setting next_dagrun for marketing_campaign_etl to 2026-07-09 19:01:00+00:00, run_after=2026-07-09 20:01:00+00:00
[2026-07-09T19:15:23.645+0000] {processor.py:183} INFO - Processing /opt/airflow/dags/marketing_campaign_dag.py took 0.162 seconds
[2026-07-09T19:15:53.823+0000] {processor.py:161} INFO - Started process (PID=1607) to work on /opt/airflow/dags/marketing_campaign_dag.py
[2026-07-09T19:15:53.825+0000] {processor.py:830} INFO - Processing file /opt/airflow/dags/marketing_campaign_dag.py for tasks to queue
[2026-07-09T19:15:53.828+0000] {logging_mixin.py:188} INFO - [2026-07-09T19:15:53.826+0000] {dagbag.py:540} INFO - Filling up the DagBag from /opt/airflow/dags/marketing_campaign_dag.py
[2026-07-09T19:15:53.859+0000] {processor.py:840} INFO - DAG(s) 'marketing_campaign_etl' retrieved from /opt/airflow/dags/marketing_campaign_dag.py
[2026-07-09T19:15:53.924+0000] {logging_mixin.py:188} INFO - [2026-07-09T19:15:53.924+0000] {dag.py:3047} INFO - Sync 1 DAGs
[2026-07-09T19:15:53.963+0000] {logging_mixin.py:188} INFO - [2026-07-09T19:15:53.962+0000] {dag.py:3834} INFO - Setting next_dagrun for marketing_campaign_etl to 2026-07-09 19:01:00+00:00, run_after=2026-07-09 20:01:00+00:00
[2026-07-09T19:15:53.989+0000] {processor.py:183} INFO - Processing /opt/airflow/dags/marketing_campaign_dag.py took 0.175 seconds
[2026-07-09T19:16:24.158+0000] {processor.py:161} INFO - Started process (PID=1612) to work on /opt/airflow/dags/marketing_campaign_dag.py
[2026-07-09T19:16:24.160+0000] {processor.py:830} INFO - Processing file /opt/airflow/dags/marketing_campaign_dag.py for tasks to queue
[2026-07-09T19:16:24.162+0000] {logging_mixin.py:188} INFO - [2026-07-09T19:16:24.161+0000] {dagbag.py:540} INFO - Filling up the DagBag from /opt/airflow/dags/marketing_campaign_dag.py
[2026-07-09T19:16:24.195+0000] {processor.py:840} INFO - DAG(s) 'marketing_campaign_etl' retrieved from /opt/airflow/dags/marketing_campaign_dag.py
[2026-07-09T19:16:24.274+0000] {logging_mixin.py:188} INFO - [2026-07-09T19:16:24.274+0000] {dag.py:3047} INFO - Sync 1 DAGs
[2026-07-09T19:16:24.314+0000] {logging_mixin.py:188} INFO - [2026-07-09T19:16:24.313+0000] {dag.py:3834} INFO - Setting next_dagrun for marketing_campaign_etl to 2026-07-09 19:01:00+00:00, run_after=2026-07-09 20:01:00+00:00
[2026-07-09T19:16:24.341+0000] {processor.py:183} INFO - Processing /opt/airflow/dags/marketing_campaign_dag.py took 0.190 seconds
[2026-07-09T19:16:54.514+0000] {processor.py:161} INFO - Started process (PID=1617) to work on /opt/airflow/dags/marketing_campaign_dag.py
[2026-07-09T19:16:54.517+0000] {processor.py:830} INFO - Processing file /opt/airflow/dags/marketing_campaign_dag.py for tasks to queue
[2026-07-09T19:16:54.520+0000] {logging_mixin.py:188} INFO - [2026-07-09T19:16:54.517+0000] {dagbag.py:540} INFO - Filling up the DagBag from /opt/airflow/dags/marketing_campaign_dag.py
[2026-07-09T19:16:54.556+0000] {processor.py:840} INFO - DAG(s) 'marketing_campaign_etl' retrieved from /opt/airflow/dags/marketing_campaign_dag.py
[2026-07-09T19:16:54.618+0000] {logging_mixin.py:188} INFO - [2026-07-09T19:16:54.618+0000] {dag.py:3047} INFO - Sync 1 DAGs
[2026-07-09T19:16:54.658+0000] {logging_mixin.py:188} INFO - [2026-07-09T19:16:54.658+0000] {dag.py:3834} INFO - Setting next_dagrun for marketing_campaign_etl to 2026-07-09 19:01:00+00:00, run_after=2026-07-09 20:01:00+00:00
[2026-07-09T19:16:54.687+0000] {processor.py:183} INFO - Processing /opt/airflow/dags/marketing_campaign_dag.py took 0.183 seconds
[2026-07-09T19:17:24.876+0000] {processor.py:161} INFO - Started process (PID=1622) to work on /opt/airflow/dags/marketing_campaign_dag.py
[2026-07-09T19:17:24.878+0000] {processor.py:830} INFO - Processing file /opt/airflow/dags/marketing_campaign_dag.py for tasks to queue
[2026-07-09T19:17:24.882+0000] {logging_mixin.py:188} INFO - [2026-07-09T19:17:24.879+0000] {dagbag.py:540} INFO - Filling up the DagBag from /opt/airflow/dags/marketing_campaign_dag.py
[2026-07-09T19:17:24.946+0000] {processor.py:840} INFO - DAG(s) 'marketing_campaign_etl' retrieved from /opt/airflow/dags/marketing_campaign_dag.py
[2026-07-09T19:17:25.026+0000] {logging_mixin.py:188} INFO - [2026-07-09T19:17:25.026+0000] {dag.py:3047} INFO - Sync 1 DAGs
[2026-07-09T19:17:25.064+0000] {logging_mixin.py:188} INFO - [2026-07-09T19:17:25.063+0000] {dag.py:3834} INFO - Setting next_dagrun for marketing_campaign_etl to 2026-07-09 19:01:00+00:00, run_after=2026-07-09 20:01:00+00:00
[2026-07-09T19:17:25.087+0000] {processor.py:183} INFO - Processing /opt/airflow/dags/marketing_campaign_dag.py took 0.225 seconds
[2026-07-09T19:17:55.260+0000] {processor.py:161} INFO - Started process (PID=1627) to work on /opt/airflow/dags/marketing_campaign_dag.py
[2026-07-09T19:17:55.262+0000] {processor.py:830} INFO - Processing file /opt/airflow/dags/marketing_campaign_dag.py for tasks to queue
[2026-07-09T19:17:55.264+0000] {logging_mixin.py:188} INFO - [2026-07-09T19:17:55.263+0000] {dagbag.py:540} INFO - Filling up the DagBag from /opt/airflow/dags/marketing_campaign_dag.py
[2026-07-09T19:17:55.297+0000] {processor.py:840} INFO - DAG(s) 'marketing_campaign_etl' retrieved from /opt/airflow/dags/marketing_campaign_dag.py
[2026-07-09T19:17:55.370+0000] {logging_mixin.py:188} INFO - [2026-07-09T19:17:55.370+0000] {dag.py:3047} INFO - Sync 1 DAGs
[2026-07-09T19:17:55.415+0000] {logging_mixin.py:188} INFO - [2026-07-09T19:17:55.415+0000] {dag.py:3834} INFO - Setting next_dagrun for marketing_campaign_etl to 2026-07-09 19:01:00+00:00, run_after=2026-07-09 20:01:00+00:00
[2026-07-09T19:17:55.439+0000] {processor.py:183} INFO - Processing /opt/airflow/dags/marketing_campaign_dag.py took 0.188 seconds
[2026-07-09T19:18:25.604+0000] {processor.py:161} INFO - Started process (PID=1632) to work on /opt/airflow/dags/marketing_campaign_dag.py
[2026-07-09T19:18:25.606+0000] {processor.py:830} INFO - Processing file /opt/airflow/dags/marketing_campaign_dag.py for tasks to queue
[2026-07-09T19:18:25.609+0000] {logging_mixin.py:188} INFO - [2026-07-09T19:18:25.607+0000] {dagbag.py:540} INFO - Filling up the DagBag from /opt/airflow/dags/marketing_campaign_dag.py
[2026-07-09T19:18:25.641+0000] {processor.py:840} INFO - DAG(s) 'marketing_campaign_etl' retrieved from /opt/airflow/dags/marketing_campaign_dag.py
[2026-07-09T19:18:25.717+0000] {logging_mixin.py:188} INFO - [2026-07-09T19:18:25.715+0000] {dag.py:3047} INFO - Sync 1 DAGs
[2026-07-09T19:18:25.771+0000] {logging_mixin.py:188} INFO - [2026-07-09T19:18:25.770+0000] {dag.py:3834} INFO - Setting next_dagrun for marketing_campaign_etl to 2026-07-09 19:01:00+00:00, run_after=2026-07-09 20:01:00+00:00
[2026-07-09T19:18:25.808+0000] {processor.py:183} INFO - Processing /opt/airflow/dags/marketing_campaign_dag.py took 0.212 seconds
[2026-07-09T19:18:55.988+0000] {processor.py:161} INFO - Started process (PID=1637) to work on /opt/airflow/dags/marketing_campaign_dag.py
[2026-07-09T19:18:55.990+0000] {processor.py:830} INFO - Processing file /opt/airflow/dags/marketing_campaign_dag.py for tasks to queue
[2026-07-09T19:18:55.993+0000] {logging_mixin.py:188} INFO - [2026-07-09T19:18:55.990+0000] {dagbag.py:540} INFO - Filling up the DagBag from /opt/airflow/dags/marketing_campaign_dag.py
[2026-07-09T19:18:56.033+0000] {processor.py:840} INFO - DAG(s) 'marketing_campaign_etl' retrieved from /opt/airflow/dags/marketing_campaign_dag.py
[2026-07-09T19:18:56.119+0000] {logging_mixin.py:188} INFO - [2026-07-09T19:18:56.119+0000] {dag.py:3047} INFO - Sync 1 DAGs
[2026-07-09T19:18:56.163+0000] {logging_mixin.py:188} INFO - [2026-07-09T19:18:56.163+0000] {dag.py:3834} INFO - Setting next_dagrun for marketing_campaign_etl to 2026-07-09 19:01:00+00:00, run_after=2026-07-09 20:01:00+00:00
[2026-07-09T19:18:56.188+0000] {processor.py:183} INFO - Processing /opt/airflow/dags/marketing_campaign_dag.py took 0.210 seconds
[2026-07-09T19:19:26.375+0000] {processor.py:161} INFO - Started process (PID=1642) to work on /opt/airflow/dags/marketing_campaign_dag.py
[2026-07-09T19:19:26.377+0000] {processor.py:830} INFO - Processing file /opt/airflow/dags/marketing_campaign_dag.py for tasks to queue
[2026-07-09T19:19:26.379+0000] {logging_mixin.py:188} INFO - [2026-07-09T19:19:26.378+0000] {dagbag.py:540} INFO - Filling up the DagBag from /opt/airflow/dags/marketing_campaign_dag.py
[2026-07-09T19:19:26.410+0000] {processor.py:840} INFO - DAG(s) 'marketing_campaign_etl' retrieved from /opt/airflow/dags/marketing_campaign_dag.py
[2026-07-09T19:19:26.476+0000] {logging_mixin.py:188} INFO - [2026-07-09T19:19:26.476+0000] {dag.py:3047} INFO - Sync 1 DAGs
[2026-07-09T19:19:26.514+0000] {logging_mixin.py:188} INFO - [2026-07-09T19:19:26.513+0000] {dag.py:3834} INFO - Setting next_dagrun for marketing_campaign_etl to 2026-07-09 19:01:00+00:00, run_after=2026-07-09 20:01:00+00:00
[2026-07-09T19:19:26.540+0000] {processor.py:183} INFO - Processing /opt/airflow/dags/marketing_campaign_dag.py took 0.172 seconds
[2026-07-09T19:19:56.716+0000] {processor.py:161} INFO - Started process (PID=1647) to work on /opt/airflow/dags/marketing_campaign_dag.py
[2026-07-09T19:19:56.718+0000] {processor.py:830} INFO - Processing file /opt/airflow/dags/marketing_campaign_dag.py for tasks to queue
[2026-07-09T19:19:56.722+0000] {logging_mixin.py:188} INFO - [2026-07-09T19:19:56.720+0000] {dagbag.py:540} INFO - Filling up the DagBag from /opt/airflow/dags/marketing_campaign_dag.py
[2026-07-09T19:19:56.778+0000] {processor.py:840} INFO - DAG(s) 'marketing_campaign_etl' retrieved from /opt/airflow/dags/marketing_campaign_dag.py
[2026-07-09T19:19:56.863+0000] {logging_mixin.py:188} INFO - [2026-07-09T19:19:56.862+0000] {dag.py:3047} INFO - Sync 1 DAGs
[2026-07-09T19:19:56.904+0000] {logging_mixin.py:188} INFO - [2026-07-09T19:19:56.903+0000] {dag.py:3834} INFO - Setting next_dagrun for marketing_campaign_etl to 2026-07-09 19:01:00+00:00, run_after=2026-07-09 20:01:00+00:00
[2026-07-09T19:19:56.935+0000] {processor.py:183} INFO - Processing /opt/airflow/dags/marketing_campaign_dag.py took 0.234 seconds
[2026-07-09T19:20:27.111+0000] {processor.py:161} INFO - Started process (PID=1652) to work on /opt/airflow/dags/marketing_campaign_dag.py
[2026-07-09T19:20:27.113+0000] {processor.py:830} INFO - Processing file /opt/airflow/dags/marketing_campaign_dag.py for tasks to queue
[2026-07-09T19:20:27.117+0000] {logging_mixin.py:188} INFO - [2026-07-09T19:20:27.114+0000] {dagbag.py:540} INFO - Filling up the DagBag from /opt/airflow/dags/marketing_campaign_dag.py
[2026-07-09T19:20:27.148+0000] {processor.py:840} INFO - DAG(s) 'marketing_campaign_etl' retrieved from /opt/airflow/dags/marketing_campaign_dag.py
[2026-07-09T19:20:27.221+0000] {logging_mixin.py:188} INFO - [2026-07-09T19:20:27.220+0000] {dag.py:3047} INFO - Sync 1 DAGs
[2026-07-09T19:20:27.259+0000] {logging_mixin.py:188} INFO - [2026-07-09T19:20:27.259+0000] {dag.py:3834} INFO - Setting next_dagrun for marketing_campaign_etl to 2026-07-09 19:01:00+00:00, run_after=2026-07-09 20:01:00+00:00
[2026-07-09T19:20:27.285+0000] {processor.py:183} INFO - Processing /opt/airflow/dags/marketing_campaign_dag.py took 0.182 seconds
[2026-07-09T19:20:57.455+0000] {processor.py:161} INFO - Started process (PID=1657) to work on /opt/airflow/dags/marketing_campaign_dag.py
[2026-07-09T19:20:57.457+0000] {processor.py:830} INFO - Processing file /opt/airflow/dags/marketing_campaign_dag.py for tasks to queue
[2026-07-09T19:20:57.460+0000] {logging_mixin.py:188} INFO - [2026-07-09T19:20:57.458+0000] {dagbag.py:540} INFO - Filling up the DagBag from /opt/airflow/dags/marketing_campaign_dag.py
[2026-07-09T19:20:57.498+0000] {processor.py:840} INFO - DAG(s) 'marketing_campaign_etl' retrieved from /opt/airflow/dags/marketing_campaign_dag.py
[2026-07-09T19:20:57.572+0000] {logging_mixin.py:188} INFO - [2026-07-09T19:20:57.572+0000] {dag.py:3047} INFO - Sync 1 DAGs
[2026-07-09T19:20:57.610+0000] {logging_mixin.py:188} INFO - [2026-07-09T19:20:57.610+0000] {dag.py:3834} INFO - Setting next_dagrun for marketing_campaign_etl to 2026-07-09 19:01:00+00:00, run_after=2026-07-09 20:01:00+00:00
[2026-07-09T19:20:57.636+0000] {processor.py:183} INFO - Processing /opt/airflow/dags/marketing_campaign_dag.py took 0.190 seconds
[2026-07-09T19:21:27.816+0000] {processor.py:161} INFO - Started process (PID=1662) to work on /opt/airflow/dags/marketing_campaign_dag.py
[2026-07-09T19:21:27.818+0000] {processor.py:830} INFO - Processing file /opt/airflow/dags/marketing_campaign_dag.py for tasks to queue
[2026-07-09T19:21:27.821+0000] {logging_mixin.py:188} INFO - [2026-07-09T19:21:27.820+0000] {dagbag.py:540} INFO - Filling up the DagBag from /opt/airflow/dags/marketing_campaign_dag.py
[2026-07-09T19:21:27.873+0000] {processor.py:840} INFO - DAG(s) 'marketing_campaign_etl' retrieved from /opt/airflow/dags/marketing_campaign_dag.py
[2026-07-09T19:21:27.967+0000] {logging_mixin.py:188} INFO - [2026-07-09T19:21:27.966+0000] {dag.py:3047} INFO - Sync 1 DAGs
[2026-07-09T19:21:28.017+0000] {logging_mixin.py:188} INFO - [2026-07-09T19:21:28.017+0000] {dag.py:3834} INFO - Setting next_dagrun for marketing_campaign_etl to 2026-07-09 19:01:00+00:00, run_after=2026-07-09 20:01:00+00:00
[2026-07-09T19:21:28.046+0000] {processor.py:183} INFO - Processing /opt/airflow/dags/marketing_campaign_dag.py took 0.241 seconds
[2026-07-09T19:21:58.222+0000] {processor.py:161} INFO - Started process (PID=1667) to work on /opt/airflow/dags/marketing_campaign_dag.py
[2026-07-09T19:21:58.223+0000] {processor.py:830} INFO - Processing file /opt/airflow/dags/marketing_campaign_dag.py for tasks to queue
[2026-07-09T19:21:58.226+0000] {logging_mixin.py:188} INFO - [2026-07-09T19:21:58.224+0000] {dagbag.py:540} INFO - Filling up the DagBag from /opt/airflow/dags/marketing_campaign_dag.py
[2026-07-09T19:21:58.262+0000] {processor.py:840} INFO - DAG(s) 'marketing_campaign_etl' retrieved from /opt/airflow/dags/marketing_campaign_dag.py
[2026-07-09T19:21:58.324+0000] {logging_mixin.py:188} INFO - [2026-07-09T19:21:58.324+0000] {dag.py:3047} INFO - Sync 1 DAGs
[2026-07-09T19:21:58.364+0000] {logging_mixin.py:188} INFO - [2026-07-09T19:21:58.364+0000] {dag.py:3834} INFO - Setting next_dagrun for marketing_campaign_etl to 2026-07-09 19:01:00+00:00, run_after=2026-07-09 20:01:00+00:00
[2026-07-09T19:21:58.393+0000] {processor.py:183} INFO - Processing /opt/airflow/dags/marketing_campaign_dag.py took 0.180 seconds
[2026-07-09T19:22:28.555+0000] {processor.py:161} INFO - Started process (PID=1672) to work on /opt/airflow/dags/marketing_campaign_dag.py
[2026-07-09T19:22:28.557+0000] {processor.py:830} INFO - Processing file /opt/airflow/dags/marketing_campaign_dag.py for tasks to queue
[2026-07-09T19:22:28.559+0000] {logging_mixin.py:188} INFO - [2026-07-09T19:22:28.558+0000] {dagbag.py:540} INFO - Filling up the DagBag from /opt/airflow/dags/marketing_campaign_dag.py
[2026-07-09T19:22:28.589+0000] {processor.py:840} INFO - DAG(s) 'marketing_campaign_etl' retrieved from /opt/airflow/dags/marketing_campaign_dag.py
[2026-07-09T19:22:28.653+0000] {logging_mixin.py:188} INFO - [2026-07-09T19:22:28.653+0000] {dag.py:3047} INFO - Sync 1 DAGs
[2026-07-09T19:22:28.687+0000] {logging_mixin.py:188} INFO - [2026-07-09T19:22:28.687+0000] {dag.py:3834} INFO - Setting next_dagrun for marketing_campaign_etl to 2026-07-09 19:01:00+00:00, run_after=2026-07-09 20:01:00+00:00
[2026-07-09T19:22:28.710+0000] {processor.py:183} INFO - Processing /opt/airflow/dags/marketing_campaign_dag.py took 0.162 seconds
[2026-07-09T19:22:58.881+0000] {processor.py:161} INFO - Started process (PID=1677) to work on /opt/airflow/dags/marketing_campaign_dag.py
[2026-07-09T19:22:58.883+0000] {processor.py:830} INFO - Processing file /opt/airflow/dags/marketing_campaign_dag.py for tasks to queue
[2026-07-09T19:22:58.886+0000] {logging_mixin.py:188} INFO - [2026-07-09T19:22:58.883+0000] {dagbag.py:540} INFO - Filling up the DagBag from /opt/airflow/dags/marketing_campaign_dag.py
[2026-07-09T19:22:58.923+0000] {processor.py:840} INFO - DAG(s) 'marketing_campaign_etl' retrieved from /opt/airflow/dags/marketing_campaign_dag.py
[2026-07-09T19:22:59.020+0000] {logging_mixin.py:188} INFO - [2026-07-09T19:22:59.019+0000] {dag.py:3047} INFO - Sync 1 DAGs
[2026-07-09T19:22:59.077+0000] {logging_mixin.py:188} INFO - [2026-07-09T19:22:59.077+0000] {dag.py:3834} INFO - Setting next_dagrun for marketing_campaign_etl to 2026-07-09 19:01:00+00:00, run_after=2026-07-09 20:01:00+00:00
[2026-07-09T19:22:59.108+0000] {processor.py:183} INFO - Processing /opt/airflow/dags/marketing_campaign_dag.py took 0.235 seconds
[2026-07-09T19:23:29.289+0000] {processor.py:161} INFO - Started process (PID=1682) to work on /opt/airflow/dags/marketing_campaign_dag.py
[2026-07-09T19:23:29.291+0000] {processor.py:830} INFO - Processing file /opt/airflow/dags/marketing_campaign_dag.py for tasks to queue
[2026-07-09T19:23:29.294+0000] {logging_mixin.py:188} INFO - [2026-07-09T19:23:29.291+0000] {dagbag.py:540} INFO - Filling up the DagBag from /opt/airflow/dags/marketing_campaign_dag.py
[2026-07-09T19:23:29.335+0000] {processor.py:840} INFO - DAG(s) 'marketing_campaign_etl' retrieved from /opt/airflow/dags/marketing_campaign_dag.py
[2026-07-09T19:23:29.434+0000] {logging_mixin.py:188} INFO - [2026-07-09T19:23:29.434+0000] {dag.py:3047} INFO - Sync 1 DAGs
[2026-07-09T19:23:29.473+0000] {logging_mixin.py:188} INFO - [2026-07-09T19:23:29.472+0000] {dag.py:3834} INFO - Setting next_dagrun for marketing_campaign_etl to 2026-07-09 19:01:00+00:00, run_after=2026-07-09 20:01:00+00:00
[2026-07-09T19:23:29.497+0000] {processor.py:183} INFO - Processing /opt/airflow/dags/marketing_campaign_dag.py took 0.217 seconds
[2026-07-09T19:23:59.726+0000] {processor.py:161} INFO - Started process (PID=1687) to work on /opt/airflow/dags/marketing_campaign_dag.py
[2026-07-09T19:23:59.729+0000] {processor.py:830} INFO - Processing file /opt/airflow/dags/marketing_campaign_dag.py for tasks to queue
[2026-07-09T19:23:59.736+0000] {logging_mixin.py:188} INFO - [2026-07-09T19:23:59.729+0000] {dagbag.py:540} INFO - Filling up the DagBag from /opt/airflow/dags/marketing_campaign_dag.py
[2026-07-09T19:23:59.798+0000] {processor.py:840} INFO - DAG(s) 'marketing_campaign_etl' retrieved from /opt/airflow/dags/marketing_campaign_dag.py
[2026-07-09T19:23:59.974+0000] {logging_mixin.py:188} INFO - [2026-07-09T19:23:59.974+0000] {dag.py:3047} INFO - Sync 1 DAGs
[2026-07-09T19:24:00.034+0000] {logging_mixin.py:188} INFO - [2026-07-09T19:24:00.033+0000] {dag.py:3834} INFO - Setting next_dagrun for marketing_campaign_etl to 2026-07-09 19:01:00+00:00, run_after=2026-07-09 20:01:00+00:00
[2026-07-09T19:24:00.072+0000] {processor.py:183} INFO - Processing /opt/airflow/dags/marketing_campaign_dag.py took 0.361 seconds
[2026-07-09T19:24:30.675+0000] {processor.py:161} INFO - Started process (PID=1692) to work on /opt/airflow/dags/marketing_campaign_dag.py
[2026-07-09T19:24:30.682+0000] {processor.py:830} INFO - Processing file /opt/airflow/dags/marketing_campaign_dag.py for tasks to queue
[2026-07-09T19:24:30.733+0000] {logging_mixin.py:188} INFO - [2026-07-09T19:24:30.683+0000] {dagbag.py:540} INFO - Filling up the DagBag from /opt/airflow/dags/marketing_campaign_dag.py
[2026-07-09T19:24:31.100+0000] {processor.py:840} INFO - DAG(s) 'marketing_campaign_etl' retrieved from /opt/airflow/dags/marketing_campaign_dag.py
[2026-07-09T19:24:33.541+0000] {logging_mixin.py:188} INFO - [2026-07-09T19:24:33.461+0000] {dag.py:3047} INFO - Sync 1 DAGs
[2026-07-09T19:24:34.875+0000] {logging_mixin.py:188} INFO - [2026-07-09T19:24:34.784+0000] {dag.py:3834} INFO - Setting next_dagrun for marketing_campaign_etl to 2026-07-09 19:01:00+00:00, run_after=2026-07-09 20:01:00+00:00
[2026-07-09T19:24:37.617+0000] {processor.py:183} INFO - Processing /opt/airflow/dags/marketing_campaign_dag.py took 7.023 seconds
[2026-07-09T19:25:08.713+0000] {processor.py:161} INFO - Started process (PID=1697) to work on /opt/airflow/dags/marketing_campaign_dag.py
[2026-07-09T19:25:08.813+0000] {processor.py:830} INFO - Processing file /opt/airflow/dags/marketing_campaign_dag.py for tasks to queue
[2026-07-09T19:25:08.900+0000] {logging_mixin.py:188} INFO - [2026-07-09T19:25:08.816+0000] {dagbag.py:540} INFO - Filling up the DagBag from /opt/airflow/dags/marketing_campaign_dag.py
[2026-07-09T19:25:09.517+0000] {processor.py:840} INFO - DAG(s) 'marketing_campaign_etl' retrieved from /opt/airflow/dags/marketing_campaign_dag.py
[2026-07-09T19:25:12.863+0000] {logging_mixin.py:188} INFO - [2026-07-09T19:25:12.726+0000] {dag.py:3047} INFO - Sync 1 DAGs
[2026-07-09T19:25:15.354+0000] {logging_mixin.py:188} INFO - [2026-07-09T19:25:15.270+0000] {dag.py:3834} INFO - Setting next_dagrun for marketing_campaign_etl to 2026-07-09 19:01:00+00:00, run_after=2026-07-09 20:01:00+00:00
[2026-07-09T19:25:23.811+0000] {processor.py:183} INFO - Processing /opt/airflow/dags/marketing_campaign_dag.py took 15.217 seconds
[2026-07-09T19:25:55.878+0000] {processor.py:161} INFO - Started process (PID=1702) to work on /opt/airflow/dags/marketing_campaign_dag.py
[2026-07-09T19:25:55.880+0000] {processor.py:830} INFO - Processing file /opt/airflow/dags/marketing_campaign_dag.py for tasks to queue
[2026-07-09T19:25:55.897+0000] {logging_mixin.py:188} INFO - [2026-07-09T19:25:55.881+0000] {dagbag.py:540} INFO - Filling up the DagBag from /opt/airflow/dags/marketing_campaign_dag.py
[2026-07-09T19:25:56.048+0000] {processor.py:840} INFO - DAG(s) 'marketing_campaign_etl' retrieved from /opt/airflow/dags/marketing_campaign_dag.py
[2026-07-09T19:25:56.841+0000] {logging_mixin.py:188} INFO - [2026-07-09T19:25:56.803+0000] {dag.py:3047} INFO - Sync 1 DAGs
[2026-07-09T19:25:56.976+0000] {logging_mixin.py:188} INFO - [2026-07-09T19:25:56.974+0000] {dag.py:3834} INFO - Setting next_dagrun for marketing_campaign_etl to 2026-07-09 19:01:00+00:00, run_after=2026-07-09 20:01:00+00:00
[2026-07-09T19:25:57.063+0000] {processor.py:183} INFO - Processing /opt/airflow/dags/marketing_campaign_dag.py took 1.205 seconds
[2026-07-09T19:26:27.615+0000] {processor.py:161} INFO - Started process (PID=1707) to work on /opt/airflow/dags/marketing_campaign_dag.py
[2026-07-09T19:26:27.619+0000] {processor.py:830} INFO - Processing file /opt/airflow/dags/marketing_campaign_dag.py for tasks to queue
[2026-07-09T19:26:27.628+0000] {logging_mixin.py:188} INFO - [2026-07-09T19:26:27.621+0000] {dagbag.py:540} INFO - Filling up the DagBag from /opt/airflow/dags/marketing_campaign_dag.py
[2026-07-09T19:26:27.711+0000] {processor.py:840} INFO - DAG(s) 'marketing_campaign_etl' retrieved from /opt/airflow/dags/marketing_campaign_dag.py
[2026-07-09T19:26:28.054+0000] {logging_mixin.py:188} INFO - [2026-07-09T19:26:28.032+0000] {dag.py:3047} INFO - Sync 1 DAGs
[2026-07-09T19:26:28.187+0000] {logging_mixin.py:188} INFO - [2026-07-09T19:26:28.187+0000] {dag.py:3834} INFO - Setting next_dagrun for marketing_campaign_etl to 2026-07-09 19:01:00+00:00, run_after=2026-07-09 20:01:00+00:00
[2026-07-09T19:26:28.256+0000] {processor.py:183} INFO - Processing /opt/airflow/dags/marketing_campaign_dag.py took 0.656 seconds
[2026-07-09T19:26:58.992+0000] {processor.py:161} INFO - Started process (PID=1712) to work on /opt/airflow/dags/marketing_campaign_dag.py
[2026-07-09T19:26:59.002+0000] {processor.py:830} INFO - Processing file /opt/airflow/dags/marketing_campaign_dag.py for tasks to queue
[2026-07-09T19:26:59.009+0000] {logging_mixin.py:188} INFO - [2026-07-09T19:26:59.003+0000] {dagbag.py:540} INFO - Filling up the DagBag from /opt/airflow/dags/marketing_campaign_dag.py
[2026-07-09T19:26:59.076+0000] {processor.py:840} INFO - DAG(s) 'marketing_campaign_etl' retrieved from /opt/airflow/dags/marketing_campaign_dag.py
[2026-07-09T19:26:59.336+0000] {logging_mixin.py:188} INFO - [2026-07-09T19:26:59.332+0000] {dag.py:3047} INFO - Sync 1 DAGs
[2026-07-09T19:26:59.393+0000] {logging_mixin.py:188} INFO - [2026-07-09T19:26:59.392+0000] {dag.py:3834} INFO - Setting next_dagrun for marketing_campaign_etl to 2026-07-09 19:01:00+00:00, run_after=2026-07-09 20:01:00+00:00
[2026-07-09T19:26:59.434+0000] {processor.py:183} INFO - Processing /opt/airflow/dags/marketing_campaign_dag.py took 0.454 seconds
[2026-07-09T19:27:30.015+0000] {processor.py:161} INFO - Started process (PID=1717) to work on /opt/airflow/dags/marketing_campaign_dag.py
[2026-07-09T19:27:30.022+0000] {processor.py:830} INFO - Processing file /opt/airflow/dags/marketing_campaign_dag.py for tasks to queue
[2026-07-09T19:27:30.028+0000] {logging_mixin.py:188} INFO - [2026-07-09T19:27:30.022+0000] {dagbag.py:540} INFO - Filling up the DagBag from /opt/airflow/dags/marketing_campaign_dag.py
[2026-07-09T19:27:30.104+0000] {processor.py:840} INFO - DAG(s) 'marketing_campaign_etl' retrieved from /opt/airflow/dags/marketing_campaign_dag.py
[2026-07-09T19:27:30.365+0000] {logging_mixin.py:188} INFO - [2026-07-09T19:27:30.353+0000] {dag.py:3047} INFO - Sync 1 DAGs
[2026-07-09T19:27:30.466+0000] {logging_mixin.py:188} INFO - [2026-07-09T19:27:30.463+0000] {dag.py:3834} INFO - Setting next_dagrun for marketing_campaign_etl to 2026-07-09 19:01:00+00:00, run_after=2026-07-09 20:01:00+00:00
[2026-07-09T19:27:30.533+0000] {processor.py:183} INFO - Processing /opt/airflow/dags/marketing_campaign_dag.py took 0.531 seconds
[2026-07-09T19:28:01.174+0000] {processor.py:161} INFO - Started process (PID=1722) to work on /opt/airflow/dags/marketing_campaign_dag.py
[2026-07-09T19:28:01.178+0000] {processor.py:830} INFO - Processing file /opt/airflow/dags/marketing_campaign_dag.py for tasks to queue
[2026-07-09T19:28:01.188+0000] {logging_mixin.py:188} INFO - [2026-07-09T19:28:01.179+0000] {dagbag.py:540} INFO - Filling up the DagBag from /opt/airflow/dags/marketing_campaign_dag.py
[2026-07-09T19:28:01.312+0000] {processor.py:840} INFO - DAG(s) 'marketing_campaign_etl' retrieved from /opt/airflow/dags/marketing_campaign_dag.py
[2026-07-09T19:28:02.187+0000] {logging_mixin.py:188} INFO - [2026-07-09T19:28:02.147+0000] {dag.py:3047} INFO - Sync 1 DAGs
[2026-07-09T19:28:02.511+0000] {logging_mixin.py:188} INFO - [2026-07-09T19:28:02.451+0000] {dag.py:3834} INFO - Setting next_dagrun for marketing_campaign_etl to 2026-07-09 19:01:00+00:00, run_after=2026-07-09 20:01:00+00:00
[2026-07-09T19:28:03.779+0000] {processor.py:183} INFO - Processing /opt/airflow/dags/marketing_campaign_dag.py took 2.630 seconds
[2026-07-09T22:25:23.028+0000] {processor.py:161} INFO - Started process (PID=167) to work on /opt/airflow/dags/marketing_campaign_dag.py
[2026-07-09T22:25:23.035+0000] {processor.py:830} INFO - Processing file /opt/airflow/dags/marketing_campaign_dag.py for tasks to queue
[2026-07-09T22:25:23.045+0000] {logging_mixin.py:188} INFO - [2026-07-09T22:25:23.035+0000] {dagbag.py:540} INFO - Filling up the DagBag from /opt/airflow/dags/marketing_campaign_dag.py
[2026-07-09T22:25:23.557+0000] {processor.py:840} INFO - DAG(s) 'marketing_campaign_etl' retrieved from /opt/airflow/dags/marketing_campaign_dag.py
[2026-07-09T22:29:09.207+0000] {processor.py:161} INFO - Started process (PID=167) to work on /opt/airflow/dags/marketing_campaign_dag.py
[2026-07-09T22:29:09.208+0000] {processor.py:830} INFO - Processing file /opt/airflow/dags/marketing_campaign_dag.py for tasks to queue
[2026-07-09T22:29:09.209+0000] {logging_mixin.py:188} INFO - [2026-07-09T22:29:09.208+0000] {dagbag.py:540} INFO - Filling up the DagBag from /opt/airflow/dags/marketing_campaign_dag.py
[2026-07-09T22:29:09.221+0000] {processor.py:840} INFO - DAG(s) 'marketing_campaign_etl' retrieved from /opt/airflow/dags/marketing_campaign_dag.py
[2026-07-09T22:29:09.244+0000] {logging_mixin.py:188} INFO - [2026-07-09T22:29:09.244+0000] {dag.py:3047} INFO - Sync 1 DAGs
[2026-07-09T22:29:09.264+0000] {logging_mixin.py:188} INFO - [2026-07-09T22:29:09.264+0000] {dag.py:3834} INFO - Setting next_dagrun for marketing_campaign_etl to 2026-07-09 22:01:00+00:00, run_after=2026-07-09 23:01:00+00:00
[2026-07-09T22:29:09.281+0000] {processor.py:183} INFO - Processing /opt/airflow/dags/marketing_campaign_dag.py took 0.077 seconds
[2026-07-09T22:29:39.369+0000] {processor.py:161} INFO - Started process (PID=228) to work on /opt/airflow/dags/marketing_campaign_dag.py
[2026-07-09T22:29:39.371+0000] {processor.py:830} INFO - Processing file /opt/airflow/dags/marketing_campaign_dag.py for tasks to queue
[2026-07-09T22:29:39.372+0000] {logging_mixin.py:188} INFO - [2026-07-09T22:29:39.371+0000] {dagbag.py:540} INFO - Filling up the DagBag from /opt/airflow/dags/marketing_campaign_dag.py
[2026-07-09T22:29:39.391+0000] {processor.py:840} INFO - DAG(s) 'marketing_campaign_etl' retrieved from /opt/airflow/dags/marketing_campaign_dag.py
[2026-07-09T22:29:39.782+0000] {logging_mixin.py:188} INFO - [2026-07-09T22:29:39.782+0000] {dag.py:3047} INFO - Sync 1 DAGs
[2026-07-09T22:29:39.809+0000] {logging_mixin.py:188} INFO - [2026-07-09T22:29:39.809+0000] {dag.py:3834} INFO - Setting next_dagrun for marketing_campaign_etl to 2026-07-09 22:01:00+00:00, run_after=2026-07-09 23:01:00+00:00
[2026-07-09T22:29:39.831+0000] {processor.py:183} INFO - Processing /opt/airflow/dags/marketing_campaign_dag.py took 0.466 seconds
[2026-07-09T22:30:10.004+0000] {processor.py:161} INFO - Started process (PID=233) to work on /opt/airflow/dags/marketing_campaign_dag.py
[2026-07-09T22:30:10.005+0000] {processor.py:830} INFO - Processing file /opt/airflow/dags/marketing_campaign_dag.py for tasks to queue
[2026-07-09T22:30:10.007+0000] {logging_mixin.py:188} INFO - [2026-07-09T22:30:10.006+0000] {dagbag.py:540} INFO - Filling up the DagBag from /opt/airflow/dags/marketing_campaign_dag.py
[2026-07-09T22:30:10.037+0000] {processor.py:840} INFO - DAG(s) 'marketing_campaign_etl' retrieved from /opt/airflow/dags/marketing_campaign_dag.py
[2026-07-09T22:30:10.084+0000] {logging_mixin.py:188} INFO - [2026-07-09T22:30:10.083+0000] {dag.py:3047} INFO - Sync 1 DAGs
[2026-07-09T22:30:10.124+0000] {logging_mixin.py:188} INFO - [2026-07-09T22:30:10.124+0000] {dag.py:3834} INFO - Setting next_dagrun for marketing_campaign_etl to 2026-07-09 22:01:00+00:00, run_after=2026-07-09 23:01:00+00:00
[2026-07-09T22:30:10.147+0000] {processor.py:183} INFO - Processing /opt/airflow/dags/marketing_campaign_dag.py took 0.149 seconds
[2026-07-09T22:30:40.306+0000] {processor.py:161} INFO - Started process (PID=238) to work on /opt/airflow/dags/marketing_campaign_dag.py
[2026-07-09T22:30:40.308+0000] {processor.py:830} INFO - Processing file /opt/airflow/dags/marketing_campaign_dag.py for tasks to queue
[2026-07-09T22:30:40.310+0000] {logging_mixin.py:188} INFO - [2026-07-09T22:30:40.309+0000] {dagbag.py:540} INFO - Filling up the DagBag from /opt/airflow/dags/marketing_campaign_dag.py
[2026-07-09T22:30:40.335+0000] {processor.py:840} INFO - DAG(s) 'marketing_campaign_etl' retrieved from /opt/airflow/dags/marketing_campaign_dag.py
[2026-07-09T22:30:40.382+0000] {logging_mixin.py:188} INFO - [2026-07-09T22:30:40.382+0000] {dag.py:3047} INFO - Sync 1 DAGs
[2026-07-09T22:30:40.414+0000] {logging_mixin.py:188} INFO - [2026-07-09T22:30:40.414+0000] {dag.py:3834} INFO - Setting next_dagrun for marketing_campaign_etl to 2026-07-09 22:01:00+00:00, run_after=2026-07-09 23:01:00+00:00
[2026-07-09T22:30:40.437+0000] {processor.py:183} INFO - Processing /opt/airflow/dags/marketing_campaign_dag.py took 0.136 seconds
[2026-07-09T22:31:10.606+0000] {processor.py:161} INFO - Started process (PID=243) to work on /opt/airflow/dags/marketing_campaign_dag.py
[2026-07-09T22:31:10.608+0000] {processor.py:830} INFO - Processing file /opt/airflow/dags/marketing_campaign_dag.py for tasks to queue
[2026-07-09T22:31:10.609+0000] {logging_mixin.py:188} INFO - [2026-07-09T22:31:10.608+0000] {dagbag.py:540} INFO - Filling up the DagBag from /opt/airflow/dags/marketing_campaign_dag.py
[2026-07-09T22:31:10.627+0000] {processor.py:840} INFO - DAG(s) 'marketing_campaign_etl' retrieved from /opt/airflow/dags/marketing_campaign_dag.py
[2026-07-09T22:31:10.670+0000] {logging_mixin.py:188} INFO - [2026-07-09T22:31:10.670+0000] {dag.py:3047} INFO - Sync 1 DAGs
[2026-07-09T22:31:10.703+0000] {logging_mixin.py:188} INFO - [2026-07-09T22:31:10.703+0000] {dag.py:3834} INFO - Setting next_dagrun for marketing_campaign_etl to 2026-07-09 22:01:00+00:00, run_after=2026-07-09 23:01:00+00:00
[2026-07-09T22:31:10.730+0000] {processor.py:183} INFO - Processing /opt/airflow/dags/marketing_campaign_dag.py took 0.129 seconds
[2026-07-09T22:31:40.883+0000] {processor.py:161} INFO - Started process (PID=248) to work on /opt/airflow/dags/marketing_campaign_dag.py
[2026-07-09T22:31:40.884+0000] {processor.py:830} INFO - Processing file /opt/airflow/dags/marketing_campaign_dag.py for tasks to queue
[2026-07-09T22:31:40.885+0000] {logging_mixin.py:188} INFO - [2026-07-09T22:31:40.885+0000] {dagbag.py:540} INFO - Filling up the DagBag from /opt/airflow/dags/marketing_campaign_dag.py
[2026-07-09T22:31:40.906+0000] {processor.py:840} INFO - DAG(s) 'marketing_campaign_etl' retrieved from /opt/airflow/dags/marketing_campaign_dag.py
[2026-07-09T22:31:40.953+0000] {logging_mixin.py:188} INFO - [2026-07-09T22:31:40.952+0000] {dag.py:3047} INFO - Sync 1 DAGs
[2026-07-09T22:31:40.988+0000] {logging_mixin.py:188} INFO - [2026-07-09T22:31:40.988+0000] {dag.py:3834} INFO - Setting next_dagrun for marketing_campaign_etl to 2026-07-09 22:01:00+00:00, run_after=2026-07-09 23:01:00+00:00
[2026-07-09T22:31:41.360+0000] {processor.py:183} INFO - Processing /opt/airflow/dags/marketing_campaign_dag.py took 0.481 seconds
[2026-07-09T22:32:11.537+0000] {processor.py:161} INFO - Started process (PID=253) to work on /opt/airflow/dags/marketing_campaign_dag.py
[2026-07-09T22:32:11.538+0000] {processor.py:830} INFO - Processing file /opt/airflow/dags/marketing_campaign_dag.py for tasks to queue
[2026-07-09T22:32:11.540+0000] {logging_mixin.py:188} INFO - [2026-07-09T22:32:11.539+0000] {dagbag.py:540} INFO - Filling up the DagBag from /opt/airflow/dags/marketing_campaign_dag.py
[2026-07-09T22:32:11.559+0000] {processor.py:840} INFO - DAG(s) 'marketing_campaign_etl' retrieved from /opt/airflow/dags/marketing_campaign_dag.py
[2026-07-09T22:32:11.604+0000] {logging_mixin.py:188} INFO - [2026-07-09T22:32:11.603+0000] {dag.py:3047} INFO - Sync 1 DAGs
[2026-07-09T22:32:11.850+0000] {logging_mixin.py:188} INFO - [2026-07-09T22:32:11.850+0000] {dag.py:3834} INFO - Setting next_dagrun for marketing_campaign_etl to 2026-07-09 22:01:00+00:00, run_after=2026-07-09 23:01:00+00:00
[2026-07-09T22:32:11.874+0000] {processor.py:183} INFO - Processing /opt/airflow/dags/marketing_campaign_dag.py took 0.341 seconds
[2026-07-09T22:32:42.044+0000] {processor.py:161} INFO - Started process (PID=258) to work on /opt/airflow/dags/marketing_campaign_dag.py
[2026-07-09T22:32:42.047+0000] {processor.py:830} INFO - Processing file /opt/airflow/dags/marketing_campaign_dag.py for tasks to queue
[2026-07-09T22:32:42.048+0000] {logging_mixin.py:188} INFO - [2026-07-09T22:32:42.048+0000] {dagbag.py:540} INFO - Filling up the DagBag from /opt/airflow/dags/marketing_campaign_dag.py
[2026-07-09T22:32:42.065+0000] {processor.py:840} INFO - DAG(s) 'marketing_campaign_etl' retrieved from /opt/airflow/dags/marketing_campaign_dag.py
[2026-07-09T22:32:42.114+0000] {logging_mixin.py:188} INFO - [2026-07-09T22:32:42.114+0000] {dag.py:3047} INFO - Sync 1 DAGs
[2026-07-09T22:32:42.357+0000] {logging_mixin.py:188} INFO - [2026-07-09T22:32:42.357+0000] {dag.py:3834} INFO - Setting next_dagrun for marketing_campaign_etl to 2026-07-09 22:01:00+00:00, run_after=2026-07-09 23:01:00+00:00
[2026-07-09T22:32:42.379+0000] {processor.py:183} INFO - Processing /opt/airflow/dags/marketing_campaign_dag.py took 0.339 seconds
[2026-07-09T22:33:08.158+0000] {processor.py:161} INFO - Started process (PID=263) to work on /opt/airflow/dags/marketing_campaign_dag.py
[2026-07-09T22:33:08.159+0000] {processor.py:830} INFO - Processing file /opt/airflow/dags/marketing_campaign_dag.py for tasks to queue
[2026-07-09T22:33:08.160+0000] {logging_mixin.py:188} INFO - [2026-07-09T22:33:08.160+0000] {dagbag.py:540} INFO - Filling up the DagBag from /opt/airflow/dags/marketing_campaign_dag.py
[2026-07-09T22:33:08.181+0000] {processor.py:840} INFO - DAG(s) 'marketing_campaign_etl' retrieved from /opt/airflow/dags/marketing_campaign_dag.py
[2026-07-09T22:33:08.552+0000] {logging_mixin.py:188} INFO - [2026-07-09T22:33:08.552+0000] {dag.py:3047} INFO - Sync 1 DAGs
[2026-07-09T22:33:08.580+0000] {logging_mixin.py:188} INFO - [2026-07-09T22:33:08.579+0000] {dag.py:3834} INFO - Setting next_dagrun for marketing_campaign_etl to 2026-07-09 22:01:00+00:00, run_after=2026-07-09 23:01:00+00:00
[2026-07-09T22:33:08.607+0000] {processor.py:183} INFO - Processing /opt/airflow/dags/marketing_campaign_dag.py took 0.454 seconds
[2026-07-09T22:33:22.598+0000] {processor.py:161} INFO - Started process (PID=268) to work on /opt/airflow/dags/marketing_campaign_dag.py
[2026-07-09T22:33:22.599+0000] {processor.py:830} INFO - Processing file /opt/airflow/dags/marketing_campaign_dag.py for tasks to queue
[2026-07-09T22:33:22.601+0000] {logging_mixin.py:188} INFO - [2026-07-09T22:33:22.600+0000] {dagbag.py:540} INFO - Filling up the DagBag from /opt/airflow/dags/marketing_campaign_dag.py
[2026-07-09T22:33:22.625+0000] {processor.py:840} INFO - DAG(s) 'marketing_campaign_etl' retrieved from /opt/airflow/dags/marketing_campaign_dag.py
[2026-07-09T22:33:22.650+0000] {logging_mixin.py:188} INFO - [2026-07-09T22:33:22.649+0000] {dag.py:3047} INFO - Sync 1 DAGs
[2026-07-09T22:33:22.691+0000] {logging_mixin.py:188} INFO - [2026-07-09T22:33:22.691+0000] {dag.py:3834} INFO - Setting next_dagrun for marketing_campaign_etl to 2026-07-09 22:01:00+00:00, run_after=2026-07-09 23:01:00+00:00
[2026-07-09T22:33:22.722+0000] {processor.py:183} INFO - Processing /opt/airflow/dags/marketing_campaign_dag.py took 0.130 seconds
[2026-07-09T22:33:52.837+0000] {processor.py:161} INFO - Started process (PID=273) to work on /opt/airflow/dags/marketing_campaign_dag.py
[2026-07-09T22:33:52.838+0000] {processor.py:830} INFO - Processing file /opt/airflow/dags/marketing_campaign_dag.py for tasks to queue
[2026-07-09T22:33:52.839+0000] {logging_mixin.py:188} INFO - [2026-07-09T22:33:52.839+0000] {dagbag.py:540} INFO - Filling up the DagBag from /opt/airflow/dags/marketing_campaign_dag.py
[2026-07-09T22:33:52.858+0000] {processor.py:840} INFO - DAG(s) 'marketing_campaign_etl' retrieved from /opt/airflow/dags/marketing_campaign_dag.py
[2026-07-09T22:33:53.265+0000] {logging_mixin.py:188} INFO - [2026-07-09T22:33:53.265+0000] {dag.py:3047} INFO - Sync 1 DAGs
[2026-07-09T22:33:53.292+0000] {logging_mixin.py:188} INFO - [2026-07-09T22:33:53.292+0000] {dag.py:3834} INFO - Setting next_dagrun for marketing_campaign_etl to 2026-07-09 22:01:00+00:00, run_after=2026-07-09 23:01:00+00:00
[2026-07-09T22:33:53.319+0000] {processor.py:183} INFO - Processing /opt/airflow/dags/marketing_campaign_dag.py took 0.486 seconds
[2026-07-09T22:34:23.501+0000] {processor.py:161} INFO - Started process (PID=296) to work on /opt/airflow/dags/marketing_campaign_dag.py
[2026-07-09T22:34:23.504+0000] {processor.py:830} INFO - Processing file /opt/airflow/dags/marketing_campaign_dag.py for tasks to queue
[2026-07-09T22:34:23.505+0000] {logging_mixin.py:188} INFO - [2026-07-09T22:34:23.505+0000] {dagbag.py:540} INFO - Filling up the DagBag from /opt/airflow/dags/marketing_campaign_dag.py
[2026-07-09T22:34:23.525+0000] {processor.py:840} INFO - DAG(s) 'marketing_campaign_etl' retrieved from /opt/airflow/dags/marketing_campaign_dag.py
[2026-07-09T22:34:23.568+0000] {logging_mixin.py:188} INFO - [2026-07-09T22:34:23.567+0000] {dag.py:3047} INFO - Sync 1 DAGs
[2026-07-09T22:34:23.600+0000] {logging_mixin.py:188} INFO - [2026-07-09T22:34:23.600+0000] {dag.py:3834} INFO - Setting next_dagrun for marketing_campaign_etl to 2026-07-09 22:01:00+00:00, run_after=2026-07-09 23:01:00+00:00
[2026-07-09T22:34:23.623+0000] {processor.py:183} INFO - Processing /opt/airflow/dags/marketing_campaign_dag.py took 0.127 seconds
[2026-07-09T22:34:53.773+0000] {processor.py:161} INFO - Started process (PID=338) to work on /opt/airflow/dags/marketing_campaign_dag.py
[2026-07-09T22:34:53.775+0000] {processor.py:830} INFO - Processing file /opt/airflow/dags/marketing_campaign_dag.py for tasks to queue
[2026-07-09T22:34:53.776+0000] {logging_mixin.py:188} INFO - [2026-07-09T22:34:53.775+0000] {dagbag.py:540} INFO - Filling up the DagBag from /opt/airflow/dags/marketing_campaign_dag.py
[2026-07-09T22:34:53.793+0000] {processor.py:840} INFO - DAG(s) 'marketing_campaign_etl' retrieved from /opt/airflow/dags/marketing_campaign_dag.py
[2026-07-09T22:34:53.833+0000] {logging_mixin.py:188} INFO - [2026-07-09T22:34:53.833+0000] {dag.py:3047} INFO - Sync 1 DAGs
[2026-07-09T22:34:54.078+0000] {logging_mixin.py:188} INFO - [2026-07-09T22:34:54.078+0000] {dag.py:3834} INFO - Setting next_dagrun for marketing_campaign_etl to 2026-07-09 22:01:00+00:00, run_after=2026-07-09 23:01:00+00:00
[2026-07-09T22:34:54.099+0000] {processor.py:183} INFO - Processing /opt/airflow/dags/marketing_campaign_dag.py took 0.330 seconds
[2026-07-09T22:35:24.269+0000] {processor.py:161} INFO - Started process (PID=343) to work on /opt/airflow/dags/marketing_campaign_dag.py
[2026-07-09T22:35:24.270+0000] {processor.py:830} INFO - Processing file /opt/airflow/dags/marketing_campaign_dag.py for tasks to queue
[2026-07-09T22:35:24.271+0000] {logging_mixin.py:188} INFO - [2026-07-09T22:35:24.270+0000] {dagbag.py:540} INFO - Filling up the DagBag from /opt/airflow/dags/marketing_campaign_dag.py
[2026-07-09T22:35:24.289+0000] {processor.py:840} INFO - DAG(s) 'marketing_campaign_etl' retrieved from /opt/airflow/dags/marketing_campaign_dag.py
[2026-07-09T22:35:24.331+0000] {logging_mixin.py:188} INFO - [2026-07-09T22:35:24.331+0000] {dag.py:3047} INFO - Sync 1 DAGs
[2026-07-09T22:35:24.575+0000] {logging_mixin.py:188} INFO - [2026-07-09T22:35:24.574+0000] {dag.py:3834} INFO - Setting next_dagrun for marketing_campaign_etl to 2026-07-09 22:01:00+00:00, run_after=2026-07-09 23:01:00+00:00
[2026-07-09T22:35:24.598+0000] {processor.py:183} INFO - Processing /opt/airflow/dags/marketing_campaign_dag.py took 0.334 seconds
[2026-07-09T22:35:54.764+0000] {processor.py:161} INFO - Started process (PID=348) to work on /opt/airflow/dags/marketing_campaign_dag.py
[2026-07-09T22:35:54.765+0000] {processor.py:830} INFO - Processing file /opt/airflow/dags/marketing_campaign_dag.py for tasks to queue
[2026-07-09T22:35:54.767+0000] {logging_mixin.py:188} INFO - [2026-07-09T22:35:54.766+0000] {dagbag.py:540} INFO - Filling up the DagBag from /opt/airflow/dags/marketing_campaign_dag.py
[2026-07-09T22:35:54.785+0000] {processor.py:840} INFO - DAG(s) 'marketing_campaign_etl' retrieved from /opt/airflow/dags/marketing_campaign_dag.py
[2026-07-09T22:35:55.028+0000] {logging_mixin.py:188} INFO - [2026-07-09T22:35:55.028+0000] {dag.py:3047} INFO - Sync 1 DAGs
[2026-07-09T22:35:55.057+0000] {logging_mixin.py:188} INFO - [2026-07-09T22:35:55.056+0000] {dag.py:3834} INFO - Setting next_dagrun for marketing_campaign_etl to 2026-07-09 22:01:00+00:00, run_after=2026-07-09 23:01:00+00:00
[2026-07-09T22:35:55.079+0000] {processor.py:183} INFO - Processing /opt/airflow/dags/marketing_campaign_dag.py took 0.319 seconds
[2026-07-09T22:36:25.247+0000] {processor.py:161} INFO - Started process (PID=353) to work on /opt/airflow/dags/marketing_campaign_dag.py
[2026-07-09T22:36:25.248+0000] {processor.py:830} INFO - Processing file /opt/airflow/dags/marketing_campaign_dag.py for tasks to queue
[2026-07-09T22:36:25.250+0000] {logging_mixin.py:188} INFO - [2026-07-09T22:36:25.250+0000] {dagbag.py:540} INFO - Filling up the DagBag from /opt/airflow/dags/marketing_campaign_dag.py
[2026-07-09T22:36:25.272+0000] {processor.py:840} INFO - DAG(s) 'marketing_campaign_etl' retrieved from /opt/airflow/dags/marketing_campaign_dag.py
[2026-07-09T22:36:25.315+0000] {logging_mixin.py:188} INFO - [2026-07-09T22:36:25.314+0000] {dag.py:3047} INFO - Sync 1 DAGs
[2026-07-09T22:36:25.349+0000] {logging_mixin.py:188} INFO - [2026-07-09T22:36:25.349+0000] {dag.py:3834} INFO - Setting next_dagrun for marketing_campaign_etl to 2026-07-09 22:01:00+00:00, run_after=2026-07-09 23:01:00+00:00
[2026-07-09T22:36:25.371+0000] {processor.py:183} INFO - Processing /opt/airflow/dags/marketing_campaign_dag.py took 0.129 seconds
[2026-07-09T22:36:55.528+0000] {processor.py:161} INFO - Started process (PID=358) to work on /opt/airflow/dags/marketing_campaign_dag.py
[2026-07-09T22:36:55.530+0000] {processor.py:830} INFO - Processing file /opt/airflow/dags/marketing_campaign_dag.py for tasks to queue
[2026-07-09T22:36:55.531+0000] {logging_mixin.py:188} INFO - [2026-07-09T22:36:55.530+0000] {dagbag.py:540} INFO - Filling up the DagBag from /opt/airflow/dags/marketing_campaign_dag.py
[2026-07-09T22:36:55.552+0000] {processor.py:840} INFO - DAG(s) 'marketing_campaign_etl' retrieved from /opt/airflow/dags/marketing_campaign_dag.py
[2026-07-09T22:36:55.593+0000] {logging_mixin.py:188} INFO - [2026-07-09T22:36:55.592+0000] {dag.py:3047} INFO - Sync 1 DAGs
[2026-07-09T22:36:55.625+0000] {logging_mixin.py:188} INFO - [2026-07-09T22:36:55.624+0000] {dag.py:3834} INFO - Setting next_dagrun for marketing_campaign_etl to 2026-07-09 22:01:00+00:00, run_after=2026-07-09 23:01:00+00:00
[2026-07-09T22:36:55.647+0000] {processor.py:183} INFO - Processing /opt/airflow/dags/marketing_campaign_dag.py took 0.124 seconds
[2026-07-09T22:37:25.804+0000] {processor.py:161} INFO - Started process (PID=363) to work on /opt/airflow/dags/marketing_campaign_dag.py
[2026-07-09T22:37:25.808+0000] {processor.py:830} INFO - Processing file /opt/airflow/dags/marketing_campaign_dag.py for tasks to queue
[2026-07-09T22:37:25.809+0000] {logging_mixin.py:188} INFO - [2026-07-09T22:37:25.808+0000] {dagbag.py:540} INFO - Filling up the DagBag from /opt/airflow/dags/marketing_campaign_dag.py
[2026-07-09T22:37:25.827+0000] {processor.py:840} INFO - DAG(s) 'marketing_campaign_etl' retrieved from /opt/airflow/dags/marketing_campaign_dag.py
[2026-07-09T22:37:25.866+0000] {logging_mixin.py:188} INFO - [2026-07-09T22:37:25.866+0000] {dag.py:3047} INFO - Sync 1 DAGs
[2026-07-09T22:37:25.896+0000] {logging_mixin.py:188} INFO - [2026-07-09T22:37:25.896+0000] {dag.py:3834} INFO - Setting next_dagrun for marketing_campaign_etl to 2026-07-09 22:01:00+00:00, run_after=2026-07-09 23:01:00+00:00
[2026-07-09T22:37:25.922+0000] {processor.py:183} INFO - Processing /opt/airflow/dags/marketing_campaign_dag.py took 0.122 seconds
[2026-07-09T22:37:56.075+0000] {processor.py:161} INFO - Started process (PID=368) to work on /opt/airflow/dags/marketing_campaign_dag.py
[2026-07-09T22:37:56.077+0000] {processor.py:830} INFO - Processing file /opt/airflow/dags/marketing_campaign_dag.py for tasks to queue
[2026-07-09T22:37:56.078+0000] {logging_mixin.py:188} INFO - [2026-07-09T22:37:56.078+0000] {dagbag.py:540} INFO - Filling up the DagBag from /opt/airflow/dags/marketing_campaign_dag.py
[2026-07-09T22:37:56.098+0000] {processor.py:840} INFO - DAG(s) 'marketing_campaign_etl' retrieved from /opt/airflow/dags/marketing_campaign_dag.py
[2026-07-09T22:37:56.141+0000] {logging_mixin.py:188} INFO - [2026-07-09T22:37:56.141+0000] {dag.py:3047} INFO - Sync 1 DAGs
[2026-07-09T22:37:56.398+0000] {logging_mixin.py:188} INFO - [2026-07-09T22:37:56.398+0000] {dag.py:3834} INFO - Setting next_dagrun for marketing_campaign_etl to 2026-07-09 22:01:00+00:00, run_after=2026-07-09 23:01:00+00:00
[2026-07-09T22:37:56.421+0000] {processor.py:183} INFO - Processing /opt/airflow/dags/marketing_campaign_dag.py took 0.350 seconds
[2026-07-09T22:38:53.098+0000] {processor.py:161} INFO - Started process (PID=168) to work on /opt/airflow/dags/marketing_campaign_dag.py
[2026-07-09T22:38:53.099+0000] {processor.py:830} INFO - Processing file /opt/airflow/dags/marketing_campaign_dag.py for tasks to queue
[2026-07-09T22:38:53.099+0000] {logging_mixin.py:188} INFO - [2026-07-09T22:38:53.099+0000] {dagbag.py:540} INFO - Filling up the DagBag from /opt/airflow/dags/marketing_campaign_dag.py
[2026-07-09T22:38:53.122+0000] {processor.py:840} INFO - DAG(s) 'marketing_campaign_etl' retrieved from /opt/airflow/dags/marketing_campaign_dag.py
[2026-07-09T22:38:53.443+0000] {logging_mixin.py:188} INFO - [2026-07-09T22:38:53.443+0000] {override.py:1769} INFO - Created Permission View: can read on DAG:marketing_campaign_etl
[2026-07-09T22:38:53.449+0000] {logging_mixin.py:188} INFO - [2026-07-09T22:38:53.449+0000] {override.py:1769} INFO - Created Permission View: can delete on DAG:marketing_campaign_etl
[2026-07-09T22:38:53.452+0000] {logging_mixin.py:188} INFO - [2026-07-09T22:38:53.452+0000] {override.py:1769} INFO - Created Permission View: can edit on DAG:marketing_campaign_etl
[2026-07-09T22:38:53.452+0000] {logging_mixin.py:188} INFO - [2026-07-09T22:38:53.452+0000] {dag.py:3047} INFO - Sync 1 DAGs
[2026-07-09T22:38:53.459+0000] {logging_mixin.py:188} INFO - [2026-07-09T22:38:53.458+0000] {dag.py:3069} INFO - Creating ORM DAG for marketing_campaign_etl
[2026-07-09T22:38:53.465+0000] {logging_mixin.py:188} INFO - [2026-07-09T22:38:53.465+0000] {dag.py:3834} INFO - Setting next_dagrun for marketing_campaign_etl to 2026-07-09 21:01:00+00:00, run_after=2026-07-09 22:01:00+00:00
[2026-07-09T22:38:53.472+0000] {processor.py:183} INFO - Processing /opt/airflow/dags/marketing_campaign_dag.py took 0.378 seconds
[2026-07-09T22:39:23.609+0000] {processor.py:161} INFO - Started process (PID=174) to work on /opt/airflow/dags/marketing_campaign_dag.py
[2026-07-09T22:39:23.610+0000] {processor.py:830} INFO - Processing file /opt/airflow/dags/marketing_campaign_dag.py for tasks to queue
[2026-07-09T22:39:23.611+0000] {logging_mixin.py:188} INFO - [2026-07-09T22:39:23.611+0000] {dagbag.py:540} INFO - Filling up the DagBag from /opt/airflow/dags/marketing_campaign_dag.py
[2026-07-09T22:39:23.630+0000] {processor.py:840} INFO - DAG(s) 'marketing_campaign_etl' retrieved from /opt/airflow/dags/marketing_campaign_dag.py
[2026-07-09T22:39:23.652+0000] {logging_mixin.py:188} INFO - [2026-07-09T22:39:23.651+0000] {dag.py:3047} INFO - Sync 1 DAGs
[2026-07-09T22:39:23.685+0000] {logging_mixin.py:188} INFO - [2026-07-09T22:39:23.684+0000] {dag.py:3834} INFO - Setting next_dagrun for marketing_campaign_etl to 2026-07-09 21:01:00+00:00, run_after=2026-07-09 22:01:00+00:00
[2026-07-09T22:39:23.707+0000] {processor.py:183} INFO - Processing /opt/airflow/dags/marketing_campaign_dag.py took 0.103 seconds
[2026-07-09T22:39:53.859+0000] {processor.py:161} INFO - Started process (PID=179) to work on /opt/airflow/dags/marketing_campaign_dag.py
[2026-07-09T22:39:53.862+0000] {processor.py:830} INFO - Processing file /opt/airflow/dags/marketing_campaign_dag.py for tasks to queue
[2026-07-09T22:39:53.863+0000] {logging_mixin.py:188} INFO - [2026-07-09T22:39:53.862+0000] {dagbag.py:540} INFO - Filling up the DagBag from /opt/airflow/dags/marketing_campaign_dag.py
[2026-07-09T22:39:53.881+0000] {processor.py:840} INFO - DAG(s) 'marketing_campaign_etl' retrieved from /opt/airflow/dags/marketing_campaign_dag.py
[2026-07-09T22:39:53.906+0000] {logging_mixin.py:188} INFO - [2026-07-09T22:39:53.905+0000] {dag.py:3047} INFO - Sync 1 DAGs
[2026-07-09T22:39:53.938+0000] {logging_mixin.py:188} INFO - [2026-07-09T22:39:53.938+0000] {dag.py:3834} INFO - Setting next_dagrun for marketing_campaign_etl to 2026-07-09 21:01:00+00:00, run_after=2026-07-09 22:01:00+00:00
[2026-07-09T22:39:53.963+0000] {processor.py:183} INFO - Processing /opt/airflow/dags/marketing_campaign_dag.py took 0.109 seconds
[2026-07-09T22:40:24.119+0000] {processor.py:161} INFO - Started process (PID=257) to work on /opt/airflow/dags/marketing_campaign_dag.py
[2026-07-09T22:40:24.120+0000] {processor.py:830} INFO - Processing file /opt/airflow/dags/marketing_campaign_dag.py for tasks to queue
[2026-07-09T22:40:24.121+0000] {logging_mixin.py:188} INFO - [2026-07-09T22:40:24.121+0000] {dagbag.py:540} INFO - Filling up the DagBag from /opt/airflow/dags/marketing_campaign_dag.py
[2026-07-09T22:40:24.140+0000] {processor.py:840} INFO - DAG(s) 'marketing_campaign_etl' retrieved from /opt/airflow/dags/marketing_campaign_dag.py
[2026-07-09T22:40:24.497+0000] {logging_mixin.py:188} INFO - [2026-07-09T22:40:24.497+0000] {dag.py:3047} INFO - Sync 1 DAGs
[2026-07-09T22:40:24.525+0000] {logging_mixin.py:188} INFO - [2026-07-09T22:40:24.525+0000] {dag.py:3834} INFO - Setting next_dagrun for marketing_campaign_etl to 2026-07-09 22:01:00+00:00, run_after=2026-07-09 23:01:00+00:00
[2026-07-09T22:40:24.545+0000] {processor.py:183} INFO - Processing /opt/airflow/dags/marketing_campaign_dag.py took 0.431 seconds
[2026-07-09T22:40:54.714+0000] {processor.py:161} INFO - Started process (PID=262) to work on /opt/airflow/dags/marketing_campaign_dag.py
[2026-07-09T22:40:54.718+0000] {processor.py:830} INFO - Processing file /opt/airflow/dags/marketing_campaign_dag.py for tasks to queue
[2026-07-09T22:40:54.719+0000] {logging_mixin.py:188} INFO - [2026-07-09T22:40:54.718+0000] {dagbag.py:540} INFO - Filling up the DagBag from /opt/airflow/dags/marketing_campaign_dag.py
[2026-07-09T22:40:54.739+0000] {processor.py:840} INFO - DAG(s) 'marketing_campaign_etl' retrieved from /opt/airflow/dags/marketing_campaign_dag.py
[2026-07-09T22:40:54.786+0000] {logging_mixin.py:188} INFO - [2026-07-09T22:40:54.786+0000] {dag.py:3047} INFO - Sync 1 DAGs
[2026-07-09T22:40:55.011+0000] {logging_mixin.py:188} INFO - [2026-07-09T22:40:55.011+0000] {dag.py:3834} INFO - Setting next_dagrun for marketing_campaign_etl to 2026-07-09 22:01:00+00:00, run_after=2026-07-09 23:01:00+00:00
[2026-07-09T22:40:55.034+0000] {processor.py:183} INFO - Processing /opt/airflow/dags/marketing_campaign_dag.py took 0.324 seconds
[2026-07-09T22:41:25.203+0000] {processor.py:161} INFO - Started process (PID=267) to work on /opt/airflow/dags/marketing_campaign_dag.py
[2026-07-09T22:41:25.204+0000] {processor.py:830} INFO - Processing file /opt/airflow/dags/marketing_campaign_dag.py for tasks to queue
[2026-07-09T22:41:25.205+0000] {logging_mixin.py:188} INFO - [2026-07-09T22:41:25.205+0000] {dagbag.py:540} INFO - Filling up the DagBag from /opt/airflow/dags/marketing_campaign_dag.py
[2026-07-09T22:41:25.223+0000] {processor.py:840} INFO - DAG(s) 'marketing_campaign_etl' retrieved from /opt/airflow/dags/marketing_campaign_dag.py
[2026-07-09T22:41:25.456+0000] {logging_mixin.py:188} INFO - [2026-07-09T22:41:25.455+0000] {dag.py:3047} INFO - Sync 1 DAGs
[2026-07-09T22:41:25.482+0000] {logging_mixin.py:188} INFO - [2026-07-09T22:41:25.481+0000] {dag.py:3834} INFO - Setting next_dagrun for marketing_campaign_etl to 2026-07-09 22:01:00+00:00, run_after=2026-07-09 23:01:00+00:00
[2026-07-09T22:41:25.504+0000] {processor.py:183} INFO - Processing /opt/airflow/dags/marketing_campaign_dag.py took 0.306 seconds
[2026-07-09T22:41:55.671+0000] {processor.py:161} INFO - Started process (PID=272) to work on /opt/airflow/dags/marketing_campaign_dag.py
[2026-07-09T22:41:55.672+0000] {processor.py:830} INFO - Processing file /opt/airflow/dags/marketing_campaign_dag.py for tasks to queue
[2026-07-09T22:41:55.674+0000] {logging_mixin.py:188} INFO - [2026-07-09T22:41:55.673+0000] {dagbag.py:540} INFO - Filling up the DagBag from /opt/airflow/dags/marketing_campaign_dag.py
[2026-07-09T22:41:55.694+0000] {processor.py:840} INFO - DAG(s) 'marketing_campaign_etl' retrieved from /opt/airflow/dags/marketing_campaign_dag.py
[2026-07-09T22:41:55.740+0000] {logging_mixin.py:188} INFO - [2026-07-09T22:41:55.740+0000] {dag.py:3047} INFO - Sync 1 DAGs
[2026-07-09T22:41:55.775+0000] {logging_mixin.py:188} INFO - [2026-07-09T22:41:55.775+0000] {dag.py:3834} INFO - Setting next_dagrun for marketing_campaign_etl to 2026-07-09 22:01:00+00:00, run_after=2026-07-09 23:01:00+00:00
[2026-07-09T22:41:55.800+0000] {processor.py:183} INFO - Processing /opt/airflow/dags/marketing_campaign_dag.py took 0.135 seconds
[2026-07-09T22:42:25.962+0000] {processor.py:161} INFO - Started process (PID=277) to work on /opt/airflow/dags/marketing_campaign_dag.py
[2026-07-09T22:42:25.965+0000] {processor.py:830} INFO - Processing file /opt/airflow/dags/marketing_campaign_dag.py for tasks to queue
[2026-07-09T22:42:25.966+0000] {logging_mixin.py:188} INFO - [2026-07-09T22:42:25.966+0000] {dagbag.py:540} INFO - Filling up the DagBag from /opt/airflow/dags/marketing_campaign_dag.py
[2026-07-09T22:42:25.986+0000] {processor.py:840} INFO - DAG(s) 'marketing_campaign_etl' retrieved from /opt/airflow/dags/marketing_campaign_dag.py
[2026-07-09T22:42:26.029+0000] {logging_mixin.py:188} INFO - [2026-07-09T22:42:26.029+0000] {dag.py:3047} INFO - Sync 1 DAGs
[2026-07-09T22:42:26.060+0000] {logging_mixin.py:188} INFO - [2026-07-09T22:42:26.060+0000] {dag.py:3834} INFO - Setting next_dagrun for marketing_campaign_etl to 2026-07-09 22:01:00+00:00, run_after=2026-07-09 23:01:00+00:00
[2026-07-09T22:42:26.086+0000] {processor.py:183} INFO - Processing /opt/airflow/dags/marketing_campaign_dag.py took 0.128 seconds
[2026-07-09T22:42:56.238+0000] {processor.py:161} INFO - Started process (PID=282) to work on /opt/airflow/dags/marketing_campaign_dag.py
[2026-07-09T22:42:56.240+0000] {processor.py:830} INFO - Processing file /opt/airflow/dags/marketing_campaign_dag.py for tasks to queue
[2026-07-09T22:42:56.241+0000] {logging_mixin.py:188} INFO - [2026-07-09T22:42:56.240+0000] {dagbag.py:540} INFO - Filling up the DagBag from /opt/airflow/dags/marketing_campaign_dag.py
[2026-07-09T22:42:56.260+0000] {processor.py:840} INFO - DAG(s) 'marketing_campaign_etl' retrieved from /opt/airflow/dags/marketing_campaign_dag.py
[2026-07-09T22:42:56.303+0000] {logging_mixin.py:188} INFO - [2026-07-09T22:42:56.302+0000] {dag.py:3047} INFO - Sync 1 DAGs
[2026-07-09T22:42:56.336+0000] {logging_mixin.py:188} INFO - [2026-07-09T22:42:56.336+0000] {dag.py:3834} INFO - Setting next_dagrun for marketing_campaign_etl to 2026-07-09 22:01:00+00:00, run_after=2026-07-09 23:01:00+00:00
[2026-07-09T22:42:56.362+0000] {processor.py:183} INFO - Processing /opt/airflow/dags/marketing_campaign_dag.py took 0.129 seconds
[2026-07-09T22:43:26.519+0000] {processor.py:161} INFO - Started process (PID=287) to work on /opt/airflow/dags/marketing_campaign_dag.py
[2026-07-09T22:43:26.521+0000] {processor.py:830} INFO - Processing file /opt/airflow/dags/marketing_campaign_dag.py for tasks to queue
[2026-07-09T22:43:26.521+0000] {logging_mixin.py:188} INFO - [2026-07-09T22:43:26.521+0000] {dagbag.py:540} INFO - Filling up the DagBag from /opt/airflow/dags/marketing_campaign_dag.py
[2026-07-09T22:43:26.542+0000] {processor.py:840} INFO - DAG(s) 'marketing_campaign_etl' retrieved from /opt/airflow/dags/marketing_campaign_dag.py
[2026-07-09T22:43:26.586+0000] {logging_mixin.py:188} INFO - [2026-07-09T22:43:26.586+0000] {dag.py:3047} INFO - Sync 1 DAGs
[2026-07-09T22:43:26.622+0000] {logging_mixin.py:188} INFO - [2026-07-09T22:43:26.622+0000] {dag.py:3834} INFO - Setting next_dagrun for marketing_campaign_etl to 2026-07-09 22:01:00+00:00, run_after=2026-07-09 23:01:00+00:00
[2026-07-09T22:43:26.647+0000] {processor.py:183} INFO - Processing /opt/airflow/dags/marketing_campaign_dag.py took 0.133 seconds
[2026-07-09T22:43:56.807+0000] {processor.py:161} INFO - Started process (PID=348) to work on /opt/airflow/dags/marketing_campaign_dag.py
[2026-07-09T22:43:56.810+0000] {processor.py:830} INFO - Processing file /opt/airflow/dags/marketing_campaign_dag.py for tasks to queue
[2026-07-09T22:43:56.812+0000] {logging_mixin.py:188} INFO - [2026-07-09T22:43:56.811+0000] {dagbag.py:540} INFO - Filling up the DagBag from /opt/airflow/dags/marketing_campaign_dag.py
[2026-07-09T22:43:56.831+0000] {processor.py:840} INFO - DAG(s) 'marketing_campaign_etl' retrieved from /opt/airflow/dags/marketing_campaign_dag.py
[2026-07-09T22:43:56.874+0000] {logging_mixin.py:188} INFO - [2026-07-09T22:43:56.874+0000] {dag.py:3047} INFO - Sync 1 DAGs
[2026-07-09T22:43:56.906+0000] {logging_mixin.py:188} INFO - [2026-07-09T22:43:56.905+0000] {dag.py:3834} INFO - Setting next_dagrun for marketing_campaign_etl to 2026-07-09 22:01:00+00:00, run_after=2026-07-09 23:01:00+00:00
[2026-07-09T22:43:56.931+0000] {processor.py:183} INFO - Processing /opt/airflow/dags/marketing_campaign_dag.py took 0.130 seconds
[2026-07-09T22:44:27.096+0000] {processor.py:161} INFO - Started process (PID=353) to work on /opt/airflow/dags/marketing_campaign_dag.py
[2026-07-09T22:44:27.097+0000] {processor.py:830} INFO - Processing file /opt/airflow/dags/marketing_campaign_dag.py for tasks to queue
[2026-07-09T22:44:27.098+0000] {logging_mixin.py:188} INFO - [2026-07-09T22:44:27.098+0000] {dagbag.py:540} INFO - Filling up the DagBag from /opt/airflow/dags/marketing_campaign_dag.py
[2026-07-09T22:44:27.116+0000] {processor.py:840} INFO - DAG(s) 'marketing_campaign_etl' retrieved from /opt/airflow/dags/marketing_campaign_dag.py
[2026-07-09T22:44:27.160+0000] {logging_mixin.py:188} INFO - [2026-07-09T22:44:27.160+0000] {dag.py:3047} INFO - Sync 1 DAGs
[2026-07-09T22:44:27.196+0000] {logging_mixin.py:188} INFO - [2026-07-09T22:44:27.196+0000] {dag.py:3834} INFO - Setting next_dagrun for marketing_campaign_etl to 2026-07-09 22:01:00+00:00, run_after=2026-07-09 23:01:00+00:00
[2026-07-09T22:44:27.222+0000] {processor.py:183} INFO - Processing /opt/airflow/dags/marketing_campaign_dag.py took 0.131 seconds
[2026-07-09T22:44:57.382+0000] {processor.py:161} INFO - Started process (PID=358) to work on /opt/airflow/dags/marketing_campaign_dag.py
[2026-07-09T22:44:57.384+0000] {processor.py:830} INFO - Processing file /opt/airflow/dags/marketing_campaign_dag.py for tasks to queue
[2026-07-09T22:44:57.385+0000] {logging_mixin.py:188} INFO - [2026-07-09T22:44:57.385+0000] {dagbag.py:540} INFO - Filling up the DagBag from /opt/airflow/dags/marketing_campaign_dag.py
[2026-07-09T22:44:57.405+0000] {processor.py:840} INFO - DAG(s) 'marketing_campaign_etl' retrieved from /opt/airflow/dags/marketing_campaign_dag.py
[2026-07-09T22:44:57.451+0000] {logging_mixin.py:188} INFO - [2026-07-09T22:44:57.450+0000] {dag.py:3047} INFO - Sync 1 DAGs
[2026-07-09T22:44:57.483+0000] {logging_mixin.py:188} INFO - [2026-07-09T22:44:57.483+0000] {dag.py:3834} INFO - Setting next_dagrun for marketing_campaign_etl to 2026-07-09 22:01:00+00:00, run_after=2026-07-09 23:01:00+00:00
[2026-07-09T22:44:57.507+0000] {processor.py:183} INFO - Processing /opt/airflow/dags/marketing_campaign_dag.py took 0.130 seconds
[2026-07-09T22:45:27.665+0000] {processor.py:161} INFO - Started process (PID=403) to work on /opt/airflow/dags/marketing_campaign_dag.py
[2026-07-09T22:45:27.666+0000] {processor.py:830} INFO - Processing file /opt/airflow/dags/marketing_campaign_dag.py for tasks to queue
[2026-07-09T22:45:27.667+0000] {logging_mixin.py:188} INFO - [2026-07-09T22:45:27.667+0000] {dagbag.py:540} INFO - Filling up the DagBag from /opt/airflow/dags/marketing_campaign_dag.py
[2026-07-09T22:45:27.686+0000] {processor.py:840} INFO - DAG(s) 'marketing_campaign_etl' retrieved from /opt/airflow/dags/marketing_campaign_dag.py
[2026-07-09T22:45:27.727+0000] {logging_mixin.py:188} INFO - [2026-07-09T22:45:27.727+0000] {dag.py:3047} INFO - Sync 1 DAGs
[2026-07-09T22:45:27.757+0000] {logging_mixin.py:188} INFO - [2026-07-09T22:45:27.757+0000] {dag.py:3834} INFO - Setting next_dagrun for marketing_campaign_etl to 2026-07-09 22:01:00+00:00, run_after=2026-07-09 23:01:00+00:00
[2026-07-09T22:45:27.781+0000] {processor.py:183} INFO - Processing /opt/airflow/dags/marketing_campaign_dag.py took 0.122 seconds
[2026-07-09T22:45:49.907+0000] {processor.py:161} INFO - Started process (PID=408) to work on /opt/airflow/dags/marketing_campaign_dag.py
[2026-07-09T22:45:49.909+0000] {processor.py:830} INFO - Processing file /opt/airflow/dags/marketing_campaign_dag.py for tasks to queue
[2026-07-09T22:45:49.910+0000] {logging_mixin.py:188} INFO - [2026-07-09T22:45:49.909+0000] {dagbag.py:540} INFO - Filling up the DagBag from /opt/airflow/dags/marketing_campaign_dag.py
[2026-07-09T22:45:49.930+0000] {processor.py:840} INFO - DAG(s) 'marketing_campaign' retrieved from /opt/airflow/dags/marketing_campaign_dag.py
[2026-07-09T22:45:50.093+0000] {logging_mixin.py:188} INFO - [2026-07-09T22:45:50.093+0000] {override.py:1769} INFO - Created Permission View: can read on DAG:marketing_campaign
[2026-07-09T22:45:50.106+0000] {logging_mixin.py:188} INFO - [2026-07-09T22:45:50.105+0000] {override.py:1769} INFO - Created Permission View: can delete on DAG:marketing_campaign
[2026-07-09T22:45:50.114+0000] {logging_mixin.py:188} INFO - [2026-07-09T22:45:50.114+0000] {override.py:1769} INFO - Created Permission View: can edit on DAG:marketing_campaign
[2026-07-09T22:45:50.115+0000] {logging_mixin.py:188} INFO - [2026-07-09T22:45:50.115+0000] {dag.py:3047} INFO - Sync 1 DAGs
[2026-07-09T22:45:50.130+0000] {logging_mixin.py:188} INFO - [2026-07-09T22:45:50.130+0000] {dag.py:3069} INFO - Creating ORM DAG for marketing_campaign
[2026-07-09T22:45:50.146+0000] {logging_mixin.py:188} INFO - [2026-07-09T22:45:50.146+0000] {dag.py:3834} INFO - Setting next_dagrun for marketing_campaign to 2026-07-09 21:01:00+00:00, run_after=2026-07-09 22:01:00+00:00
[2026-07-09T22:45:50.166+0000] {processor.py:183} INFO - Processing /opt/airflow/dags/marketing_campaign_dag.py took 0.264 seconds
[2026-07-09T22:45:53.937+0000] {processor.py:161} INFO - Started process (PID=413) to work on /opt/airflow/dags/marketing_campaign_dag.py
[2026-07-09T22:45:53.939+0000] {processor.py:830} INFO - Processing file /opt/airflow/dags/marketing_campaign_dag.py for tasks to queue
[2026-07-09T22:45:53.941+0000] {logging_mixin.py:188} INFO - [2026-07-09T22:45:53.940+0000] {dagbag.py:540} INFO - Filling up the DagBag from /opt/airflow/dags/marketing_campaign_dag.py
[2026-07-09T22:45:53.965+0000] {processor.py:840} INFO - DAG(s) 'marketing_campagne' retrieved from /opt/airflow/dags/marketing_campaign_dag.py
[2026-07-09T22:45:54.152+0000] {logging_mixin.py:188} INFO - [2026-07-09T22:45:54.151+0000] {override.py:1769} INFO - Created Permission View: can read on DAG:marketing_campagne
[2026-07-09T22:45:54.166+0000] {logging_mixin.py:188} INFO - [2026-07-09T22:45:54.165+0000] {override.py:1769} INFO - Created Permission View: can delete on DAG:marketing_campagne
[2026-07-09T22:45:54.174+0000] {logging_mixin.py:188} INFO - [2026-07-09T22:45:54.174+0000] {override.py:1769} INFO - Created Permission View: can edit on DAG:marketing_campagne
[2026-07-09T22:45:54.175+0000] {logging_mixin.py:188} INFO - [2026-07-09T22:45:54.175+0000] {dag.py:3047} INFO - Sync 1 DAGs
[2026-07-09T22:45:54.192+0000] {logging_mixin.py:188} INFO - [2026-07-09T22:45:54.192+0000] {dag.py:3069} INFO - Creating ORM DAG for marketing_campagne
[2026-07-09T22:45:54.209+0000] {logging_mixin.py:188} INFO - [2026-07-09T22:45:54.209+0000] {dag.py:3834} INFO - Setting next_dagrun for marketing_campagne to 2026-07-09 21:01:00+00:00, run_after=2026-07-09 22:01:00+00:00
[2026-07-09T22:45:54.231+0000] {processor.py:183} INFO - Processing /opt/airflow/dags/marketing_campaign_dag.py took 0.300 seconds
[2026-07-09T22:45:58.253+0000] {processor.py:161} INFO - Started process (PID=418) to work on /opt/airflow/dags/marketing_campaign_dag.py
[2026-07-09T22:45:58.254+0000] {processor.py:830} INFO - Processing file /opt/airflow/dags/marketing_campaign_dag.py for tasks to queue
[2026-07-09T22:45:58.255+0000] {logging_mixin.py:188} INFO - [2026-07-09T22:45:58.255+0000] {dagbag.py:540} INFO - Filling up the DagBag from /opt/airflow/dags/marketing_campaign_dag.py
[2026-07-09T22:45:58.275+0000] {processor.py:840} INFO - DAG(s) 'campagne' retrieved from /opt/airflow/dags/marketing_campaign_dag.py
[2026-07-09T22:45:58.432+0000] {logging_mixin.py:188} INFO - [2026-07-09T22:45:58.431+0000] {override.py:1769} INFO - Created Permission View: can read on DAG:campagne
[2026-07-09T22:45:58.444+0000] {logging_mixin.py:188} INFO - [2026-07-09T22:45:58.444+0000] {override.py:1769} INFO - Created Permission View: can delete on DAG:campagne
[2026-07-09T22:45:58.453+0000] {logging_mixin.py:188} INFO - [2026-07-09T22:45:58.453+0000] {override.py:1769} INFO - Created Permission View: can edit on DAG:campagne
[2026-07-09T22:45:58.454+0000] {logging_mixin.py:188} INFO - [2026-07-09T22:45:58.454+0000] {dag.py:3047} INFO - Sync 1 DAGs
[2026-07-09T22:45:58.468+0000] {logging_mixin.py:188} INFO - [2026-07-09T22:45:58.468+0000] {dag.py:3069} INFO - Creating ORM DAG for campagne
[2026-07-09T22:45:58.483+0000] {logging_mixin.py:188} INFO - [2026-07-09T22:45:58.483+0000] {dag.py:3834} INFO - Setting next_dagrun for campagne to 2026-07-09 21:01:00+00:00, run_after=2026-07-09 22:01:00+00:00
[2026-07-09T22:45:58.502+0000] {processor.py:183} INFO - Processing /opt/airflow/dags/marketing_campaign_dag.py took 0.254 seconds
[2026-07-09T22:46:02.311+0000] {processor.py:161} INFO - Started process (PID=423) to work on /opt/airflow/dags/marketing_campaign_dag.py
[2026-07-09T22:46:02.312+0000] {processor.py:830} INFO - Processing file /opt/airflow/dags/marketing_campaign_dag.py for tasks to queue
[2026-07-09T22:46:02.313+0000] {logging_mixin.py:188} INFO - [2026-07-09T22:46:02.312+0000] {dagbag.py:540} INFO - Filling up the DagBag from /opt/airflow/dags/marketing_campaign_dag.py
[2026-07-09T22:46:02.336+0000] {processor.py:840} INFO - DAG(s) 'campagne_' retrieved from /opt/airflow/dags/marketing_campaign_dag.py
[2026-07-09T22:46:02.519+0000] {logging_mixin.py:188} INFO - [2026-07-09T22:46:02.518+0000] {override.py:1769} INFO - Created Permission View: can read on DAG:campagne_
[2026-07-09T22:46:02.533+0000] {logging_mixin.py:188} INFO - [2026-07-09T22:46:02.533+0000] {override.py:1769} INFO - Created Permission View: can delete on DAG:campagne_
[2026-07-09T22:46:02.541+0000] {logging_mixin.py:188} INFO - [2026-07-09T22:46:02.541+0000] {override.py:1769} INFO - Created Permission View: can edit on DAG:campagne_
[2026-07-09T22:46:02.542+0000] {logging_mixin.py:188} INFO - [2026-07-09T22:46:02.541+0000] {dag.py:3047} INFO - Sync 1 DAGs
[2026-07-09T22:46:02.556+0000] {logging_mixin.py:188} INFO - [2026-07-09T22:46:02.555+0000] {dag.py:3069} INFO - Creating ORM DAG for campagne_
[2026-07-09T22:46:02.570+0000] {logging_mixin.py:188} INFO - [2026-07-09T22:46:02.570+0000] {dag.py:3834} INFO - Setting next_dagrun for campagne_ to 2026-07-09 21:01:00+00:00, run_after=2026-07-09 22:01:00+00:00
[2026-07-09T22:46:02.593+0000] {processor.py:183} INFO - Processing /opt/airflow/dags/marketing_campaign_dag.py took 0.286 seconds
[2026-07-09T22:46:03.572+0000] {processor.py:161} INFO - Started process (PID=428) to work on /opt/airflow/dags/marketing_campaign_dag.py
[2026-07-09T22:46:03.574+0000] {processor.py:830} INFO - Processing file /opt/airflow/dags/marketing_campaign_dag.py for tasks to queue
[2026-07-09T22:46:03.575+0000] {logging_mixin.py:188} INFO - [2026-07-09T22:46:03.575+0000] {dagbag.py:540} INFO - Filling up the DagBag from /opt/airflow/dags/marketing_campaign_dag.py
[2026-07-09T22:46:03.601+0000] {processor.py:840} INFO - DAG(s) 'campagne_ma' retrieved from /opt/airflow/dags/marketing_campaign_dag.py
[2026-07-09T22:46:03.773+0000] {logging_mixin.py:188} INFO - [2026-07-09T22:46:03.773+0000] {override.py:1769} INFO - Created Permission View: can read on DAG:campagne_ma
[2026-07-09T22:46:03.790+0000] {logging_mixin.py:188} INFO - [2026-07-09T22:46:03.789+0000] {override.py:1769} INFO - Created Permission View: can delete on DAG:campagne_ma
[2026-07-09T22:46:03.800+0000] {logging_mixin.py:188} INFO - [2026-07-09T22:46:03.799+0000] {override.py:1769} INFO - Created Permission View: can edit on DAG:campagne_ma
[2026-07-09T22:46:03.801+0000] {logging_mixin.py:188} INFO - [2026-07-09T22:46:03.801+0000] {dag.py:3047} INFO - Sync 1 DAGs
[2026-07-09T22:46:03.820+0000] {logging_mixin.py:188} INFO - [2026-07-09T22:46:03.820+0000] {dag.py:3069} INFO - Creating ORM DAG for campagne_ma
[2026-07-09T22:46:03.839+0000] {logging_mixin.py:188} INFO - [2026-07-09T22:46:03.839+0000] {dag.py:3834} INFO - Setting next_dagrun for campagne_ma to 2026-07-09 21:01:00+00:00, run_after=2026-07-09 22:01:00+00:00
[2026-07-09T22:46:03.862+0000] {processor.py:183} INFO - Processing /opt/airflow/dags/marketing_campaign_dag.py took 0.296 seconds
[2026-07-09T22:46:06.663+0000] {processor.py:161} INFO - Started process (PID=433) to work on /opt/airflow/dags/marketing_campaign_dag.py
[2026-07-09T22:46:06.665+0000] {processor.py:830} INFO - Processing file /opt/airflow/dags/marketing_campaign_dag.py for tasks to queue
[2026-07-09T22:46:06.666+0000] {logging_mixin.py:188} INFO - [2026-07-09T22:46:06.665+0000] {dagbag.py:540} INFO - Filling up the DagBag from /opt/airflow/dags/marketing_campaign_dag.py
[2026-07-09T22:46:06.687+0000] {processor.py:840} INFO - DAG(s) 'campagne_marketing' retrieved from /opt/airflow/dags/marketing_campaign_dag.py
[2026-07-09T22:46:06.847+0000] {logging_mixin.py:188} INFO - [2026-07-09T22:46:06.844+0000] {override.py:1769} INFO - Created Permission View: can read on DAG:campagne_marketing
[2026-07-09T22:46:06.859+0000] {logging_mixin.py:188} INFO - [2026-07-09T22:46:06.859+0000] {override.py:1769} INFO - Created Permission View: can delete on DAG:campagne_marketing
[2026-07-09T22:46:06.868+0000] {logging_mixin.py:188} INFO - [2026-07-09T22:46:06.867+0000] {override.py:1769} INFO - Created Permission View: can edit on DAG:campagne_marketing
[2026-07-09T22:46:06.868+0000] {logging_mixin.py:188} INFO - [2026-07-09T22:46:06.868+0000] {dag.py:3047} INFO - Sync 1 DAGs
[2026-07-09T22:46:06.883+0000] {logging_mixin.py:188} INFO - [2026-07-09T22:46:06.883+0000] {dag.py:3069} INFO - Creating ORM DAG for campagne_marketing
[2026-07-09T22:46:06.900+0000] {logging_mixin.py:188} INFO - [2026-07-09T22:46:06.900+0000] {dag.py:3834} INFO - Setting next_dagrun for campagne_marketing to 2026-07-09 21:01:00+00:00, run_after=2026-07-09 22:01:00+00:00
[2026-07-09T22:46:06.920+0000] {processor.py:183} INFO - Processing /opt/airflow/dags/marketing_campaign_dag.py took 0.262 seconds
[2026-07-09T22:46:37.053+0000] {processor.py:161} INFO - Started process (PID=438) to work on /opt/airflow/dags/marketing_campaign_dag.py
[2026-07-09T22:46:37.056+0000] {processor.py:830} INFO - Processing file /opt/airflow/dags/marketing_campaign_dag.py for tasks to queue
[2026-07-09T22:46:37.057+0000] {logging_mixin.py:188} INFO - [2026-07-09T22:46:37.057+0000] {dagbag.py:540} INFO - Filling up the DagBag from /opt/airflow/dags/marketing_campaign_dag.py
[2026-07-09T22:46:37.077+0000] {processor.py:840} INFO - DAG(s) 'campagne_marketing' retrieved from /opt/airflow/dags/marketing_campaign_dag.py
[2026-07-09T22:46:37.118+0000] {logging_mixin.py:188} INFO - [2026-07-09T22:46:37.118+0000] {dag.py:3047} INFO - Sync 1 DAGs
[2026-07-09T22:46:37.150+0000] {logging_mixin.py:188} INFO - [2026-07-09T22:46:37.150+0000] {dag.py:3834} INFO - Setting next_dagrun for campagne_marketing to 2026-07-09 21:01:00+00:00, run_after=2026-07-09 22:01:00+00:00
[2026-07-09T22:46:37.175+0000] {processor.py:183} INFO - Processing /opt/airflow/dags/marketing_campaign_dag.py took 0.127 seconds
