session_id,timestamp,user_id,page_visitee,duree_visite_sec,device,campaign_id,converted,valeur_conversion
60f15813-3ffb-4205-9fbb-5b54c8175b9a,2026-07-11T19:08:02.949470,CLI00095,www.jumia/accueil.com,85,desktop,CMP0008,False,0.0
3ae21693-a859-46d2-b6e6-2006d7f01eec,2026-09-04T09:39:02.949470,CLI00038,www.jumia/promo.com,13,tablette,,False,0.0
f7898125-d4e1-48c9-bff6-805a9a0876c9,2026-08-17T19:41:02.949470,ANONc7635d85,www.jumia/produits.com,31,mobile,CMP0010,False,0.0
338e5516-d3a3-4b03-8609-b949ab65160b,2026-07-13T12:20:02.949470,ANON8cb97cd4,www.jumia/panier.com,41,tablette,CMP0010,False,0.0
a956f57e-41b8-4c1a-84e5-05f74602cde5,2026-07-30T09:30:02.949470,ANONaaacc1c9,www.jumia/blog.com,54,desktop,CMP0014,False,0.0
c82f61dc-274f-4fe7-9b9a-2af6efdd5f87,2026-08-11T13:35:02.949470,ANON2a63a91b,www.jumia/panier.com,138,tablette,,False,0.0
64b357c0-ed83-4407-a2f2-0cdcbf0a8933,2026-07-19T03:14:02.949470,CLI00039,www.jumia/produit/detail.com,20,mobile,CMP0004,False,0.0
61caa007-c4ef-4535-b8d7-7bda7f0d5022,2026-08-01T09:16:02.949470,CLI00148,www.jumia/checkout.com,64,desktop,CMP0005,False,0.0
aa0a5a9e-7b3f-4593-8ba1-7f0e9033badd,2026-07-10T15:46:02.949470,ANON251549de,www.jumia/promo.com,80,tablette,,False,0.0
ead83457-2a72-4ea4-894d-fa4ae2ef79d9,2026-08-26T00:59:02.949470,ANON9b29afe2,www.jumia/checkout.com,4,mobile,CMP0004,False,0.0
7fa8a8f5-bf25-4541-8950-7bb04e847061,2026-07-09T00:22:02.949470,ANON67a5f88b,www.jumia/checkout.com,84,desktop,CMP0012,False,0.0
cafdc3ad-9c95-495b-9691-df3850ef063b,2026-08-19T04:16:02.949470,CLI00253,www.jumia/contact.com,16,mobile,CMP0005,False,0.0
a5712a6b-25df-4d19-9632-77e161b6521c,2026-08-12T20:28:02.949470,ANON4d5d58c3,www.jumia/accueil.com,6,mobile,CMP0006,False,0.0
4412abaa-8793-48b7-8af0-9bd0fde7ef95,2026-07-20T16:25:02.949470,ANON03ccf698,www.jumia/accueil.com,267,tablette,,False,0.0
46882ad7-d387-4954-9250-74a7ee94b809,2026-08-27T03:08:02.949470,CLI00266,www.jumia/contact.com,303,desktop,CMP0013,False,0.0
d94d554f-a904-4531-8846-a5637a72416b,2026-07-17T12:59:02.949470,CLI00047,www.jumia/contact.com,148,desktop,,False,0.0
e10d464d-408b-485c-8f2b-2aca5c31b6e8,2026-08-01T04:52:02.949470,ANONc1914414,www.jumia/confirmation-commande.com,32,desktop,,True,132.32
b1f960f0-16a2-4008-bd6d-15bdc34fdfd0,2026-07-24T15:57:02.949470,ANONa0fc36cb,www.jumia/contact.com,9,mobile,,False,0.0
492559d1-d790-4691-874e-c154b4e7059d,2026-07-26T02:52:02.949470,CLI00264,www.jumia/accueil.com,103,tablette,CMP0013,False,0.0
ae21565b-6313-4912-a796-7c9d0e183738,2026-08-30T12:01:02.949470,CLI00319,www.jumia/contact.com,52,tablette,CMP0004,False,0.0
11668b6a-5dc1-406e-8399-5bed727d2b7e,2026-08-02T19:45:02.949470,ANON1495781b,www.jumia/contact.com,11,tablette,CMP0003,False,0.0
4668ff96-39cf-4e53-a047-4dd47373f74c,2026-08-05T21:33:02.949470,ANONcbd08ad8,www.jumia/panier.com,61,tablette,,False,0.0
6afb6477-45c2-4791-8807-945b7e0a05e2,2026-07-16T04:07:02.949470,CLI00431,www.jumia/produits.com,3,desktop,CMP0007,False,0.0
a6c9ddbf-d7f9-4662-b847-4d66c123efbb,2026-09-03T22:13:02.949470,CLI00367,www.jumia/checkout.com,216,desktop,,False,0.0
1222a02b-2d5c-45fc-bb48-308a3af552f5,2026-08-01T10:02:02.949470,CLI00098,www.jumia/promo.com,26,tablette,CMP0009,False,0.0
242f86e0-c372-49ca-8367-9e152296082e,2026-08-21T23:27:02.949470,ANONd686cb48,www.jumia/blog.com,97,desktop,CMP0013,False,0.0
dc1f6643-0918-4cf7-8bc1-0e03fb2033b0,2026-09-03T10:49:02.949470,CLI00153,www.jumia/promo.com,33,tablette,,False,0.0
6fd7dbe1-0442-4b9f-a8de-6f9844d6e703,2026-08-17T10:27:02.949470,CLI00171,www.jumia/a-propos.com,66,tablette,CMP0009,False,0.0
47217d37-9010-480e-9c4c-acb21a81fa7c,2026-07-30T09:31:02.949470,ANON812c6e96,www.jumia/panier.com,71,tablette,CMP0004,False,0.0
2fc185d5-0a12-4f4a-afc3-186ef78d62bd,2026-07-30T02:26:02.949470,CLI00382,www.jumia/contact.com,18,tablette,,False,0.0
ea92a8e4-f994-4cfd-8cbb-f6e37d5e6be3,2026-09-02T06:56:02.949470,ANON069df46f,www.jumia/produit/detail.com,314,desktop,,False,0.0
30ea74eb-2d43-44ca-a16d-67e9f30d2e79,2026-07-07T23:04:02.949470,CLI00052,www.jumia/contact.com,134,mobile,,False,0.0
00ae4430-d663-4759-b7cf-b4fd21f1030f,2026-08-08T08:32:02.949470,CLI00336,www.jumia/produit/detail.com,252,mobile,,False,0.0
8d1b35e6-3203-4add-bc06-0dd137f4eeca,2026-08-05T02:53:02.949470,CLI00042,www.jumia/confirmation-commande.com,202,tablette,,True,257.92
39162f0b-2721-4dca-b96a-c17198bed2c9,2026-07-30T05:12:02.949470,ANONfdeb95c2,www.jumia/a-propos.com,81,mobile,,False,0.0
9bbb5226-39cb-4f6d-9e1b-21d7293344e1,2026-08-13T20:47:02.949470,ANON7ce4449a,www.jumia/panier.com,229,tablette,,False,0.0
abde4a8f-c50e-4215-880c-2267e95ff904,2026-07-11T07:38:02.949470,ANON3cbcae8a,www.jumia/produits.com,8,desktop,,False,0.0
54070deb-f762-428d-9927-96a225952c61,2026-07-16T16:51:02.949470,CLI00408,www.jumia/accueil.com,19,desktop,,False,0.0
5c3fe00a-20a4-4353-ab87-0eb55a14e44b,2026-07-28T05:59:02.949470,CLI00350,www.jumia/produit/detail.com,4,mobile,CMP0009,False,0.0
e25d4a2e-3247-4647-8899-16049b345812,2026-07-16T21:11:02.949470,ANON9437dcdb,www.jumia/panier.com,35,desktop,,False,0.0
34ab87d3-9c91-43d1-b111-cd625dd2a61c,2026-09-02T12:41:02.949470,CLI00131,www.jumia/accueil.com,44,desktop,CMP0011,False,0.0
ae15d740-387e-418a-ae19-faf84e3df576,2026-09-01T04:15:02.949470,CLI00177,www.jumia/promo.com,28,desktop,CMP0002,False,0.0
0427ba33-f723-4f99-be37-ef53fd3399ad,2026-08-15T08:16:02.949470,CLI00197,www.jumia/contact.com,158,mobile,CMP0014,False,0.0
10bad1aa-8479-40bf-bfa1-c07ef03926c7,2026-07-21T07:08:02.949470,ANON78b806eb,www.jumia/checkout.com,39,desktop,CMP0005,True,251.56
b57ca2bf-488b-4a2d-ae0c-7acd44808ebe,2026-07-22T19:08:02.949470,ANONea2b4a7c,www.jumia/accueil.com,29,tablette,,False,0.0
33ab131a-f384-43bf-89d2-839645c0e660,2026-08-22T10:25:02.949470,CLI00410,www.jumia/panier.com,70,tablette,,False,0.0
223e8a42-c547-41ee-89f2-a12ac0812c1e,2026-08-26T05:46:02.949470,ANON86f29832,www.jumia/produit/detail.com,13,tablette,,False,0.0
7bd17fd2-bda1-495b-aa75-f8dfbde75385,2026-07-12T15:13:02.949470,CLI00297,www.jumia/confirmation-commande.com,145,mobile,CMP0013,True,223.72
7376ac14-55b4-46fb-bd05-4c3b128b4613,2026-09-02T03:52:02.949470,CLI00068,www.jumia/a-propos.com,6,desktop,,False,0.0
6567a6fc-9175-40aa-83e8-d352baf871f6,2026-08-08T11:30:02.949470,CLI00423,www.jumia/contact.com,390,desktop,CMP0003,False,0.0
d82c37e6-6104-4ade-b1f3-21390342a4e5,2026-08-22T05:23:02.949470,CLI00495,www.jumia/panier.com,133,tablette,CMP0002,False,0.0
0266dd5d-484c-4e43-a17f-ef6f4386f949,2026-08-21T15:57:02.949470,ANONea7bdff2,www.jumia/confirmation-commande.com,19,desktop,,True,40.74
b9dc3b0b-5d65-4ae2-86cf-6f1c0ab948bc,2026-07-06T03:06:02.949470,ANON2685950b,www.jumia/checkout.com,1,tablette,CMP0006,False,0.0
2942630e-e06a-497d-83c7-8804e68e54bc,2026-09-04T05:38:02.949470,CLI00318,www.jumia/a-propos.com,152,desktop,,False,0.0
170c328c-ffb0-47c6-9453-276f59015dea,2026-09-02T13:46:02.949470,ANON129f7b78,www.jumia/contact.com,110,tablette,,False,0.0
7399c083-7cfb-4b46-b35f-de850c05ac95,2026-07-25T14:58:02.949470,ANON220f2c86,www.jumia/checkout.com,117,mobile,CMP0001,False,0.0
8ae9aa06-105d-43ec-a04a-a8227d7f2c7a,2026-07-12T02:28:02.949470,CLI00344,www.jumia/a-propos.com,132,desktop,CMP0007,False,0.0
cc4df767-d3ba-450e-8a7c-68bbb915298b,2026-08-12T18:18:02.949470,ANONaae72d57,www.jumia/contact.com,6,tablette,CMP0007,False,0.0
0891c82d-4852-49bc-97cc-5e645c8b003d,2026-08-01T02:34:02.949470,CLI00228,www.jumia/panier.com,39,desktop,,False,0.0
17512f75-d96c-4e79-81d9-a407cd4d4032,2026-07-12T15:55:02.949470,CLI00204,www.jumia/checkout.com,11,desktop,CMP0011,True,49.82
19ceb0b2-a3ac-458d-963e-900b0eb6c8e4,2026-07-11T15:45:02.949470,ANON8c28063d,www.jumia/accueil.com,178,mobile,,False,0.0
a6e17306-ac2a-4710-abc5-fddb309962cb,2026-08-25T04:47:02.949470,ANONfdb50444,www.jumia/panier.com,87,mobile,,False,0.0
bc1fcefd-7cd0-4344-864b-7d49adace51e,2026-08-28T11:45:02.949470,ANONa42e6f1f,www.jumia/confirmation-commande.com,36,tablette,CMP0014,True,235.7
c6285ba9-31a3-46d1-8508-ca62439ce721,2026-07-06T03:26:02.949470,ANONbcf75e28,www.jumia/a-propos.com,5,desktop,,False,0.0
421e5d91-ac04-49af-83da-a831c80f78dc,2026-08-25T23:39:02.949470,CLI00008,www.jumia/confirmation-commande.com,33,mobile,,True,240.15
090a23a0-62be-457f-b779-2c578e03597b,2026-08-12T04:33:02.949470,CLI00216,www.jumia/a-propos.com,35,mobile,CMP0001,False,0.0
152b9a8f-af4a-48a1-afdc-e756a129cbc6,2026-08-21T21:02:02.949470,CLI00056,www.jumia/contact.com,117,tablette,CMP0006,False,0.0
9b140158-c58e-4d15-aa2b-30d23072e93d,2026-07-20T13:34:02.949470,ANONbe8f4272,www.jumia/a-propos.com,91,desktop,,False,0.0
4b975e8d-e03d-4dce-9130-003db5034622,2026-08-04T14:33:02.949470,ANON820e7e81,www.jumia/blog.com,196,tablette,CMP0008,False,0.0
2f53e38c-1551-42e5-a1e4-bb7ef4754a79,2026-07-12T10:17:02.949470,CLI00042,www.jumia/confirmation-commande.com,57,mobile,,True,188.36
ed744464-695b-4715-b216-ccca23b1d6c1,2026-07-14T03:11:02.949470,CLI00167,www.jumia/blog.com,11,tablette,,False,0.0
779e5def-06c7-4cd2-bd13-9aad4fcf3582,2026-08-08T04:01:02.949470,CLI00360,www.jumia/produits.com,112,tablette,CMP0007,False,0.0
de9bb32a-676c-4a44-9bfe-0dc24b8e5faa,2026-08-16T12:18:02.949470,CLI00455,www.jumia/panier.com,128,desktop,,False,0.0
fe652b2e-08f0-4d9f-b95d-53fad49f9850,2026-07-27T08:57:02.949470,CLI00161,www.jumia/checkout.com,74,mobile,CMP0002,False,0.0
d22e0b8e-a1bd-411b-8b96-72dd3cddcb44,2026-08-18T09:36:02.949470,CLI00050,www.jumia/confirmation-commande.com,132,tablette,CMP0002,True,246.35
661ea628-07ec-44b8-af2d-bf048a2e054f,2026-07-09T13:07:02.949470,CLI00182,www.jumia/blog.com,61,tablette,CMP0011,False,0.0
6406ffa5-06fe-4d47-9e1e-8c14cd954e97,2026-07-09T04:10:02.949470,ANON5be95f8b,www.jumia/panier.com,66,mobile,CMP0002,False,0.0
f28675fb-778f-422c-b862-6c8b63dacf0e,2026-08-17T09:46:02.949470,CLI00285,www.jumia/confirmation-commande.com,50,desktop,,True,47.74
9c618de6-9bcb-4487-850c-f522d5bc7647,2026-08-11T02:23:02.949470,ANONb0b84a86,www.jumia/promo.com,2,tablette,CMP0009,False,0.0
6bf07755-1c1a-47bb-b6eb-d89870691df2,2026-08-18T15:07:02.949470,ANON1732f6f7,www.jumia/checkout.com,10,desktop,CMP0015,True,92.88
21511f9c-315d-4531-988b-0e5294ada976,2026-09-02T04:54:02.949470,CLI00337,www.jumia/blog.com,2,mobile,CMP0014,False,0.0
64dd4420-b968-44e3-90f5-7876eacf94f9,2026-07-15T18:12:02.949470,CLI00272,www.jumia/panier.com,91,desktop,,False,0.0
266624ed-6631-48e8-99a1-5bb7a6ddf83b,2026-08-01T08:53:02.949470,ANONd9c275d5,www.jumia/promo.com,33,tablette,CMP0005,False,0.0
f81977da-0d87-4a25-82f7-3816bd683ba4,2026-07-10T19:41:02.949470,CLI00042,www.jumia/checkout.com,63,desktop,CMP0010,False,0.0
ed40fa3e-2e8f-47e3-965e-d0db82630ef0,2026-08-06T14:00:02.949470,ANONc6867add,www.jumia/produits.com,214,desktop,CMP0004,False,0.0
e0b6bb80-5fc6-40a7-92da-e1272ecab02b,2026-08-01T21:50:02.949470,ANONa1c994ff,www.jumia/a-propos.com,25,tablette,,False,0.0
654c7b8c-70ba-4388-9d39-b3d5dd9b8d1c,2026-07-24T19:46:02.949470,CLI00105,www.jumia/checkout.com,47,mobile,CMP0010,False,0.0
62d49c99-2415-4aa1-ad67-7f046d07197d,2026-08-23T02:50:02.949470,CLI00221,www.jumia/produit/detail.com,126,mobile,CMP0001,False,0.0
2bc4d275-301d-4ce8-8ec2-d2d69faefe46,2026-07-30T12:17:02.949470,ANON11e30a4d,www.jumia/confirmation-commande.com,23,tablette,CMP0009,True,35.54
5cc438ce-79da-4a2f-af7b-203779bc1a4d,2026-07-08T07:33:02.949470,ANON7d5c79e8,www.jumia/promo.com,7,desktop,CMP0002,False,0.0
38ec88b2-0331-40db-81b0-15664d1d2618,2026-08-11T07:17:02.949470,CLI00208,www.jumia/accueil.com,30,desktop,,False,0.0
376f14e8-a8e7-41b0-a228-cdaea53dd3a0,2026-07-16T14:01:02.949470,ANON766f928e,www.jumia/produits.com,15,desktop,,False,0.0
8ef032da-1e74-492e-855e-d4d5cc5a9557,2026-08-28T21:47:02.949470,CLI00203,www.jumia/checkout.com,238,mobile,CMP0007,False,0.0
3d4248eb-474a-4b60-9fe9-6031499c60b7,2026-07-26T23:36:02.949470,CLI00100,www.jumia/confirmation-commande.com,148,tablette,CMP0002,True,115.06
eca05454-bdde-41b9-a5ec-0d625f5d313c,2026-08-26T22:47:02.949470,CLI00309,www.jumia/produit/detail.com,90,tablette,CMP0005,False,0.0
204c6cec-db1d-4903-a427-e68293d41180,2026-07-10T00:21:02.949470,CLI00289,www.jumia/promo.com,184,desktop,,False,0.0
000f6884-93b7-4389-a78f-f6958a22e3c9,2026-08-18T13:13:02.949470,ANON5124f2bf,www.jumia/confirmation-commande.com,146,mobile,,True,58.02
646d8754-8274-47cb-8857-2a3f64d98657,2026-08-05T09:12:02.949470,ANON76de15bd,www.jumia/confirmation-commande.com,18,desktop,CMP0005,True,159.59
c699e58d-1a54-4ee7-b78f-8018155ebcf1,2026-08-04T08:34:02.949470,CLI00331,www.jumia/produits.com,200,tablette,CMP0014,False,0.0
0e6372fb-408a-4c3b-90c9-e8c557763f19,2026-08-13T10:56:02.949470,ANONdaeee06b,www.jumia/accueil.com,69,desktop,CMP0009,False,0.0
61711362-3a4d-40b9-b751-df676894f583,2026-09-02T13:13:02.949470,CLI00078,www.jumia/accueil.com,148,desktop,CMP0010,False,0.0
088ce624-df1e-4dc1-b0d3-cc539cdfa106,2026-07-12T05:17:02.949470,CLI00127,www.jumia/contact.com,203,desktop,CMP0011,False,0.0
38cb13f4-6c45-45f6-9587-35de216e8f90,2026-08-08T11:11:02.949470,ANONd874b54c,www.jumia/blog.com,34,desktop,CMP0006,False,0.0
ea18f581-8ea7-4635-983c-a7efbee4127a,2026-08-24T05:15:02.949470,ANONd89b947b,www.jumia/confirmation-commande.com,10,mobile,CMP0013,True,33.78
ec93a0b7-59d2-4321-9d73-149a82ec397d,2026-08-10T15:56:02.949470,ANON67943f0f,www.jumia/promo.com,23,mobile,CMP0012,False,0.0
c1733acd-e039-4a02-96d4-99bf9784c5c9,2026-07-26T21:09:02.949470,ANONc5d3ce4c,www.jumia/checkout.com,50,tablette,,False,0.0
ad696e7c-f917-449c-ab5e-bcd618526793,2026-08-17T06:40:02.949470,CLI00193,www.jumia/confirmation-commande.com,153,tablette,CMP0002,True,246.76
33a0af01-8ee3-4cde-bfe9-81e39a947e50,2026-08-19T18:15:02.949470,CLI00344,www.jumia/blog.com,177,tablette,,False,0.0
3aa17081-68bd-45fe-81cc-e07694ef56ee,2026-07-28T18:55:02.949470,CLI00393,www.jumia/contact.com,1,mobile,CMP0004,False,0.0
c2f32ce0-1bfb-4f41-87af-451b91ce208e,2026-07-19T22:41:02.949470,ANONb6bb8864,www.jumia/a-propos.com,64,tablette,CMP0014,False,0.0
387ed485-07cc-483f-9dfd-6c30eb591243,2026-08-28T18:28:02.949470,CLI00393,www.jumia/promo.com,48,mobile,CMP0011,False,0.0
6d3924aa-582b-4520-9cce-a38e9d5abfef,2026-08-13T06:41:02.949470,ANON05c990ff,www.jumia/promo.com,22,mobile,CMP0014,False,0.0
34e9afe0-d03d-45e0-a649-d808f6dde082,2026-08-21T08:34:02.949470,ANON7a517992,www.jumia/contact.com,11,tablette,CMP0011,False,0.0
67bed530-de9e-4b64-a784-6b4f9e563485,2026-07-24T18:22:02.949470,CLI00495,www.jumia/contact.com,37,mobile,CMP0009,False,0.0
85fa5b8f-6ff8-4a99-950e-19432f48c67f,2026-07-29T16:08:02.949470,CLI00145,www.jumia/blog.com,257,tablette,,False,0.0
a9abdc25-0829-4355-a46a-5f6c07839e8b,2026-08-08T07:42:02.949470,ANONbeee47b3,www.jumia/produit/detail.com,35,desktop,,False,0.0
0c1e6ece-df8f-4c3c-bc8a-5cea63e4958f,2026-07-09T15:02:02.949470,ANON67ac2cba,www.jumia/produits.com,65,tablette,,False,0.0
91f96b9e-fa83-4255-b50d-349a7d033805,2026-08-29T11:26:02.949470,ANON8fecb690,www.jumia/checkout.com,109,tablette,CMP0002,False,0.0
627ca2b5-08d3-4335-b556-c2710570bc05,2026-07-15T07:37:02.949470,CLI00231,www.jumia/confirmation-commande.com,40,desktop,,True,280.18
84d47b41-d322-49ad-a104-112b8a5a0de9,2026-07-09T07:04:02.949470,ANONdc80ecd2,www.jumia/confirmation-commande.com,321,desktop,CMP0007,True,78.99
7653e286-275f-48dd-90e6-1f15c0590140,2026-09-02T22:25:02.949470,CLI00075,www.jumia/produit/detail.com,295,mobile,,False,0.0
ade557a4-e65e-45d7-b1d3-15bd99765540,2026-07-24T10:16:02.949470,ANON1032277e,www.jumia/contact.com,26,desktop,,False,0.0
6aa8a834-d248-46aa-bbcf-257b9ab1e590,2026-08-13T19:29:02.949470,CLI00077,www.jumia/a-propos.com,61,tablette,CMP0005,False,0.0
7e846893-b850-459a-947b-3b3ba038053d,2026-08-13T10:59:02.949470,CLI00063,www.jumia/accueil.com,32,mobile,CMP0005,False,0.0
09a90ec0-f57a-4af3-ae35-75f87786c5a7,2026-08-01T15:22:02.949470,CLI00429,www.jumia/contact.com,30,tablette,,False,0.0
8080e2ba-3d3c-49d3-b443-925e0ddfc7ce,2026-08-08T19:12:02.949470,ANON8e61533d,www.jumia/checkout.com,3,tablette,CMP0004,False,0.0
56a606bc-d48c-4ef5-9e09-1b68839228bb,2026-07-28T02:08:02.949470,ANONb5b42e1e,www.jumia/a-propos.com,84,desktop,CMP0011,False,0.0
7d86ee50-a872-44c6-9e49-6117170ea99d,2026-07-10T11:06:02.949470,ANON4d9adf1b,www.jumia/blog.com,62,desktop,CMP0009,False,0.0
e7b58b59-d6b5-4e2a-afbd-911f9ea6ea5f,2026-07-08T14:56:02.949470,CLI00009,www.jumia/confirmation-commande.com,4,desktop,,True,239.73
e1d85bc4-1be8-4c91-bd55-4a1d18eeea05,2026-07-21T18:14:02.949470,ANON27de6d2e,www.jumia/confirmation-commande.com,29,desktop,,True,53.02
7938827e-2dc7-46b7-baf7-cd3bf78c0a34,2026-08-09T05:24:02.949470,ANON465b3710,www.jumia/contact.com,214,tablette,,False,0.0
a6f7e23e-6bf7-4a44-8546-c4154821d137,2026-08-05T14:43:02.949470,CLI00398,www.jumia/contact.com,24,mobile,,False,0.0
a3b7bd82-c19e-4cdb-bf75-c4342966e195,2026-07-24T00:34:02.949470,ANON69b1ae5b,www.jumia/confirmation-commande.com,14,tablette,,True,281.01
21964d74-f5a1-4c17-b568-ea67b9430f16,2026-07-31T12:02:02.949470,ANON6a9cb48e,www.jumia/checkout.com,60,mobile,CMP0013,False,0.0
0de6bad1-ec94-4804-841e-ec2314a7b20c,2026-08-30T14:53:02.949470,CLI00456,www.jumia/blog.com,381,tablette,CMP0013,False,0.0
4c27779c-4b3b-4340-8249-6d1091b5ac3c,2026-08-03T06:53:02.949470,CLI00255,www.jumia/confirmation-commande.com,24,tablette,,True,278.43
87896bc1-cc1f-462f-8241-2f6f7f7d7486,2026-07-22T21:18:02.949470,ANONad92b5a2,www.jumia/produit/detail.com,100,tablette,CMP0007,False,0.0
315a63f7-9d7a-487a-aded-029313c24cc9,2026-07-24T04:38:02.949470,CLI00229,www.jumia/promo.com,129,tablette,CMP0011,False,0.0
f247f822-cb0d-441d-b85b-f03d8bbe01a1,2026-08-02T00:16:02.949470,CLI00446,www.jumia/confirmation-commande.com,24,desktop,CMP0008,True,190.23
6783676a-0854-4fce-8a45-a7f787e47f76,2026-07-23T15:22:02.949470,CLI00327,www.jumia/blog.com,117,desktop,,False,0.0
42bb8093-028d-4f3b-ad3c-0433aaefb208,2026-08-07T18:15:02.949470,CLI00312,www.jumia/contact.com,41,mobile,CMP0001,False,0.0
db236bb8-3201-4d59-925a-1e97123fe6fb,2026-07-13T20:47:02.949470,CLI00197,www.jumia/promo.com,90,mobile,,False,0.0
91803055-99a3-4292-9d36-29bd2077f3c0,2026-08-12T23:15:02.949470,CLI00391,www.jumia/produits.com,90,tablette,CMP0006,False,0.0
96fd40ae-ede7-4787-a1ed-2e7c0cf1b487,2026-07-14T10:55:02.949470,CLI00492,www.jumia/produits.com,69,mobile,CMP0011,False,0.0
54836685-a941-4fe4-bd36-4e2ae71585ed,2026-08-22T00:03:02.949470,ANONb1a02a66,www.jumia/checkout.com,8,tablette,CMP0015,False,0.0
894319a0-7a1c-46b8-909a-6b481d3fe47a,2026-08-03T01:11:02.949470,ANON66fa8c36,www.jumia/panier.com,162,mobile,CMP0015,False,0.0
85048692-4cd9-423c-a0a8-30b259a4dec6,2026-07-13T21:00:02.949470,CLI00045,www.jumia/confirmation-commande.com,34,tablette,CMP0012,True,205.33
7c337673-02b7-4c33-ab2f-3b601fef611d,2026-07-10T12:06:02.949470,ANON9e8d6676,www.jumia/produit/detail.com,18,desktop,CMP0005,False,0.0
17bccd24-7559-4c79-b649-052f8d13671b,2026-08-07T01:39:02.949470,ANON28a0aa20,www.jumia/panier.com,3,desktop,,False,0.0
93bc5bf9-6394-476c-b624-fc9d3b101ebb,2026-07-07T06:07:02.949470,ANON05e34859,www.jumia/a-propos.com,80,mobile,CMP0008,False,0.0
649e9fc4-104f-4277-80cf-e41ced639f85,2026-08-13T20:36:02.949470,ANONbe96f9ba,www.jumia/a-propos.com,101,desktop,CMP0012,False,0.0
04e478bf-5a60-410e-9d18-9230267059b6,2026-08-24T08:24:02.949470,ANON4b16cb03,www.jumia/produits.com,1,desktop,CMP0003,False,0.0
f04c0a10-85f4-4051-80c1-a98b2a019c81,2026-08-04T16:05:02.949470,ANON6fb9d260,www.jumia/a-propos.com,64,tablette,CMP0015,False,0.0
6f245a9a-acbd-4b02-a361-d79f884c6cd1,2026-08-12T00:21:02.949470,CLI00467,www.jumia/accueil.com,23,mobile,,False,0.0
ab4fb37c-3d79-4485-b870-7e8a2b450aca,2026-08-07T22:51:02.949470,ANONd5c65479,www.jumia/panier.com,93,desktop,CMP0006,False,0.0
aa2274d3-197a-48fa-aad3-74f3cddf6580,2026-09-04T11:29:02.949470,CLI00326,www.jumia/a-propos.com,17,desktop,CMP0002,False,0.0
a7953501-d77e-4767-a045-da7251fcbcd2,2026-07-14T14:51:02.949470,CLI00329,www.jumia/produit/detail.com,105,tablette,,False,0.0
cd030246-cb4d-45ea-8bdc-a01175639e63,2026-09-04T12:41:02.949470,ANON815e843b,www.jumia/promo.com,44,desktop,CMP0010,False,0.0
8bbcfa55-d52f-494d-bd62-9d9e76004714,2026-08-28T12:34:02.949470,CLI00024,www.jumia/promo.com,248,desktop,,False,0.0
64a46abc-cbc0-41fd-bdfb-bd1ead1daafc,2026-08-16T01:21:02.949470,ANONac8145cc,www.jumia/contact.com,13,tablette,CMP0010,False,0.0
fe4fb13c-9420-4944-ab9e-a2bf402a4474,2026-08-09T04:13:02.949470,CLI00413,www.jumia/blog.com,37,desktop,,False,0.0
ba530692-2537-4998-bdc7-3a22597986a6,2026-08-03T21:16:02.949470,CLI00238,www.jumia/panier.com,10,desktop,CMP0008,False,0.0
206082ef-f508-495a-a226-f800ec18268d,2026-08-12T22:52:02.949470,CLI00441,www.jumia/confirmation-commande.com,232,mobile,,True,292.98
27b533dd-fa7d-40ae-9cd4-4bae89f75fad,2026-08-23T06:04:02.949470,CLI00063,www.jumia/checkout.com,188,mobile,CMP0006,False,0.0
d286e124-72c5-4050-89f6-b2131f0c9da6,2026-07-11T19:50:02.949470,ANONd3d7f585,www.jumia/blog.com,26,mobile,,False,0.0
4a993d68-e7e5-418e-ba13-6eaabefce8f6,2026-08-30T00:24:02.949470,ANON646597c9,www.jumia/panier.com,97,mobile,CMP0010,False,0.0
da3a3e7f-34c6-4a60-b4ef-f7a097cc05d6,2026-08-06T11:01:02.949470,CLI00047,www.jumia/blog.com,152,tablette,CMP0005,False,0.0
a59e666a-a288-440d-a0e0-0bd417cf2d6a,2026-08-04T01:45:02.949470,CLI00254,www.jumia/promo.com,72,tablette,CMP0001,False,0.0
d80201e3-6f1f-4d0a-b8a5-37b3c286d7c8,2026-08-18T09:50:02.949470,CLI00069,www.jumia/checkout.com,67,desktop,CMP0014,False,0.0
e9a75045-b9ff-44e8-8199-a9f88c2b4aa5,2026-07-28T19:57:02.949470,CLI00284,www.jumia/checkout.com,24,tablette,CMP0009,True,158.71
b8f7f917-e7f2-4149-9088-e43fc2ee70d6,2026-07-23T14:15:02.949470,CLI00050,www.jumia/blog.com,8,desktop,,False,0.0
5d77a141-7766-4902-8373-362fa34659e2,2026-08-25T05:07:02.949470,ANONb4a33e80,www.jumia/panier.com,204,tablette,,False,0.0
5fb551ef-5d11-46d5-9c2d-8f4dcdf960d3,2026-08-07T07:04:02.949470,CLI00171,www.jumia/contact.com,207,tablette,CMP0001,False,0.0
d732ebae-5767-463c-82f2-3d8ae0edec67,2026-08-03T23:10:02.949470,CLI00477,www.jumia/promo.com,90,desktop,,False,0.0
279cb907-8c00-48a3-9ad9-7a128eb49c26,2026-07-16T07:11:02.949470,CLI00173,www.jumia/a-propos.com,37,tablette,,False,0.0
bb7ad027-8f9e-4cc3-a39b-e035c30c4da5,2026-08-09T10:17:02.949470,ANONc06bcc75,www.jumia/confirmation-commande.com,38,mobile,CMP0008,True,109.4
b1823043-028b-4756-a516-65dfb21397e8,2026-08-01T12:51:02.949470,ANONf2b136e3,www.jumia/accueil.com,116,tablette,,False,0.0
016b0bb6-f3ca-4fb5-93b5-700eb0ea7825,2026-08-05T03:13:02.949470,ANONa22dd869,www.jumia/promo.com,204,mobile,,False,0.0
4650cde7-1b89-4bda-87a3-9dd66eaffd6a,2026-08-20T20:09:02.949470,ANONb23be7f4,www.jumia/promo.com,196,desktop,CMP0009,False,0.0
89c0869c-365b-44b0-b1aa-2779b9952f95,2026-07-15T15:47:02.949470,CLI00010,www.jumia/contact.com,136,desktop,CMP0012,False,0.0
ffcfd899-722a-472c-997c-8a116e5345eb,2026-07-31T22:58:02.949470,CLI00397,www.jumia/promo.com,92,desktop,,False,0.0
52b00b99-49b0-4ff7-b6dc-16f303c619bd,2026-08-30T18:18:02.949470,CLI00288,www.jumia/confirmation-commande.com,7,desktop,CMP0003,True,299.47
5f70c34b-56df-4095-b460-ebb27cf65671,2026-08-08T06:52:02.949470,CLI00273,www.jumia/confirmation-commande.com,15,tablette,,True,170.69
bc6934a9-2887-4dc4-87a6-c398ad903303,2026-08-24T18:15:02.949470,ANONc8932d8b,www.jumia/promo.com,205,desktop,,False,0.0
da4d2dc3-12ca-4d82-bc1b-fa0d40d5f065,2026-07-18T01:49:02.949470,ANONd2044323,www.jumia/checkout.com,83,tablette,CMP0004,False,0.0
72b32188-475e-45fc-923c-f5ca3e0e2447,2026-07-19T17:17:02.949470,CLI00479,www.jumia/checkout.com,1,tablette,CMP0008,True,178.44
15a61614-883b-4cef-8b68-e0eceea6aab9,2026-07-30T07:24:02.949470,ANONe12d2e29,www.jumia/checkout.com,9,mobile,CMP0013,True,287.26
d472b65a-8643-4137-be9f-92bf524e6037,2026-07-28T09:13:02.949470,CLI00424,www.jumia/a-propos.com,98,desktop,CMP0008,False,0.0
5151bef5-3c18-4e8e-b255-4fcf7182ea2b,2026-09-03T12:16:02.949470,ANON0bba2832,www.jumia/promo.com,1,mobile,CMP0002,False,0.0
340869dc-9292-43dd-8b46-b11a92efa617,2026-07-20T20:14:02.949470,CLI00120,www.jumia/accueil.com,15,mobile,,False,0.0
e3e44505-267f-4bf4-982f-bf52e4703ecb,2026-08-01T05:17:02.949470,ANON037cd09e,www.jumia/accueil.com,71,tablette,CMP0011,False,0.0
fac83146-be29-43f3-982e-b868a2a9ef04,2026-09-02T23:58:02.949470,ANON5f63a3b4,www.jumia/contact.com,105,desktop,,False,0.0
3f5c9a79-6a5b-48f9-9de2-f30b5b439bab,2026-08-16T01:20:02.949470,CLI00331,www.jumia/accueil.com,94,mobile,,False,0.0
edf6de0d-ca46-4d6c-bc6a-87c2f1b34447,2026-08-16T12:46:02.949470,ANON0b973cb7,www.jumia/accueil.com,22,mobile,CMP0012,False,0.0
f5aee209-ed6c-48fb-ba43-aaee469be79e,2026-08-01T00:31:02.949470,ANON58cc4622,www.jumia/blog.com,112,desktop,,False,0.0
43c91c16-cc2f-43de-8c01-b27fac199284,2026-07-17T18:27:02.949470,ANON68603fe8,www.jumia/accueil.com,24,desktop,,False,0.0
9cea6df4-24ad-421a-8977-a813a6b5b3c3,2026-08-11T13:38:02.949470,CLI00233,www.jumia/a-propos.com,35,tablette,,False,0.0
a671e099-1029-43fc-9681-46f654e4080f,2026-08-05T23:26:02.949470,CLI00058,www.jumia/confirmation-commande.com,123,desktop,CMP0005,True,61.31
b5f84a20-8895-427a-9dfa-1a566441dc4d,2026-08-16T03:17:02.949470,CLI00152,www.jumia/promo.com,94,tablette,CMP0012,False,0.0
4228a3ed-44e0-4941-8126-2c7a969fcb5d,2026-08-23T00:43:02.949470,ANON7f40784d,www.jumia/blog.com,170,desktop,,False,0.0
c20975ac-93f8-4571-a5a1-d06b1e5f26d1,2026-08-07T04:37:02.949470,CLI00072,www.jumia/contact.com,96,desktop,CMP0002,False,0.0
38c03437-5f92-479c-9e7d-30171e9f189e,2026-09-03T01:32:02.949470,CLI00137,www.jumia/confirmation-commande.com,75,tablette,CMP0004,True,101.05
485cfa8f-6afb-4b47-a917-4469a9d26f9f,2026-08-10T18:48:02.949470,ANONa544bc2b,www.jumia/accueil.com,8,tablette,,False,0.0
71af046f-c1f6-406f-85d4-2791b1f55250,2026-07-13T08:51:02.949470,CLI00459,www.jumia/checkout.com,41,tablette,CMP0011,False,0.0
9f38da0c-71ee-4a19-b614-3c591f0ed0c8,2026-09-02T03:55:02.949470,CLI00069,www.jumia/contact.com,27,mobile,,False,0.0
88b5e7dd-f0c6-4394-9f9d-f818ca9539f1,2026-08-04T18:10:02.949470,CLI00242,www.jumia/a-propos.com,25,tablette,CMP0012,False,0.0
1014be60-f7a6-4b16-8a6c-5a82f5ab1892,2026-08-27T01:20:02.949470,ANON0d167868,www.jumia/produits.com,325,tablette,CMP0013,False,0.0
b8381a84-b4fc-4d64-b053-c4f09da1e5cb,2026-08-03T11:17:02.949470,ANONd479483e,www.jumia/accueil.com,44,tablette,CMP0015,False,0.0
e040c809-8a0c-4187-a87a-cb1f5ce7aac5,2026-09-01T10:44:02.949470,CLI00438,www.jumia/a-propos.com,200,desktop,CMP0003,False,0.0
8461927c-1ce2-4c16-9b57-9fe819d62c63,2026-07-13T15:45:02.949470,CLI00461,www.jumia/a-propos.com,89,desktop,,False,0.0
64465edf-c6c9-4108-a30d-73d186e2a51e,2026-08-25T20:01:02.949470,CLI00030,www.jumia/a-propos.com,142,desktop,CMP0007,False,0.0
3d3bd9c8-babb-47ac-aeb8-e531a254f584,2026-08-18T04:18:02.949470,ANONccdf379a,www.jumia/panier.com,62,tablette,CMP0005,False,0.0
d3bf478e-6d34-4f96-bfbf-bd02e6e943c3,2026-07-09T19:59:02.949470,CLI00031,www.jumia/produits.com,77,desktop,CMP0002,False,0.0
851724d8-e55d-4851-9a99-bafe040aef3e,2026-07-08T03:58:02.949470,ANON277ea5a8,www.jumia/blog.com,61,desktop,CMP0003,False,0.0
d49aeaf4-3e45-4df5-8a80-fd4afe0c310b,2026-09-01T07:00:02.949470,ANON45c85aa7,www.jumia/blog.com,19,mobile,,False,0.0
3dcab763-69cb-4ebe-afed-2fe4fc926faf,2026-08-18T16:27:02.949470,ANON47ae67d4,www.jumia/produits.com,115,mobile,CMP0011,False,0.0
1d426672-8519-41db-9527-89108b58b602,2026-08-09T07:05:02.949470,ANON9c038034,www.jumia/accueil.com,29,desktop,CMP0004,False,0.0
c0f80474-ece3-497c-aefb-fdd31e131eeb,2026-08-04T16:18:02.949470,CLI00118,www.jumia/panier.com,2,desktop,CMP0009,False,0.0
65dc3479-3583-4747-af03-7ad402b80bf3,2026-07-27T22:49:02.949470,ANONf9832244,www.jumia/produits.com,93,mobile,CMP0015,False,0.0
7e78597d-653a-4ec5-8c89-6f3f95b6ffaf,2026-08-26T15:58:02.949470,ANON346fb2bb,www.jumia/accueil.com,17,mobile,,False,0.0
77cadb5e-f268-4c31-88a5-3e7e874e0469,2026-07-18T20:38:02.949470,ANON133bd07f,www.jumia/accueil.com,253,mobile,CMP0008,False,0.0
11a6231a-ad39-454f-9b81-e78d4fff2829,2026-08-21T19:57:02.949470,CLI00443,www.jumia/accueil.com,276,mobile,CMP0009,False,0.0
53e2f54f-eaa7-4f5b-9744-ce8e6e284d86,2026-08-07T03:46:02.949470,ANON26baa363,www.jumia/confirmation-commande.com,221,tablette,,True,179.58
decd3c25-3ca6-404d-b04d-99237f06405a,2026-08-27T04:47:02.949470,ANON5d69af38,www.jumia/a-propos.com,41,mobile,CMP0003,False,0.0
d619f1bc-0099-43bb-a77e-5d55369985e5,2026-08-01T03:49:02.949470,ANON300ba697,www.jumia/produit/detail.com,1,tablette,CMP0010,False,0.0
4b0a6fbc-ecb7-4a4f-a394-b9b8be08ffea,2026-08-18T08:07:02.949470,ANONf71ce42c,www.jumia/blog.com,237,tablette,CMP0006,False,0.0
8220f0a3-77ef-43d7-be88-a2cea52976d5,2026-07-26T16:58:02.949470,CLI00387,www.jumia/a-propos.com,50,desktop,CMP0005,False,0.0
4805f112-0ccd-484e-b523-d139cb670d29,2026-07-21T01:51:02.949470,CLI00238,www.jumia/accueil.com,306,tablette,,False,0.0
843e2f78-79a3-41b4-8e8a-8871ff0f6d5f,2026-08-01T08:07:02.949470,CLI00105,www.jumia/confirmation-commande.com,298,desktop,CMP0007,True,199.31
dd0fe7bc-b881-45c4-98bd-41dd48ae2dcb,2026-08-29T05:37:02.949470,CLI00138,www.jumia/blog.com,172,tablette,CMP0014,False,0.0
5bee8341-3cc2-42f1-8df2-9bef9104e5aa,2026-08-13T13:34:02.949470,CLI00390,www.jumia/promo.com,31,tablette,,False,0.0
c6a8537a-5f0d-4bc8-b86b-f9bcc22a4c5a,2026-08-17T11:45:02.949470,ANON15df9763,www.jumia/checkout.com,43,mobile,CMP0014,False,0.0
5d6c5e27-c383-44e3-b40b-c654fb45cb29,2026-07-19T01:19:02.949470,CLI00125,www.jumia/promo.com,171,tablette,CMP0013,False,0.0
07036a1b-e7f0-4ee5-9245-815fac25b48c,2026-07-19T07:30:02.949470,ANONb3560116,www.jumia/blog.com,34,desktop,CMP0006,False,0.0
925aec4c-86f3-4884-8b67-ef425839832e,2026-08-09T14:54:02.949470,CLI00255,www.jumia/contact.com,16,mobile,CMP0006,False,0.0
29e031a9-520b-4a9e-880f-6a3b7a32c768,2026-08-26T18:02:02.949470,CLI00105,www.jumia/confirmation-commande.com,73,mobile,,True,104.18
0d01f04c-755c-4603-a4a0-26ffd5947f6d,2026-08-11T02:19:02.949470,ANONdb376714,www.jumia/promo.com,247,tablette,CMP0005,False,0.0
38ed2f86-56d5-4721-bf0a-03e6d52c0fea,2026-08-21T07:50:02.949470,CLI00292,www.jumia/panier.com,107,desktop,CMP0006,False,0.0
2770a119-b208-47c4-a8ed-a2a8bda6d3a7,2026-08-10T15:15:02.949470,ANONc8543030,www.jumia/contact.com,75,desktop,CMP0013,False,0.0
cd0c426d-cf9e-41ae-9f07-8c1180e7a3cc,2026-07-16T18:22:02.949470,ANON23782d18,www.jumia/contact.com,9,mobile,CMP0003,False,0.0
abab933c-9fd7-4d6d-9a74-648d6445627f,2026-09-02T12:13:02.949470,CLI00430,www.jumia/produits.com,85,tablette,,False,0.0
00dcf5e8-d618-4656-ade8-2d8a57a1cf51,2026-07-08T18:58:02.949470,CLI00363,www.jumia/produit/detail.com,414,mobile,CMP0011,False,0.0
7cd99527-4b8b-4263-8883-53ac6bc2cf0c,2026-07-19T11:01:02.949470,ANONda5bb82c,www.jumia/promo.com,13,desktop,CMP0010,False,0.0
cae10491-33fa-4c48-b6dc-ea61b362860e,2026-08-17T09:33:02.949470,CLI00009,www.jumia/a-propos.com,65,tablette,CMP0009,False,0.0
010fd8f7-fdbf-47f5-b911-76f3eec3e130,2026-07-23T11:50:02.949470,ANON694479e6,www.jumia/blog.com,188,mobile,CMP0014,False,0.0
a21e0847-467a-482c-b1e3-534fd9ea9be1,2026-07-11T22:05:02.949470,ANON30e23135,www.jumia/checkout.com,121,desktop,CMP0004,False,0.0
1d5eab5e-d00e-4ab5-a741-6d116519be75,2026-08-25T06:37:02.949470,CLI00125,www.jumia/panier.com,107,desktop,CMP0007,False,0.0
98fe220f-cd23-4862-b12c-fcc28475ee37,2026-08-17T21:13:02.949470,ANON906775db,www.jumia/accueil.com,109,mobile,,False,0.0
5c787df1-644c-490b-b1eb-511bfaa00521,2026-07-31T06:56:02.949470,ANONa3ed8a1b,www.jumia/produit/detail.com,40,mobile,CMP0001,False,0.0
12c589aa-4796-4538-91a9-56962fd12704,2026-08-06T08:13:02.949470,ANONf1c5019e,www.jumia/produits.com,31,tablette,,False,0.0
84e22d7d-ca41-42d7-b086-5e05a3a31a22,2026-09-01T19:46:02.949470,ANON6f55c488,www.jumia/promo.com,149,desktop,CMP0014,False,0.0
b7d336e0-1205-4a12-a7d4-00b7132c0cf3,2026-07-22T20:31:02.949470,CLI00279,www.jumia/promo.com,149,tablette,CMP0015,False,0.0
4fc78aca-5e5c-44a7-8467-6e3a0ba3bead,2026-07-08T00:31:02.949470,CLI00107,www.jumia/promo.com,181,mobile,,False,0.0
0e141d72-6366-4727-82c9-c83a6228b188,2026-08-23T17:24:02.949470,CLI00289,www.jumia/panier.com,220,tablette,CMP0002,False,0.0
f785f086-66bf-4846-aee5-d67785c31c1c,2026-08-28T07:15:02.949470,CLI00387,www.jumia/produit/detail.com,64,tablette,,False,0.0
8aaeb392-78b8-4db0-add3-22268e26e1b5,2026-08-20T21:04:02.949470,CLI00051,www.jumia/blog.com,62,mobile,,False,0.0
5d1b94b1-d83d-492e-94ad-e0227d3bc48e,2026-08-27T20:53:02.949470,ANON4ba47246,www.jumia/promo.com,144,desktop,,False,0.0
2addfc4c-019e-4b9c-bb4f-913adef3680c,2026-08-24T04:33:02.949470,ANON2f4ecd79,www.jumia/contact.com,94,desktop,,False,0.0
d99b679b-0e74-46da-a956-9759080e9d9b,2026-07-20T06:07:02.949470,CLI00349,www.jumia/promo.com,108,tablette,,False,0.0
ca98a79f-eda1-4b54-83f3-c2de2038d12e,2026-07-29T21:21:02.949470,ANONb336cecf,www.jumia/produits.com,142,mobile,,False,0.0
8f9da448-d38f-4764-a90e-978e6a1a4251,2026-07-22T22:56:02.949470,ANON689aa88a,www.jumia/blog.com,198,desktop,,False,0.0
5f138fdb-083d-467e-8e9e-f61f669f61a5,2026-07-28T21:37:02.949470,CLI00390,www.jumia/checkout.com,37,desktop,CMP0005,True,39.88
236742e0-12a5-456e-9098-381c9cb0fefc,2026-08-03T12:07:02.949470,CLI00182,www.jumia/a-propos.com,42,mobile,CMP0002,False,0.0
b1419331-74bc-4644-a745-b3d725b8ec10,2026-08-13T14:22:02.949470,CLI00212,www.jumia/blog.com,8,mobile,CMP0007,False,0.0
b0e0c911-284f-4650-856e-05cc9716a03c,2026-08-21T12:29:02.949470,CLI00267,www.jumia/produit/detail.com,77,tablette,,False,0.0
d71697eb-3cea-4ea0-a3fb-3ec2bec0f698,2026-07-29T23:40:02.949470,CLI00033,www.jumia/produit/detail.com,3,desktop,CMP0005,False,0.0
4eab3cfc-e4c7-4828-9006-c11be6f817ef,2026-07-23T07:51:02.949470,CLI00484,www.jumia/panier.com,56,tablette,CMP0002,False,0.0
66297540-1721-41c8-bf2b-9c0cee3e1fe0,2026-08-15T10:10:02.949470,CLI00070,www.jumia/checkout.com,70,tablette,,True,127.77
4d10e4d2-2e45-4864-b434-f3f940da49be,2026-07-30T05:00:02.949470,ANONe518b6bd,www.jumia/promo.com,30,mobile,CMP0014,False,0.0
c2e757f6-0f2c-4ef8-8f44-fab8a442390c,2026-07-25T05:10:02.949470,CLI00161,www.jumia/produit/detail.com,80,desktop,,False,0.0
667c9460-f2e7-419a-8be7-3776430789d1,2026-07-26T04:19:02.949470,CLI00295,www.jumia/panier.com,2,desktop,,False,0.0
ab3b91ca-d01c-450f-9039-895744258b75,2026-07-30T03:24:02.949470,CLI00478,www.jumia/promo.com,3,mobile,,False,0.0
924c82cc-2ea7-4db4-9113-a6ee099c85dd,2026-08-12T11:43:02.949470,ANONe09ac2b4,www.jumia/contact.com,155,tablette,,False,0.0
adeab77d-2693-4220-99fe-79695c4a72dd,2026-07-19T09:23:02.949470,CLI00435,www.jumia/blog.com,40,tablette,CMP0012,False,0.0
11aa3152-15fb-4eeb-86e9-f8a51c979fb8,2026-08-05T23:12:02.949470,ANONa40a688c,www.jumia/blog.com,12,desktop,CMP0005,False,0.0
0eeb86b9-7399-4af5-bd53-1ad9dbc21003,2026-07-10T09:10:02.949470,CLI00473,www.jumia/blog.com,66,tablette,CMP0007,False,0.0
a4b5ff66-8818-4fef-9825-0cb231730b37,2026-07-08T06:16:02.949470,CLI00327,www.jumia/produits.com,132,mobile,,False,0.0
1e532daa-7eca-43f3-96d1-9d181d63c1bf,2026-08-24T02:14:02.949470,CLI00314,www.jumia/accueil.com,21,tablette,,False,0.0
17f7077a-1b28-491d-8d0b-b26bdaa1da6d,2026-08-16T16:13:02.949470,CLI00408,www.jumia/blog.com,87,mobile,CMP0013,False,0.0
9ea9c685-420a-48c5-b182-2a7f7a96b612,2026-07-05T21:48:02.949470,CLI00298,www.jumia/promo.com,8,mobile,CMP0012,False,0.0
d2b9390a-1dab-4011-8e68-bd6bce5f5140,2026-08-03T05:57:02.949470,ANONa819f77c,www.jumia/a-propos.com,4,mobile,CMP0011,False,0.0
18383130-6bda-473a-bb7c-c8aa3fadfd58,2026-07-27T19:02:02.949470,ANON947d9d8f,www.jumia/produits.com,68,mobile,CMP0007,False,0.0
8641421c-4105-4cda-96be-56c5bcad3c70,2026-08-28T17:41:02.949470,CLI00106,www.jumia/a-propos.com,70,desktop,CMP0006,False,0.0
1c2f5e41-28a6-488d-85ca-bcc67cd44b12,2026-07-28T09:38:02.949470,CLI00035,www.jumia/checkout.com,91,mobile,CMP0012,True,217.57
6df208cf-d963-4298-93af-7fcc5ef73f0f,2026-08-29T05:13:02.949470,CLI00380,www.jumia/panier.com,116,tablette,CMP0013,False,0.0
140010a0-753c-4c09-8113-473544d2f86a,2026-07-17T11:42:02.949470,ANONd46bd719,www.jumia/panier.com,335,desktop,CMP0007,False,0.0
1975ebfc-4b6c-4c81-b9e2-593beb862eef,2026-08-14T23:43:02.949470,CLI00015,www.jumia/promo.com,65,mobile,,False,0.0
f49e8041-ed39-4771-99db-6a4c7e39993e,2026-08-03T12:59:02.949470,CLI00143,www.jumia/produits.com,35,tablette,CMP0012,False,0.0
f8f88e33-7c31-4980-908e-ffdc7e5cdd09,2026-07-12T11:43:02.949470,CLI00135,www.jumia/contact.com,142,tablette,CMP0004,False,0.0
bb229f0b-1ebf-41f8-a6a2-713aa9e6bde4,2026-08-15T05:10:02.949470,ANONbbd6db6e,www.jumia/confirmation-commande.com,28,desktop,CMP0007,True,115.32
053f7c13-3dc6-4dac-8573-608006b03c5c,2026-08-14T00:24:02.949470,ANON02626555,www.jumia/promo.com,52,tablette,,False,0.0
b4a43f7d-f5f7-4050-b22c-582e2eb7cb25,2026-07-11T15:40:02.949470,CLI00094,www.jumia/confirmation-commande.com,7,tablette,CMP0004,True,212.63
027a5be5-a671-4d03-a54b-836651a0eb4d,2026-07-30T08:10:02.949470,CLI00250,www.jumia/a-propos.com,2,tablette,CMP0007,False,0.0
a8a67257-faf1-48af-a986-ea329cb94e2a,2026-09-02T15:31:02.949470,ANONdb4f8389,www.jumia/contact.com,295,desktop,,False,0.0
552b2b64-5e6d-41d6-a31f-58d3be94a11e,2026-07-13T23:52:02.949470,ANON8fb90a14,www.jumia/confirmation-commande.com,162,desktop,,True,286.27
8a2a9ee2-174d-4ce7-b59f-66084923ec25,2026-07-14T01:24:02.949470,CLI00254,www.jumia/blog.com,107,tablette,CMP0009,False,0.0
5db27055-0039-4ce7-a65c-056da406ae37,2026-08-06T08:17:02.949470,CLI00043,www.jumia/promo.com,47,mobile,,False,0.0
c4568801-27a8-4017-b607-aff45daa7e62,2026-08-25T01:50:02.949470,CLI00087,www.jumia/contact.com,17,tablette,CMP0004,False,0.0
9596e384-8c91-406d-93be-1c592b169fc9,2026-08-22T10:07:02.949470,CLI00397,www.jumia/a-propos.com,15,desktop,CMP0010,False,0.0
0d885890-786d-42cd-8ecf-d2505dcc6c3e,2026-08-08T20:20:02.949470,CLI00218,www.jumia/produits.com,25,tablette,,False,0.0
05ae0fbf-f3c8-469a-b92f-98e623e7af2f,2026-08-28T15:20:02.949470,ANONa738c93c,www.jumia/contact.com,71,desktop,CMP0014,False,0.0
139fad05-19bd-4fb3-8fdf-476f58f7bd99,2026-07-27T21:00:02.949470,CLI00416,www.jumia/panier.com,112,mobile,,False,0.0
a4113169-d3ab-4d59-a91b-345d84ddff88,2026-08-26T18:09:02.949470,ANONe57db613,www.jumia/promo.com,97,tablette,,False,0.0
d0112244-7d83-4385-b00e-5d3c28001236,2026-08-02T00:11:02.949470,ANON5ba47014,www.jumia/accueil.com,29,tablette,CMP0004,False,0.0
5ec8f3e7-2cac-4ab3-98e1-0ffc7ce6500d,2026-07-28T11:49:02.949470,CLI00361,www.jumia/checkout.com,278,tablette,CMP0003,True,91.19
0fd92c80-0988-4d28-bab4-650eac1d81d7,2026-09-01T16:24:02.949470,ANONefbbf5c3,www.jumia/accueil.com,120,desktop,CMP0013,False,0.0
569cceea-4317-40a8-90f8-d93909324297,2026-08-30T14:40:02.949470,CLI00075,www.jumia/confirmation-commande.com,72,tablette,,True,251.12
e59e5cf3-b0e6-4d1d-aeec-14bc0161eee8,2026-07-31T09:41:02.949470,ANON0b2a1259,www.jumia/blog.com,85,desktop,CMP0005,False,0.0
c112beda-1c31-4b0d-9626-e505efe3e0e3,2026-07-10T15:22:02.949470,CLI00264,www.jumia/checkout.com,48,desktop,,False,0.0
28e8d52d-3af2-481c-adb3-5b360141d84f,2026-08-04T09:52:02.949470,ANONf1ac10eb,www.jumia/produits.com,25,tablette,CMP0014,False,0.0
6b384741-99a8-46ae-af71-fbc6cb870b65,2026-08-04T15:14:02.949470,ANON9f010f91,www.jumia/a-propos.com,39,desktop,,False,0.0
b8338d6d-d173-4059-9dea-9aac9dddfcb5,2026-07-19T08:24:02.949470,CLI00146,www.jumia/confirmation-commande.com,127,mobile,CMP0005,True,170.98
de915717-0ed5-4776-abc1-ff3c0b9bd35b,2026-08-11T10:22:02.949470,ANON0656e477,www.jumia/accueil.com,1,mobile,CMP0011,False,0.0
a8a1a54e-703d-49db-af14-93c2ed627024,2026-08-15T08:33:02.949470,CLI00234,www.jumia/accueil.com,11,desktop,CMP0014,False,0.0
153b77dc-451c-4dd5-98ed-46d5b9aa7f0f,2026-07-18T17:30:02.949470,CLI00448,www.jumia/checkout.com,4,mobile,CMP0011,True,117.72
69804663-df49-40e3-8a6b-ba4709e18a1d,2026-07-29T16:29:02.949470,CLI00321,www.jumia/checkout.com,3,mobile,,False,0.0
3737918a-7fa2-4187-a729-f80ebed282ab,2026-08-02T14:37:02.949470,CLI00245,www.jumia/produits.com,174,mobile,,False,0.0
7161551a-5db0-4ac7-b394-ab378485de5d,2026-08-12T02:05:02.949470,CLI00357,www.jumia/confirmation-commande.com,109,desktop,,True,247.88
45b30a61-9d1c-470c-a877-5ea94928c199,2026-08-18T23:02:02.949470,CLI00413,www.jumia/produits.com,57,mobile,CMP0007,False,0.0
631f3d8f-4a27-4c11-ade2-c0837fcafe70,2026-07-26T06:28:02.949470,ANONe2d1b468,www.jumia/produit/detail.com,9,tablette,CMP0007,False,0.0
df94aecc-2758-43df-bd70-ead4325bb974,2026-08-17T22:36:02.949470,ANONcfc421bd,www.jumia/produit/detail.com,60,desktop,CMP0001,False,0.0
c68577c8-9b68-45b0-99aa-a60cb42a2420,2026-07-28T17:45:02.949470,CLI00211,www.jumia/promo.com,57,tablette,,False,0.0
ffa5863b-9b74-4d7c-97c2-d0b6b6527310,2026-08-03T00:37:02.949470,CLI00064,www.jumia/promo.com,17,tablette,,False,0.0
d0db76cc-c0d6-454c-9d3c-5c483a448d51,2026-07-30T05:59:02.949470,CLI00331,www.jumia/produits.com,51,mobile,CMP0003,False,0.0
cd2a88ca-8845-4cc6-8c73-111370985621,2026-08-10T14:10:02.949470,CLI00482,www.jumia/accueil.com,45,tablette,,False,0.0
0ab44ca5-d444-44e1-8761-183715ed52ae,2026-08-31T03:45:02.949470,CLI00201,www.jumia/checkout.com,86,mobile,CMP0009,False,0.0
ddb62a1e-84f4-4d92-b158-a592242ba65e,2026-08-06T06:39:02.949470,ANON7a0d55c4,www.jumia/a-propos.com,90,mobile,CMP0011,False,0.0
784a07fb-1d53-4f99-8fd0-4160d35bc31e,2026-07-29T04:40:02.949470,ANONa05a8978,www.jumia/confirmation-commande.com,4,mobile,CMP0014,True,170.71
074b0a36-8a76-4526-bfbe-5364a0a57572,2026-08-23T10:21:02.949470,CLI00135,www.jumia/panier.com,42,mobile,CMP0010,False,0.0
71be3b3d-aab7-4908-830e-502391f5eac5,2026-09-02T20:22:02.949470,ANON8a9adfed,www.jumia/a-propos.com,88,desktop,CMP0005,False,0.0
7aad08e8-5625-41d5-8688-39b21b0580f1,2026-08-02T16:57:02.949470,CLI00079,www.jumia/checkout.com,62,mobile,CMP0009,True,37.52
fc665f9a-b12f-434d-ab48-01bf370096dd,2026-08-25T23:06:02.949470,ANON0bc859b7,www.jumia/produits.com,174,desktop,CMP0010,False,0.0
e1100dc9-79d8-4250-8fb5-7bf0cb800ad0,2026-08-19T08:18:02.949470,CLI00126,www.jumia/produits.com,96,desktop,,False,0.0
dd10e6f7-eedd-4651-8376-56f706365345,2026-07-13T09:11:02.949470,CLI00380,www.jumia/produit/detail.com,16,mobile,,False,0.0
7736b49d-d7b7-4b4d-a16f-d6cc2a7d7b99,2026-07-06T16:40:02.949470,CLI00488,www.jumia/confirmation-commande.com,6,tablette,,True,164.06
e6e7808d-ac5a-4d05-97bf-e02660ccf035,2026-07-21T23:55:02.949470,ANONc6a21638,www.jumia/produits.com,92,mobile,CMP0013,False,0.0
a68301d2-ae07-476b-b23b-36ed437f859d,2026-07-27T07:49:02.949470,ANONe54cc0ef,www.jumia/promo.com,2,tablette,CMP0005,False,0.0
bc427c34-7065-4e5e-a380-ce6454d9a5ca,2026-07-10T10:01:02.949470,CLI00291,www.jumia/produit/detail.com,79,desktop,CMP0001,False,0.0
07f43edb-73d2-489b-a782-3087c0f8035e,2026-07-16T03:21:02.949470,ANONfb9ec952,www.jumia/produits.com,253,mobile,CMP0010,False,0.0
6773e1f4-df72-4978-8287-fbd7a2ce5ca5,2026-08-22T10:32:02.949470,CLI00024,www.jumia/contact.com,77,desktop,CMP0014,False,0.0
cb1e7431-bff6-4179-aba3-e47bdb6bf877,2026-07-29T22:43:02.949470,ANONeabde0a3,www.jumia/a-propos.com,44,tablette,,False,0.0
21fa97da-6db0-49f6-a46f-9f828c2732ba,2026-08-22T14:58:02.949470,CLI00369,www.jumia/confirmation-commande.com,92,mobile,CMP0004,True,92.31
9a7fd6a8-cda3-48d2-b1f3-0a5bda35f02d,2026-08-11T05:39:02.949470,CLI00115,www.jumia/a-propos.com,55,mobile,CMP0015,False,0.0
35743857-1cfc-482d-b82b-db4e84a29862,2026-07-30T21:28:02.949470,ANON11e08240,www.jumia/checkout.com,70,tablette,CMP0005,False,0.0
ceb783a9-ebfb-439f-b8d5-c87d7d8a60a5,2026-08-03T18:55:02.949470,ANON71b2ba26,www.jumia/promo.com,255,mobile,CMP0010,False,0.0
2d402ee9-a0fb-4f3b-b064-b53e08bd1258,2026-08-04T06:09:02.949470,ANON2b71ec33,www.jumia/panier.com,43,tablette,,False,0.0
4f15b571-8b1a-4211-b9d8-3475d204b403,2026-09-01T12:20:02.949470,CLI00478,www.jumia/blog.com,292,mobile,,False,0.0
39b58c04-79e2-44fe-bf2f-d697ff2644b4,2026-07-20T11:54:02.949470,ANONb0ee76a5,www.jumia/accueil.com,212,desktop,,False,0.0
58c18bec-f93d-45b0-87ff-befc7c685693,2026-07-06T15:56:02.949470,ANONd2bbb870,www.jumia/produits.com,19,mobile,,False,0.0
08c1ab0c-534a-424b-a8a6-3afb526bf8c3,2026-08-08T01:58:02.949470,ANON4bd3b44f,www.jumia/produit/detail.com,6,tablette,CMP0001,False,0.0
75cbf297-b93a-4951-b5d1-2e9b05f9b876,2026-07-22T20:34:02.949470,ANON0c0f2267,www.jumia/a-propos.com,9,desktop,,False,0.0
488f7cc0-262f-40d4-a7b2-479bed28a503,2026-08-19T06:01:02.949470,CLI00049,www.jumia/a-propos.com,1,mobile,,False,0.0
5cb66a1d-f739-44f5-8a39-4314995731cc,2026-08-15T06:36:02.949470,CLI00494,www.jumia/produit/detail.com,8,mobile,CMP0001,False,0.0
42899179-4204-4f3b-906e-60629ef41136,2026-07-24T03:26:02.949470,CLI00426,www.jumia/confirmation-commande.com,103,desktop,CMP0013,True,105.65
76dd85dd-9daa-4476-b480-ba876321af20,2026-07-19T20:44:02.949470,ANONf34d81f7,www.jumia/produit/detail.com,6,mobile,CMP0013,False,0.0
0ed73405-9824-49b3-a366-4ef538b2ee31,2026-07-16T09:01:02.949470,CLI00494,www.jumia/panier.com,34,desktop,CMP0002,False,0.0
e6eebd1d-befd-459b-8e84-a8ae59653b89,2026-07-25T08:48:02.949470,CLI00414,www.jumia/checkout.com,167,tablette,,False,0.0
a55fc82f-7091-4d18-bae6-66a046c759ef,2026-08-12T19:45:02.949470,CLI00047,www.jumia/panier.com,2,desktop,,False,0.0
e41ef9bb-a871-4033-9f27-0ec383a07adb,2026-07-31T10:35:02.949470,CLI00090,www.jumia/accueil.com,151,desktop,,False,0.0
2b8779ba-8f0b-4f9b-aab1-c98391ede9ec,2026-08-29T09:07:02.949470,CLI00237,www.jumia/produits.com,29,mobile,,False,0.0
3d847a29-81fd-45d5-81c5-19b2474671e6,2026-07-12T18:35:02.949470,ANON8e398cd5,www.jumia/produit/detail.com,11,mobile,,False,0.0
baba94c8-ab7a-430a-a1e0-8be14f694c5b,2026-08-27T06:55:02.949470,ANONf3cd12d1,www.jumia/produits.com,107,tablette,,False,0.0
624e03f8-a1e1-446d-a808-daf8442c74ab,2026-08-12T03:30:02.949470,CLI00034,www.jumia/panier.com,89,tablette,,False,0.0
e7c38915-1c43-4cb3-9e68-6982c1fc7586,2026-08-02T22:37:02.949470,ANON3a82d37a,www.jumia/confirmation-commande.com,188,desktop,,True,49.92
11f8e6a3-3b70-4045-a8e8-7083e779a3fe,2026-07-09T00:31:02.949470,ANON53e1706d,www.jumia/contact.com,119,mobile,CMP0014,False,0.0
8cb6f051-b9af-4915-8513-ff83e32436b0,2026-07-30T15:59:02.949470,ANON400d0ac1,www.jumia/checkout.com,146,mobile,CMP0004,True,266.78
45162bf2-dfe7-458c-b453-dc1087992a69,2026-08-14T14:11:02.949470,CLI00452,www.jumia/a-propos.com,29,desktop,CMP0005,False,0.0
f10d6c02-07c3-4ae7-9707-c058b4e90871,2026-07-08T20:49:02.949470,CLI00453,www.jumia/a-propos.com,17,mobile,CMP0007,False,0.0
aef1115a-e3b7-44dc-88e7-55c0348b3a02,2026-08-15T12:22:02.949470,ANONaf2a99c6,www.jumia/confirmation-commande.com,124,desktop,CMP0007,True,151.71
02f90112-7f02-40d0-88f1-300a63f60253,2026-07-28T13:04:02.949470,CLI00164,www.jumia/promo.com,147,mobile,CMP0005,False,0.0
e251d794-0c6f-4ed5-b51e-285ea51d885c,2026-07-07T02:35:02.949470,CLI00184,www.jumia/promo.com,419,mobile,,False,0.0
a2b6b2a1-31c8-4730-befc-821dedd7f277,2026-07-15T21:47:02.949470,CLI00418,www.jumia/accueil.com,47,mobile,,False,0.0
567e65d0-440c-4d01-9d7f-10cecb74e6d4,2026-08-11T06:54:02.949470,ANON817852b5,www.jumia/produit/detail.com,41,mobile,,False,0.0
a06430b3-a327-4b1b-b55e-ae96ed4243d2,2026-07-21T12:52:02.949470,ANONb28473c9,www.jumia/promo.com,134,mobile,,False,0.0
777262c6-8111-4872-a9ca-2e9d0a4457f3,2026-08-20T16:54:02.949470,ANON8e1af99a,www.jumia/promo.com,37,mobile,,False,0.0
704d264c-fb21-4cd5-b0d4-c35185a96698,2026-08-28T10:06:02.949470,CLI00029,www.jumia/panier.com,240,tablette,CMP0008,False,0.0
cb1e0898-8887-4242-b6da-e2934e8dbc5e,2026-07-19T19:05:02.949470,ANON05cd65e9,www.jumia/panier.com,175,mobile,CMP0006,False,0.0
e1d40aa5-f368-4b05-baa9-3dd581ac605a,2026-07-27T16:43:02.949470,ANONca9f88b3,www.jumia/confirmation-commande.com,50,mobile,,True,31.97
e2ff2d46-737a-443e-9b1f-01468f6ac2fc,2026-08-12T17:30:02.949470,ANON8a816c61,www.jumia/confirmation-commande.com,125,desktop,CMP0002,True,288.76
58f405c7-886a-41e3-bb25-4a77a11b4057,2026-08-20T15:57:02.949470,CLI00070,www.jumia/produit/detail.com,126,tablette,CMP0006,False,0.0
829680a6-a633-46b1-b6a8-f95ed1b7a9fc,2026-09-04T08:22:02.949470,CLI00163,www.jumia/produit/detail.com,9,tablette,,False,0.0
147566e3-dca0-487e-bf0b-9899727d68af,2026-08-10T17:28:02.949470,ANON8292fce1,www.jumia/panier.com,209,tablette,,False,0.0
8976cf59-f44d-4d59-8d71-f6b6daca5cb1,2026-08-11T23:56:02.949470,CLI00091,www.jumia/accueil.com,63,tablette,CMP0012,False,0.0
49e23c12-fdc2-4af5-859d-80ffb545f8af,2026-09-04T12:57:02.949470,ANON30cde606,www.jumia/promo.com,157,mobile,,False,0.0
7566e8e7-a6ae-42d9-bc97-011ce5859181,2026-07-17T13:52:02.949470,ANONaa3b69cd,www.jumia/panier.com,34,tablette,,False,0.0
17029fdd-7162-4e63-a85f-15ed5a18140d,2026-08-10T22:31:02.949470,ANON08f8b31d,www.jumia/panier.com,203,desktop,CMP0006,False,0.0
9596b78c-d158-4b49-bab4-94b448260583,2026-07-26T00:12:02.949470,CLI00363,www.jumia/confirmation-commande.com,44,desktop,,True,142.29
1a01048e-b707-43b3-8366-99afecc7d90e,2026-07-19T02:16:02.949470,ANON8569a071,www.jumia/accueil.com,1,mobile,CMP0005,False,0.0
ea9b92a3-0b30-4d1a-87f3-5efe2d279b89,2026-07-30T09:18:02.949470,ANONd3081d64,www.jumia/contact.com,212,desktop,CMP0003,False,0.0
8d22685a-597c-4524-a5a1-c470ae9f1ebd,2026-07-28T11:56:02.949470,ANON03486e44,www.jumia/promo.com,8,tablette,CMP0008,False,0.0
78d2d61c-d79d-494b-a444-b872581ce8c6,2026-08-23T15:46:02.949470,ANONac003ffc,www.jumia/accueil.com,34,desktop,CMP0002,False,0.0
5019ca4f-a152-4d74-af8b-aeb8f08b1bc6,2026-07-07T04:48:02.949470,CLI00088,www.jumia/blog.com,269,mobile,,False,0.0
db7fd61e-46ae-44d3-8764-88a158e854e7,2026-08-20T21:07:02.949470,ANONb4a1eb27,www.jumia/confirmation-commande.com,270,tablette,,True,184.3
f9c0f0e9-65a3-4591-ab9a-07ea1e93981b,2026-09-01T10:17:02.949470,CLI00456,www.jumia/blog.com,76,mobile,CMP0011,False,0.0
1019c691-82e2-4b3b-b82e-b9b58124d7b1,2026-07-08T21:53:02.949470,CLI00284,www.jumia/a-propos.com,89,desktop,CMP0004,False,0.0
f6713929-cca6-4ca9-aecb-ad6512e74222,2026-08-17T03:51:02.949470,CLI00282,www.jumia/contact.com,53,mobile,CMP0001,False,0.0
24d74418-0868-4e6b-98ae-fb3af0907e41,2026-07-09T05:32:02.949470,ANON249e2c23,www.jumia/promo.com,31,desktop,CMP0005,False,0.0
76cadc18-3215-41a0-954f-c06ece3270bd,2026-07-17T21:33:02.949470,CLI00042,www.jumia/contact.com,35,mobile,CMP0011,False,0.0
49416155-c844-4823-a62a-677605ab90a6,2026-07-25T07:02:02.949470,CLI00329,www.jumia/a-propos.com,100,desktop,CMP0011,False,0.0
8dcd670b-2c00-4648-b95b-8d3c16e480b7,2026-07-17T06:28:02.949470,CLI00135,www.jumia/contact.com,125,desktop,CMP0003,False,0.0
1b6221f9-6f94-4c60-b878-59fb55fbb6c7,2026-07-22T02:25:02.949470,CLI00357,www.jumia/produits.com,141,mobile,CMP0001,False,0.0
5b3bc4ff-92c9-4ce9-8da2-05ecfe0b8de1,2026-08-17T06:23:02.949470,ANON6faef8d3,www.jumia/a-propos.com,140,mobile,CMP0013,False,0.0
e3ba56cd-fc21-442b-8e80-7c9120c1ba22,2026-08-28T07:24:02.949470,ANONaddd7f2a,www.jumia/contact.com,8,tablette,CMP0009,False,0.0
24bb296d-f999-45f9-b1e2-152e378ea0e2,2026-08-31T02:02:02.949470,ANONc6371f30,www.jumia/accueil.com,61,tablette,CMP0007,False,0.0
637e2ff3-4ee5-40bc-a1e5-6ef7a06670d5,2026-08-11T11:23:02.949470,CLI00487,www.jumia/contact.com,5,mobile,CMP0010,False,0.0
6ea9c9ff-e5fb-4e94-b6e7-70038e281371,2026-09-03T23:45:02.949470,CLI00217,www.jumia/produits.com,71,tablette,,False,0.0
81e076e6-081f-40e6-b4ed-65ca21925e51,2026-08-02T01:24:02.949470,ANON4dcd709a,www.jumia/checkout.com,52,tablette,,False,0.0
146a417d-2bc2-4a49-afab-73a4d460c913,2026-09-01T20:37:02.949470,ANONa440b65d,www.jumia/checkout.com,196,mobile,CMP0007,False,0.0
7b4fbc12-f441-40a6-84a0-5887f245c4ed,2026-08-25T17:11:02.949470,CLI00213,www.jumia/produit/detail.com,38,mobile,CMP0013,False,0.0
f20e0af0-e353-4de0-8257-bb92cddcb8f1,2026-08-11T13:09:02.949470,ANONa0907b34,www.jumia/produits.com,11,tablette,,False,0.0
6d43c755-2fa2-4826-9751-2e87bfe52282,2026-08-23T22:22:02.949470,ANON1fd00e8f,www.jumia/blog.com,13,desktop,CMP0009,False,0.0
941a5157-3355-42cb-a36f-4a74816e02f2,2026-07-30T15:03:02.949470,CLI00142,www.jumia/blog.com,129,mobile,CMP0008,False,0.0
0df8e02f-8b47-47b9-8daa-3d8bc25d8b0d,2026-08-14T14:15:02.949470,CLI00456,www.jumia/confirmation-commande.com,86,mobile,,True,211.8
e4955b02-49a5-4def-8bbb-581e1ead6d3d,2026-08-22T10:30:02.949470,CLI00419,www.jumia/checkout.com,9,desktop,CMP0006,False,0.0
7b9f2293-3f15-4901-94ea-847bf82985f1,2026-08-29T17:15:02.949470,CLI00154,www.jumia/contact.com,7,desktop,CMP0014,False,0.0
b1db5eab-5271-4954-94a9-49dde0e13dca,2026-07-23T17:58:02.949470,CLI00227,www.jumia/panier.com,108,desktop,,False,0.0
ea2e3c7a-0f8d-41ca-8add-2edcec967866,2026-08-22T10:20:02.949470,ANON38e0162f,www.jumia/a-propos.com,6,mobile,CMP0006,False,0.0
d165cecb-404d-42e0-9ab4-2e2e198d857b,2026-07-10T04:17:02.949470,ANONdbb9c60a,www.jumia/a-propos.com,155,tablette,CMP0003,False,0.0
87220a50-d1a5-45b2-9e45-635f1026942c,2026-07-06T23:44:02.949470,CLI00030,www.jumia/panier.com,110,mobile,,False,0.0
8f568911-a05a-4844-8175-9b144e6971ff,2026-08-03T20:30:02.949470,CLI00422,www.jumia/contact.com,7,tablette,CMP0004,False,0.0
10f17643-223b-4e7a-86ed-62b7f8e59e67,2026-07-31T15:31:02.949470,CLI00251,www.jumia/promo.com,7,desktop,CMP0001,False,0.0
a425ccef-5967-495d-a575-803c93547916,2026-07-17T10:09:02.949470,CLI00458,www.jumia/checkout.com,388,tablette,CMP0006,False,0.0
eac758b1-23a8-43c9-adf1-77e7398e377d,2026-07-11T03:33:02.949470,ANONe2f4db04,www.jumia/panier.com,42,mobile,CMP0003,False,0.0
92fab122-a383-44c7-b9e0-0a318628cf3c,2026-08-16T02:15:02.949470,CLI00011,www.jumia/accueil.com,41,desktop,CMP0011,False,0.0
df3b7ea6-4d78-43fa-8124-ee3f9617cf4b,2026-09-01T23:13:02.949470,CLI00130,www.jumia/promo.com,150,desktop,CMP0013,False,0.0
473e5094-e50e-4b0f-85a2-5abfe8072b31,2026-08-20T17:13:02.949470,CLI00179,www.jumia/contact.com,264,desktop,CMP0015,False,0.0
a227994c-54da-469d-bf4e-d04a8e5ed6a4,2026-07-19T08:51:02.949470,ANON44fcf1e9,www.jumia/blog.com,384,tablette,,False,0.0
afc03330-c396-489c-a504-49943fb3bf18,2026-07-11T19:04:02.949470,ANON69231288,www.jumia/confirmation-commande.com,125,tablette,,True,175.02
a13d87f2-a8bd-4afb-aa2e-f7dbfd1d40f8,2026-08-13T03:51:02.949470,CLI00173,www.jumia/checkout.com,42,desktop,,False,0.0
9a724be8-2195-4010-9167-6dfcab103c59,2026-07-22T15:17:02.949470,ANON12bb172c,www.jumia/panier.com,7,mobile,,False,0.0
da6a28b5-7875-4c31-8a38-e841f5de5d88,2026-08-08T02:29:02.949470,ANON81035e43,www.jumia/promo.com,135,desktop,CMP0014,False,0.0
776e8bb1-e8b5-4d1b-b48d-b817daf79e61,2026-08-17T05:15:02.949470,ANON81c62b8c,www.jumia/checkout.com,73,desktop,CMP0001,True,134.29
bc8ea655-940d-4050-8ef8-040b33b713c7,2026-08-21T20:09:02.949470,ANONfbe012e4,www.jumia/panier.com,49,desktop,,False,0.0
f59b8428-ba27-4f3a-ae17-1d00bb03a238,2026-08-21T16:46:02.949470,ANONaaae98e2,www.jumia/contact.com,213,tablette,,False,0.0
d7ad7c5c-648a-40c4-b239-bd2c55927dcf,2026-07-28T10:51:02.949470,ANONd7ecb1d9,www.jumia/a-propos.com,10,mobile,,False,0.0
def079ca-2d04-41cb-b487-e5565576b33a,2026-07-23T22:02:02.949470,ANONb8deb1b8,www.jumia/a-propos.com,61,mobile,CMP0005,False,0.0
b0a07130-ec78-4282-8de5-646f2bc09134,2026-09-04T16:29:02.949470,CLI00115,www.jumia/checkout.com,1,desktop,CMP0002,False,0.0
c4e37726-d7cc-4f1a-ae06-cf87a0bf7738,2026-07-29T03:09:02.949470,CLI00028,www.jumia/promo.com,56,tablette,CMP0014,False,0.0
e494f1a1-3a2b-4d3f-85a7-ddc1ebe97211,2026-09-04T13:36:02.949470,CLI00445,www.jumia/blog.com,5,tablette,CMP0004,False,0.0
23fe66d6-4e8d-4f01-9bd4-88fc7b67de89,2026-07-25T07:35:02.949470,CLI00103,www.jumia/confirmation-commande.com,11,tablette,,True,131.62
8355eccb-b401-4a9c-9e20-755485293c41,2026-09-01T08:41:02.949470,CLI00042,www.jumia/contact.com,11,desktop,CMP0012,False,0.0
e6c00e18-3a1d-41af-8b55-b81a227ce63d,2026-08-14T23:52:02.949470,CLI00141,www.jumia/panier.com,94,mobile,,False,0.0
1fb8cf8f-ddaf-4c9a-96aa-cc06674011bc,2026-08-11T00:03:02.949470,ANONcf61aa5e,www.jumia/produit/detail.com,123,tablette,,False,0.0
0089d7ab-a676-46c4-8288-79ce83f5554e,2026-08-02T14:59:02.949470,CLI00020,www.jumia/a-propos.com,78,mobile,CMP0008,False,0.0
0d38ac26-1065-4bc8-a1c6-a70de7c57c0c,2026-08-21T05:32:02.949470,ANON247506f9,www.jumia/a-propos.com,294,mobile,,False,0.0
30780a33-322a-4b07-9ed5-afccd9eb85f9,2026-07-07T15:32:02.949470,CLI00356,www.jumia/confirmation-commande.com,42,mobile,,True,103.95
1d438649-78ce-4498-805b-bc57da8d3fbd,2026-07-30T11:09:02.949470,ANON1b9f3ece,www.jumia/checkout.com,30,desktop,CMP0002,False,0.0
fa98ef90-ba9d-4d4e-8c9a-452fa9f67db4,2026-08-21T11:10:02.949470,ANON7c435d0e,www.jumia/produit/detail.com,182,desktop,CMP0007,False,0.0
554c2679-cb41-40eb-8b6f-dbaccf49bfb6,2026-09-01T09:54:02.949470,CLI00465,www.jumia/blog.com,22,mobile,,False,0.0
b1486283-4d6e-498c-b791-cee125f5f2ac,2026-07-20T02:18:02.949470,CLI00012,www.jumia/promo.com,297,tablette,,False,0.0
3c167056-645b-432d-91c1-74d8e9e0afd4,2026-07-15T21:55:02.949470,ANON1a2c8ae2,www.jumia/blog.com,1,tablette,,False,0.0
bef02c24-db23-46bb-9dc6-65fbc630b20d,2026-07-22T12:11:02.949470,ANON343181c4,www.jumia/accueil.com,315,mobile,CMP0001,False,0.0
52de8137-792e-4d7e-bca8-396cb64a8593,2026-08-18T21:58:02.949470,CLI00243,www.jumia/produit/detail.com,3,mobile,CMP0002,False,0.0
6e2bff4a-3b96-4e75-9239-a1ed374f3137,2026-08-19T16:12:02.949470,ANON1db803b2,www.jumia/a-propos.com,199,desktop,CMP0007,False,0.0
cd394b9b-b3a0-4101-adf6-1149b21462b7,2026-08-14T14:16:02.949470,ANONd4bde12e,www.jumia/a-propos.com,67,tablette,CMP0014,False,0.0
a5683032-cd0f-4baf-87ca-46c316ca3453,2026-08-13T21:50:02.949470,CLI00312,www.jumia/panier.com,446,desktop,CMP0002,False,0.0
b870d3c3-b63d-470e-9cd0-7f7327f315df,2026-08-28T10:44:02.949470,CLI00021,www.jumia/a-propos.com,6,desktop,CMP0007,False,0.0
61681245-be6f-4bd0-a38a-e57576804705,2026-09-02T01:16:02.949470,CLI00002,www.jumia/accueil.com,72,tablette,,False,0.0
dd5e0994-99ff-4f85-9fca-062d3bde98ba,2026-07-10T22:25:02.949470,CLI00047,www.jumia/a-propos.com,313,mobile,CMP0008,False,0.0
43621b42-aba1-4d42-9787-15fa5aec445f,2026-08-21T17:38:02.949470,ANONd6253c8a,www.jumia/contact.com,66,desktop,,False,0.0
3fe24dfb-76f0-45ad-8527-d7e63b25cc91,2026-07-22T08:35:02.949470,ANON5e1b7480,www.jumia/checkout.com,89,tablette,CMP0003,False,0.0
5374b479-c171-41f6-ba3b-f5ff75cd0232,2026-07-26T08:19:02.949470,ANONfc3d5b94,www.jumia/accueil.com,107,mobile,CMP0014,False,0.0
b8346070-c81b-454a-8906-8414de5b5200,2026-08-28T23:14:02.949470,CLI00458,www.jumia/contact.com,54,tablette,,False,0.0
da93df62-b717-4515-a7a8-9fee20c109b3,2026-07-23T17:37:02.949470,CLI00206,www.jumia/blog.com,88,desktop,CMP0006,False,0.0
1d2ffae2-59df-4e86-a114-8b4e692dea2d,2026-07-23T07:16:02.949470,ANON9cd93b07,www.jumia/produit/detail.com,79,mobile,,False,0.0
8b942ea4-4412-4c52-a0a0-c8bf582b3cd1,2026-07-14T17:18:02.949470,CLI00214,www.jumia/promo.com,208,desktop,CMP0014,False,0.0
0471ab8d-1ec3-4ffc-9d37-88e37e16f4b6,2026-08-26T13:15:02.949470,CLI00184,www.jumia/promo.com,4,mobile,CMP0010,False,0.0
e0d20ed1-26cd-4a20-a25c-8573b85778e9,2026-08-30T16:28:02.949470,ANON9acc63d2,www.jumia/produit/detail.com,29,desktop,,False,0.0
07fc9e92-f2d8-4e72-ae62-f5131eae8ee0,2026-09-02T09:39:02.949470,CLI00033,www.jumia/checkout.com,270,mobile,,False,0.0
d3dc290f-4a8e-4665-936d-799e93a0834b,2026-08-20T16:05:02.949470,ANON7f061b8d,www.jumia/promo.com,198,mobile,,False,0.0
f4ed0b6d-6276-4324-aeaa-5ca35c1c2abd,2026-08-17T05:05:02.949470,ANONe47b7b81,www.jumia/blog.com,54,tablette,CMP0012,False,0.0
b502c9b3-569a-4b6f-a989-e7d26e9c8af1,2026-08-21T02:02:02.949470,ANONb22a737d,www.jumia/produit/detail.com,87,tablette,CMP0011,False,0.0
ea44dee9-c33b-4812-9243-2a955651c739,2026-09-01T13:35:02.949470,CLI00435,www.jumia/contact.com,29,desktop,CMP0015,False,0.0
976f4659-9806-4e5d-9e8c-ff8d58b6bdf0,2026-08-29T23:36:02.949470,CLI00170,www.jumia/checkout.com,18,tablette,,True,78.47
cffb8d80-5ef1-4b9e-9eb5-0dfb8a6b15ac,2026-07-30T07:24:02.949470,CLI00294,www.jumia/contact.com,56,mobile,CMP0008,False,0.0
fba78c84-75da-42d1-992d-7a76447b7025,2026-08-29T10:00:02.949470,ANONb584e095,www.jumia/accueil.com,39,mobile,CMP0008,False,0.0
8482f3a3-c37b-45c4-b4ec-e61c3d6dce05,2026-07-31T07:34:02.949470,ANON2c489b75,www.jumia/promo.com,78,tablette,CMP0001,False,0.0
bdb4a2bc-eb21-4016-a70a-e4824a9b08f0,2026-08-15T04:28:02.949470,ANON6eb7ecf6,www.jumia/contact.com,7,desktop,CMP0004,False,0.0
a07979c7-3a8b-4151-a8ca-fe0de9676e73,2026-07-28T20:24:02.949470,CLI00393,www.jumia/promo.com,329,tablette,CMP0008,False,0.0
4ac2a4fb-d8c3-42cc-ba76-6baf2a5a6f97,2026-08-05T17:14:02.949470,CLI00389,www.jumia/panier.com,385,mobile,CMP0008,False,0.0
25742ad1-f22f-46fb-92d5-be31386e92d0,2026-07-27T06:25:02.949470,ANON2ca58a40,www.jumia/a-propos.com,107,tablette,,False,0.0
bffd8df3-21d6-4ea9-9464-f880c7c45e6a,2026-07-29T16:38:02.949470,CLI00421,www.jumia/blog.com,69,mobile,CMP0003,False,0.0
b48ea26e-5c0d-4c7c-87be-30a68ce3fe45,2026-07-22T13:44:02.949470,ANONf2f1e1b0,www.jumia/panier.com,33,desktop,CMP0015,False,0.0
f362a926-778f-482f-93fb-afb605a54e94,2026-08-27T01:17:02.949470,CLI00475,www.jumia/promo.com,151,mobile,CMP0013,False,0.0
acae8309-2b04-43c1-afa4-718bc2d16f39,2026-08-24T09:01:02.949470,ANONdea8e248,www.jumia/produit/detail.com,103,desktop,,False,0.0
3754ec09-605c-400f-88b9-0d598ad414e5,2026-07-06T11:19:02.949470,CLI00300,www.jumia/contact.com,15,tablette,CMP0015,False,0.0
23f2e421-0944-4e3e-9689-d7655bd199b0,2026-08-24T00:16:02.949470,ANON760b8638,www.jumia/produits.com,217,desktop,CMP0012,False,0.0
598ac44b-f4ef-4a81-94e3-470efc7353e3,2026-08-17T14:10:02.949470,CLI00197,www.jumia/blog.com,155,tablette,,False,0.0
3105dc50-839a-483d-b486-7d7a1a4526de,2026-09-02T17:20:02.949470,ANONe01e4db0,www.jumia/checkout.com,269,mobile,CMP0007,False,0.0
f2349c28-ede4-442d-8912-c546d69a074b,2026-07-14T08:10:02.949470,ANON5db78d85,www.jumia/checkout.com,116,tablette,,False,0.0
6437d824-667a-435c-902e-a2baaab50eca,2026-08-30T05:17:02.949470,ANONd26a87fa,www.jumia/panier.com,85,mobile,,False,0.0
bf5de455-7ca7-4bb8-bde9-34b451d6cc62,2026-07-19T14:17:02.949470,ANON445a6496,www.jumia/produit/detail.com,48,tablette,CMP0006,False,0.0
92efc9c4-2893-48f4-8e70-6ba1a21f5fa7,2026-08-16T00:04:02.949470,CLI00060,www.jumia/confirmation-commande.com,242,tablette,CMP0011,True,175.25
3dd90324-78e1-47fb-9301-32a87360657b,2026-08-11T16:17:02.949470,ANON3f72107a,www.jumia/a-propos.com,180,desktop,CMP0012,False,0.0
53238284-6088-4dee-86ed-14f53de94345,2026-08-31T08:23:02.949470,CLI00075,www.jumia/accueil.com,4,tablette,CMP0002,False,0.0
fc7ab9dc-cc32-4a6c-bf0c-25de6894192c,2026-07-09T00:49:02.949470,CLI00147,www.jumia/checkout.com,2,desktop,,True,32.68
fd86ed53-22d9-460f-a5f6-b837f5205336,2026-07-19T11:34:02.949470,CLI00445,www.jumia/a-propos.com,42,mobile,CMP0008,False,0.0
eaf78509-4c8f-40e8-9655-f582bb09904a,2026-08-22T15:07:02.949470,ANONbf1c1f3d,www.jumia/checkout.com,149,mobile,CMP0009,False,0.0
0ec54cea-a2ff-4685-b28f-226fe0f1fba0,2026-09-03T06:56:02.949470,ANON3727779f,www.jumia/confirmation-commande.com,392,mobile,CMP0013,True,290.26
c9b49e30-90ec-4825-9044-b7351698504b,2026-07-06T17:48:02.949470,ANON9d2ee8f3,www.jumia/contact.com,14,mobile,CMP0014,False,0.0
f6e7a66b-adf0-482a-a797-a0583d8ca02c,2026-09-02T15:17:02.949470,CLI00302,www.jumia/a-propos.com,81,tablette,,False,0.0
f18e2120-9d9a-47f1-9388-8d3204e269f3,2026-08-13T01:21:02.949470,CLI00230,www.jumia/produit/detail.com,43,tablette,,False,0.0
1c7d44b3-c276-4b31-84ec-e3a1c70f44de,2026-07-09T23:43:02.949470,CLI00021,www.jumia/blog.com,315,desktop,,False,0.0
70cfbcce-c3cf-4a88-89a7-546ac8acab2d,2026-08-10T02:40:02.949470,CLI00170,www.jumia/contact.com,166,tablette,CMP0014,False,0.0
715f5847-9159-4d12-9076-fc314ee187a5,2026-09-02T22:34:02.949470,ANON83921a3e,www.jumia/promo.com,163,tablette,CMP0006,False,0.0
01bf966c-6218-4d3d-9c59-2a9854d4a21c,2026-07-25T10:22:02.949470,CLI00363,www.jumia/confirmation-commande.com,56,mobile,CMP0006,True,164.74
555f273c-2840-4247-9501-0322f6b84e8c,2026-08-07T21:22:02.949470,CLI00207,www.jumia/produits.com,48,desktop,CMP0007,False,0.0
8d843c27-36bf-420f-a8d2-006495b9c449,2026-07-20T01:14:02.949470,CLI00487,www.jumia/promo.com,28,tablette,CMP0006,False,0.0
cac8f31a-738d-4c85-ac8a-07d9cee8ad93,2026-08-05T12:24:02.949470,ANON3503fd87,www.jumia/produits.com,5,tablette,,False,0.0
a31ec63f-7ab1-42c1-9ed4-2dc4a24a8dd1,2026-07-28T08:47:02.949470,ANONa08333c6,www.jumia/promo.com,180,mobile,,False,0.0
8b97a910-381a-4601-9747-f6e1907e5518,2026-07-08T16:28:02.949470,ANON6c26c621,www.jumia/produits.com,150,desktop,CMP0015,False,0.0
9950567a-43f7-441d-8f2b-6734dc9c6227,2026-07-22T12:18:02.949470,CLI00395,www.jumia/confirmation-commande.com,735,tablette,CMP0015,True,161.58
31044f8d-2fd7-4f27-a0df-540751521a00,2026-08-03T09:34:02.949470,CLI00264,www.jumia/produits.com,512,mobile,CMP0011,False,0.0
805ca67e-5741-471d-b1c8-914fcd72bd1d,2026-07-16T12:06:02.949470,CLI00323,www.jumia/panier.com,72,tablette,CMP0002,False,0.0
7fb26131-ddb4-422f-a6f7-68d77423ca5d,2026-08-01T21:45:02.949470,ANON9e208016,www.jumia/blog.com,131,tablette,CMP0012,False,0.0
462be67a-38c7-4cba-a10d-29d03f2b41be,2026-08-26T21:19:02.949470,CLI00368,www.jumia/confirmation-commande.com,260,mobile,,True,25.8
4b734a6c-441e-49e9-9bd3-ae903166969d,2026-07-09T00:22:02.949470,ANON01274dfd,www.jumia/panier.com,170,desktop,CMP0002,False,0.0
0cdc71da-f7ed-4404-9996-82ad5094683a,2026-08-01T07:00:02.949470,CLI00009,www.jumia/blog.com,25,tablette,,False,0.0
fadbe685-922d-4483-9174-2dde7c36f219,2026-07-13T11:32:02.949470,ANON102ef29a,www.jumia/promo.com,53,mobile,,False,0.0
b29d0f80-4e1f-463e-a136-bbbc71565c1e,2026-08-18T20:54:02.949470,CLI00403,www.jumia/checkout.com,12,desktop,,False,0.0
c8b3fba4-dbe3-41cf-a9ef-c07807ee75f8,2026-08-23T08:56:02.949470,CLI00081,www.jumia/a-propos.com,277,mobile,CMP0011,False,0.0
92a2afab-d21d-49f7-8709-9ba0236c475d,2026-07-14T17:57:02.949470,ANON926b1a57,www.jumia/checkout.com,83,mobile,,False,0.0
403ebae0-fea3-4333-958f-4c5f03605eed,2026-07-25T16:28:02.949470,ANON0fad2ddf,www.jumia/confirmation-commande.com,23,mobile,,True,287.86
54b314aa-0f42-4199-b7d4-ef531fa649c6,2026-08-10T11:41:02.949470,ANON426e25ff,www.jumia/blog.com,100,tablette,CMP0001,False,0.0
5b8fe630-16ef-4cc5-9ccb-fb0ae2901b32,2026-08-09T20:51:02.949470,ANON1901096e,www.jumia/confirmation-commande.com,86,tablette,CMP0012,True,75.35
c820156c-1692-4f4d-b72b-73e5b6b6a55c,2026-08-29T10:41:02.949470,ANONbdedc382,www.jumia/checkout.com,39,tablette,CMP0004,True,66.69
f0a9dfe1-5de7-4a2c-bb2d-3d37180be856,2026-08-28T20:26:02.949470,ANONd66a17ac,www.jumia/a-propos.com,10,desktop,,False,0.0
36f1cee0-8fbd-4ec3-8667-a4fe5e226b54,2026-08-16T11:36:02.949470,CLI00102,www.jumia/promo.com,100,desktop,CMP0002,False,0.0
447d911d-7236-40c1-a47e-630423630bb3,2026-09-04T04:54:02.949470,CLI00146,www.jumia/promo.com,66,mobile,CMP0011,False,0.0
1276f65c-b7da-4964-9266-95fc590e9be0,2026-09-01T00:52:02.949470,ANON97651e6c,www.jumia/checkout.com,133,mobile,CMP0006,False,0.0
b6a3ee4d-cf5e-4906-8890-6f84f4aecd21,2026-08-11T12:55:02.949470,ANON436d6cec,www.jumia/produit/detail.com,66,mobile,,False,0.0
26a6afe8-e323-437d-945d-18b39ec37065,2026-07-26T02:22:02.949470,ANONb342faad,www.jumia/checkout.com,172,mobile,CMP0012,False,0.0
1d722b9d-0457-4af8-981d-bf6011d6ba5d,2026-08-18T17:53:02.949470,CLI00184,www.jumia/checkout.com,72,mobile,,False,0.0
bd9a9f23-4e16-4818-b345-3fe765ef9f94,2026-07-17T15:10:02.949470,ANON9d02efce,www.jumia/produit/detail.com,74,tablette,CMP0005,False,0.0
5e1a00bb-2b8e-4ba7-8359-d5bbba66399e,2026-07-18T03:18:02.949470,CLI00039,www.jumia/accueil.com,188,tablette,,False,0.0
72ddc866-fbab-4b2d-94f1-a540055903ce,2026-08-14T19:24:02.949470,ANONb89737f3,www.jumia/panier.com,46,mobile,CMP0007,False,0.0
8a1b9b49-351e-4909-ac17-c3c856d137f3,2026-08-10T03:06:02.949470,CLI00335,www.jumia/produit/detail.com,12,desktop,,False,0.0
a16c4c12-ff0f-4b4d-b070-62829d8ca69b,2026-07-31T02:29:02.949470,ANON3150dab9,www.jumia/checkout.com,2,mobile,,True,157.82
e23cb098-2a7f-469e-9812-5d9fac0888aa,2026-07-31T06:04:02.949470,ANONb405d3e7,www.jumia/promo.com,126,tablette,CMP0004,False,0.0
2f9afc4f-04f4-46c7-95e6-31463ab2bf10,2026-07-16T10:40:02.949470,ANON1a66aa22,www.jumia/promo.com,87,tablette,CMP0003,False,0.0
3f244ed8-41ab-436a-a069-0c489b1c84e8,2026-08-29T23:19:02.949470,ANON0a145c66,www.jumia/accueil.com,109,mobile,,False,0.0
b1eb4362-eb73-4b02-8bcc-73834f7f60f0,2026-08-23T09:46:02.949470,CLI00343,www.jumia/panier.com,21,tablette,CMP0006,False,0.0
1060d63a-a744-4f4d-944b-4fbcb1daa274,2026-09-02T05:56:02.949470,ANON839a0021,www.jumia/accueil.com,13,tablette,CMP0008,False,0.0
0debada2-8e05-4d38-a174-77e9d630cd63,2026-07-25T22:17:02.949470,ANON3d990046,www.jumia/checkout.com,1,desktop,,False,0.0
94ca9cdb-c66f-42b2-a175-853e222a47dc,2026-08-12T12:08:02.949470,CLI00301,www.jumia/produits.com,38,tablette,CMP0011,False,0.0
fa00bfb4-6165-4e28-9a20-2570c1575416,2026-07-22T07:30:02.949470,CLI00445,www.jumia/confirmation-commande.com,80,desktop,CMP0007,True,153.76
331aac84-3ca0-4f14-8ab5-890d384a9c3b,2026-08-31T13:32:02.949470,CLI00118,www.jumia/produits.com,44,tablette,CMP0003,False,0.0
fccbc1e2-073f-446a-a88c-992eaa7aab67,2026-08-16T02:45:02.949470,CLI00368,www.jumia/produits.com,51,tablette,CMP0003,False,0.0
e4de3575-c343-44fc-8969-560b1d255fe9,2026-07-20T08:23:02.949470,CLI00246,www.jumia/contact.com,211,mobile,CMP0002,False,0.0
ac9bd7b9-53a5-41f0-b10d-6a43b1fb7560,2026-08-12T00:13:02.949470,CLI00023,www.jumia/produit/detail.com,38,tablette,,False,0.0
bb07b141-6c53-414b-83d8-bf944069a94a,2026-08-11T23:40:02.949470,CLI00294,www.jumia/produit/detail.com,64,mobile,,False,0.0
2ad97885-8b9b-4da2-a8ba-a6c9b1680536,2026-07-16T03:31:02.949470,ANON91fa89f9,www.jumia/promo.com,137,tablette,CMP0007,False,0.0
07d78f95-c8d2-4ce9-9878-5f408e09bdd7,2026-07-07T18:18:02.949470,CLI00044,www.jumia/panier.com,45,desktop,,False,0.0
d0e4d1b6-a803-4c50-bed3-0ed30b662f3c,2026-08-13T10:27:02.949470,ANON5b1ed1f5,www.jumia/promo.com,87,mobile,CMP0004,False,0.0
e979f97d-19e5-4e2a-90d3-099ecb6f7b48,2026-08-25T13:24:02.949470,ANONb73a667a,www.jumia/a-propos.com,178,desktop,,False,0.0
2562a4f0-c303-493b-9264-eaefcbe72bfc,2026-07-16T18:15:02.949470,ANONa7023a6d,www.jumia/produits.com,268,mobile,CMP0008,False,0.0
bc250a41-db42-4249-b33c-a2c1af02d2da,2026-07-30T06:40:02.949470,CLI00466,www.jumia/a-propos.com,14,tablette,CMP0004,False,0.0
fd2df5c5-ab17-4964-aa41-e8e24ccbc2a4,2026-07-31T23:10:02.949470,ANON1851d3a5,www.jumia/promo.com,235,mobile,CMP0008,False,0.0
22f5fa35-611c-4b4e-bce8-a359d64c233b,2026-08-31T12:04:02.949470,CLI00338,www.jumia/produit/detail.com,60,tablette,,False,0.0
23368314-16b1-428c-9ba2-353d3a8355fe,2026-08-08T19:29:02.949470,ANON2de9af91,www.jumia/blog.com,26,tablette,,False,0.0
1601c181-5679-41af-be9c-aa6dfebde478,2026-08-01T06:27:02.949470,CLI00481,www.jumia/contact.com,55,desktop,CMP0009,False,0.0
448f5772-0f57-42c6-b287-c9ab4b8e0bae,2026-07-28T13:23:02.949470,ANON5b476ede,www.jumia/promo.com,352,mobile,,False,0.0
a85523c1-ae48-48e3-8765-c3b0b2b227bb,2026-08-01T22:48:02.949470,ANON5b9401dd,www.jumia/produits.com,61,desktop,CMP0004,False,0.0
6d3e2fa3-ac80-45bc-8e0d-6db9d5c0463b,2026-08-13T11:58:02.949470,ANONbb410e34,www.jumia/accueil.com,35,tablette,CMP0001,False,0.0
258772f5-a066-47c7-b0f4-84455f1f184c,2026-08-07T22:05:02.949470,CLI00412,www.jumia/confirmation-commande.com,90,mobile,CMP0011,True,131.52
c89e4eab-a27f-43a2-a831-679cbd169f11,2026-07-15T08:13:02.949470,ANON69132c2f,www.jumia/blog.com,24,tablette,CMP0005,False,0.0
9e8b9e60-500e-4eaa-ba17-5d709c05c7a1,2026-07-29T13:49:02.949470,CLI00105,www.jumia/blog.com,7,tablette,,False,0.0
445cae8d-9ee3-4ef1-80aa-98f36e1e79a4,2026-08-25T12:02:02.949470,ANON36921843,www.jumia/checkout.com,12,tablette,CMP0009,False,0.0
e834aedc-4e86-4cf5-8d39-5927cbf42dbe,2026-07-28T16:57:02.949470,ANON9959bf0c,www.jumia/produits.com,12,tablette,,False,0.0
ddd5f4b6-c08b-491d-a168-b31fda0abd84,2026-07-20T09:22:02.949470,CLI00110,www.jumia/a-propos.com,14,desktop,,False,0.0
f0ef9e88-4dfa-4c42-baba-45d1b9ce3cf1,2026-08-25T05:23:02.949470,ANONb22d214a,www.jumia/accueil.com,13,mobile,CMP0012,False,0.0
9662bafa-6acf-442e-9ee5-0ba76bde3069,2026-07-30T14:32:02.949470,ANON88d3f709,www.jumia/contact.com,92,tablette,,False,0.0
7ca1faec-cc8b-4791-8116-97165231c2c4,2026-08-01T20:36:02.949470,CLI00020,www.jumia/blog.com,18,desktop,CMP0006,False,0.0
3e4a06c2-6a33-4e6a-81db-ced203db857c,2026-08-14T15:05:02.949470,CLI00397,www.jumia/produit/detail.com,38,tablette,CMP0010,False,0.0
849ffa35-87a5-4030-b8a4-ba0a6a0159d5,2026-08-06T08:32:02.949470,ANONa119053d,www.jumia/a-propos.com,204,desktop,CMP0011,False,0.0
53aa4500-7ce7-4be0-9e27-73c121655549,2026-07-17T20:22:02.949470,ANONd9925b34,www.jumia/promo.com,57,mobile,CMP0009,False,0.0
17ad0e5c-f45e-46cc-8a9f-74b9386bfe77,2026-08-17T19:55:02.949470,ANON365f986d,www.jumia/produits.com,99,desktop,CMP0001,False,0.0
f012d836-d4b8-4343-800b-48b22b3e455d,2026-08-24T06:54:02.949470,CLI00103,www.jumia/a-propos.com,17,mobile,,False,0.0
f019e40e-0351-41a7-bf03-13a9fa8ca506,2026-08-22T16:36:02.949470,CLI00372,www.jumia/a-propos.com,19,tablette,,False,0.0
8532cdea-3137-4893-b1a1-b428ce39f6dc,2026-07-28T06:24:02.949470,ANON23a4ff28,www.jumia/contact.com,3,desktop,CMP0010,False,0.0
e40f041a-7d56-4b02-9350-a145bfaf5cfc,2026-08-10T18:48:02.949470,CLI00038,www.jumia/a-propos.com,16,desktop,CMP0009,False,0.0
38525d07-9866-4b6a-9eb4-f9edc569060a,2026-07-26T22:23:02.949470,ANON0342be4f,www.jumia/promo.com,29,desktop,CMP0005,False,0.0
c292c254-3f2d-430d-af36-f57d594feb82,2026-08-19T08:56:02.949470,CLI00174,www.jumia/contact.com,17,tablette,CMP0013,False,0.0
aafa11b5-bd1f-41c3-86f3-db4d4db31a1e,2026-08-04T13:27:02.949470,CLI00196,www.jumia/panier.com,8,tablette,CMP0002,False,0.0
fb5d3b5d-ddcc-4b72-9fcf-dca91b14016b,2026-08-19T02:23:02.949470,CLI00005,www.jumia/checkout.com,11,tablette,CMP0006,True,41.51
ac7214e4-061f-4aa9-9b89-344656ffa4ac,2026-08-22T04:36:02.949470,CLI00182,www.jumia/panier.com,55,tablette,CMP0003,False,0.0
f90e87ac-e15e-4ea3-92e9-71b6f9eeb224,2026-07-23T00:19:02.949470,ANONca007718,www.jumia/contact.com,20,tablette,,False,0.0
ec507551-8f09-4959-b7b5-fc8f2c4497c5,2026-07-18T02:19:02.949470,CLI00104,www.jumia/panier.com,40,tablette,CMP0005,False,0.0
2c3d600f-33be-44f3-a673-a6f23757d8ec,2026-07-27T23:21:02.949470,CLI00490,www.jumia/contact.com,63,tablette,CMP0015,False,0.0
0015dc6a-e7b1-40ed-827c-7985865ad806,2026-07-06T11:34:02.949470,CLI00162,www.jumia/contact.com,105,tablette,,False,0.0
b15f8634-71d2-4567-ab23-ce3d39b4788b,2026-08-30T03:03:02.949470,ANONa3edc757,www.jumia/checkout.com,3,tablette,CMP0013,False,0.0
0a388265-15c1-4eed-9095-302604d2c17d,2026-07-13T20:05:02.949470,CLI00277,www.jumia/accueil.com,144,tablette,,False,0.0
a1e682f1-3fb3-4f8b-bb50-95caa247a507,2026-07-28T07:27:02.949470,CLI00500,www.jumia/produits.com,88,tablette,,False,0.0
c4363533-1ba6-40b0-b0a8-cd89778b9e7b,2026-08-08T08:52:02.949470,CLI00108,www.jumia/blog.com,7,tablette,,False,0.0
cffdce83-8304-4477-8fae-1a090588bf41,2026-07-12T04:55:02.949470,CLI00281,www.jumia/checkout.com,186,tablette,,True,149.33
5106c5f1-b5ba-4a4e-aede-e8a82bdd68fc,2026-07-27T05:43:02.949470,CLI00386,www.jumia/confirmation-commande.com,228,desktop,CMP0004,True,119.05
c7be16cd-59bf-4351-b8c0-7f95e0571fd6,2026-07-23T08:43:02.949470,ANONe2d675ef,www.jumia/produits.com,5,tablette,CMP0010,False,0.0
fbcb240b-ed3c-49c1-ac88-dd04ec5d6fd0,2026-07-23T02:07:02.949470,CLI00410,www.jumia/produit/detail.com,29,desktop,CMP0007,False,0.0
79a2c6a3-448f-46df-b2e3-317507fb11e7,2026-08-25T18:43:02.949470,ANON37c77015,www.jumia/a-propos.com,147,tablette,CMP0003,False,0.0
a653fff5-3988-4071-a465-1c9cfb28c377,2026-08-21T05:22:02.949470,ANON077a6370,www.jumia/promo.com,124,mobile,CMP0005,False,0.0
f6319c6d-f1d3-4b81-8824-84ba99fe7a59,2026-07-30T22:16:02.949470,ANONb0ec2b7d,www.jumia/contact.com,18,tablette,CMP0004,False,0.0
f8d111d7-203c-4f2b-969e-037361c29053,2026-07-12T09:19:02.949470,CLI00286,www.jumia/checkout.com,21,desktop,CMP0006,False,0.0
f625478f-9977-4b40-9f63-15388004e642,2026-07-13T06:27:02.949470,ANON9bfa5ac6,www.jumia/promo.com,41,tablette,,False,0.0
961d8e05-fecc-48fb-8f60-bba6c7944ac1,2026-08-16T15:06:02.949470,CLI00167,www.jumia/a-propos.com,59,desktop,CMP0013,False,0.0
c2d59f46-3b8e-4839-9550-ee93c6f8a643,2026-08-24T18:00:02.949470,CLI00147,www.jumia/contact.com,86,tablette,,False,0.0
9f00a3d4-6c5e-4feb-ba3c-3ee3b214e10c,2026-07-15T00:12:02.949470,CLI00324,www.jumia/promo.com,41,tablette,,False,0.0
29b333ba-de15-4dfc-9354-addef5607230,2026-07-30T20:37:02.949470,CLI00335,www.jumia/checkout.com,55,tablette,CMP0004,False,0.0
d770da51-1c28-4bea-a77e-b2c23d0cd70f,2026-08-16T06:49:02.949470,ANON65b23670,www.jumia/confirmation-commande.com,123,tablette,,True,228.15
5c5c42f0-59c3-421b-8cec-ad7da0f1c8c6,2026-08-03T07:42:02.949470,CLI00121,www.jumia/checkout.com,3,tablette,CMP0001,False,0.0
6ad883c8-a4ce-4031-abbc-56aa42509791,2026-08-21T20:45:02.949470,CLI00480,www.jumia/contact.com,26,tablette,CMP0002,False,0.0
f10a8a48-c6df-4d39-897c-956b1af4ceb5,2026-07-08T19:21:02.949470,ANON3e3f3755,www.jumia/produits.com,112,desktop,CMP0013,False,0.0
2bb305b1-fed8-4d4d-926c-69e0aa41ca5b,2026-08-13T22:37:02.949470,ANONda0567e7,www.jumia/checkout.com,203,desktop,,True,225.21
97a006dd-297d-4f86-84dd-cadb20d7f500,2026-08-14T22:40:02.949470,CLI00340,www.jumia/confirmation-commande.com,64,desktop,CMP0003,True,260.21
a79031d7-60a5-4d60-9f83-41027220f7bb,2026-08-30T10:01:02.949470,CLI00140,www.jumia/a-propos.com,68,desktop,,False,0.0
2be4750b-b154-4898-82c2-16b500b8a3f5,2026-07-14T17:06:02.949470,CLI00384,www.jumia/promo.com,10,desktop,CMP0010,False,0.0
9ddb2472-547b-44cf-b803-c179a6c43444,2026-08-08T15:12:02.949470,CLI00277,www.jumia/panier.com,53,mobile,CMP0015,False,0.0
ab242c36-ce90-4d1b-9cd2-5f4bbaca0dc7,2026-08-03T03:55:02.949470,CLI00001,www.jumia/a-propos.com,68,mobile,CMP0003,False,0.0
8bd8e90d-f977-4b2a-9985-9a4e14e63cbe,2026-07-28T04:02:02.949470,ANON1b45ae40,www.jumia/contact.com,24,desktop,CMP0012,False,0.0
d6a46c6d-1d6c-45d1-8942-70e3ee28f214,2026-07-06T08:23:02.949470,ANON3cfdcfc2,www.jumia/a-propos.com,28,desktop,CMP0004,False,0.0
b9295778-2bfe-4bb0-bb3d-2c7028b08e84,2026-07-18T08:28:02.949470,CLI00367,www.jumia/blog.com,42,desktop,CMP0007,False,0.0
9af6b428-72ab-44a0-b8a1-c9abd97a4937,2026-07-20T02:37:02.949470,CLI00410,www.jumia/promo.com,1,tablette,CMP0004,False,0.0
71771e09-df5e-48f9-9f74-5acec631f031,2026-08-18T02:50:02.949470,CLI00138,www.jumia/blog.com,34,mobile,,False,0.0
50f0f557-aca0-4c32-ad3c-4d50e79c4b87,2026-08-28T20:43:02.949470,ANON6d294894,www.jumia/promo.com,21,desktop,CMP0002,False,0.0
608d1428-abc3-4639-bccd-b9406b5c0389,2026-07-23T17:11:02.949470,CLI00026,www.jumia/a-propos.com,35,mobile,CMP0006,False,0.0
3fe90028-e6de-40fd-bc33-2e83e7da3b7a,2026-07-16T21:50:02.949470,CLI00005,www.jumia/panier.com,11,mobile,CMP0012,False,0.0
aeb0bcaf-59a1-496e-a4e3-3a98e56dc679,2026-07-14T19:03:02.949470,CLI00410,www.jumia/contact.com,199,desktop,CMP0007,False,0.0
238fa9c5-716a-4694-b236-1c9a9e64aa4c,2026-08-04T17:22:02.949470,ANON59215d0a,www.jumia/produit/detail.com,81,mobile,CMP0002,False,0.0
1e15b5b7-9735-4d79-adf1-21653487633e,2026-07-23T06:36:02.949470,CLI00431,www.jumia/checkout.com,102,mobile,CMP0003,False,0.0
3349bc2e-89c3-4841-af98-87aaf7c04422,2026-07-13T16:47:02.949470,CLI00018,www.jumia/panier.com,140,desktop,CMP0008,False,0.0
0cb2a53c-70b3-45af-8d0c-df1e7257c847,2026-08-21T22:05:02.949470,CLI00200,www.jumia/checkout.com,62,mobile,,False,0.0
e8d1c114-cc19-4824-8df4-96ea086fd6a1,2026-08-15T17:34:02.949470,CLI00063,www.jumia/checkout.com,8,desktop,,False,0.0
da4e035b-107b-4d63-989a-95a161a814df,2026-07-18T06:28:02.949470,CLI00058,www.jumia/panier.com,69,tablette,CMP0011,False,0.0
30d1e65e-9207-4efd-a51c-622687b94e29,2026-08-02T04:32:02.949470,ANON25c903c0,www.jumia/blog.com,79,mobile,CMP0005,False,0.0
cf8bb6fd-0a53-4b80-9a90-ea3b74870ae7,2026-07-05T20:09:02.949470,CLI00306,www.jumia/produit/detail.com,123,desktop,,False,0.0
8551194c-7953-4867-93f9-7405c5b68649,2026-08-23T20:47:02.949470,ANONea7a4dad,www.jumia/confirmation-commande.com,50,tablette,CMP0002,True,280.29
7aa45feb-fb77-47cd-8adc-1fb825737c4b,2026-07-08T19:54:02.949470,ANON24656566,www.jumia/produits.com,12,mobile,,False,0.0
5ae8a78c-736a-42ba-b4e6-771ba212827f,2026-08-06T01:52:02.949470,ANON4debe240,www.jumia/confirmation-commande.com,30,desktop,,True,244.57
e532e643-58c1-473f-98a8-7a69be85c6b3,2026-08-21T00:33:02.949470,CLI00069,www.jumia/checkout.com,40,desktop,,False,0.0
a31c800f-500c-4920-815c-0013693eeebd,2026-08-20T09:07:02.949470,CLI00291,www.jumia/produit/detail.com,93,tablette,CMP0012,False,0.0
b23151b6-5d8f-41b9-845a-669044a16818,2026-07-28T05:18:02.949470,ANON24a23a9f,www.jumia/a-propos.com,76,mobile,CMP0014,False,0.0
9611a8cc-9075-464e-9f4f-6c91258c9d9b,2026-07-10T10:41:02.949470,CLI00188,www.jumia/contact.com,39,mobile,CMP0014,False,0.0
d62b5184-2877-44f5-9d20-1a5cc64cc9cc,2026-08-24T15:04:02.949470,ANON9d4e7100,www.jumia/promo.com,387,desktop,CMP0003,False,0.0
9ea19843-d38c-4a2a-bd6e-a4e37e8a1d75,2026-08-24T13:47:02.949470,ANONe833cf2e,www.jumia/a-propos.com,83,desktop,CMP0002,False,0.0
b55b0e8f-cb9a-4466-b39c-0fc5b6caab6c,2026-07-18T11:15:02.949470,CLI00145,www.jumia/confirmation-commande.com,24,desktop,CMP0009,True,131.79
bbb6fd3c-3bf5-4d93-ae53-d6631f2729aa,2026-07-12T22:05:02.949470,CLI00481,www.jumia/produit/detail.com,9,mobile,,False,0.0
a4034d27-b069-4712-b2dd-eb7bb3ef5b69,2026-08-29T19:44:02.949470,CLI00293,www.jumia/blog.com,14,tablette,CMP0004,False,0.0
1971e73f-3a88-49c8-8f85-a88d200fb64e,2026-08-06T11:11:02.949470,CLI00188,www.jumia/panier.com,25,tablette,,False,0.0
afdb5a76-c120-48a1-8c4a-3a655e7ae726,2026-08-19T20:32:02.949470,CLI00252,www.jumia/produits.com,15,desktop,,False,0.0
9c2a98a6-12d0-4276-8746-d5d85f84f53f,2026-08-26T14:35:02.949470,ANON557826bf,www.jumia/blog.com,18,desktop,CMP0012,False,0.0
c08dca03-6d88-45de-bdef-7a07c5ce394d,2026-08-25T16:35:02.949470,CLI00021,www.jumia/produits.com,30,desktop,,False,0.0
4945bedf-57bf-47e3-beae-9f53b4f10af3,2026-07-10T01:05:02.949470,CLI00198,www.jumia/panier.com,17,mobile,CMP0012,False,0.0
2b913bfa-c435-4fa1-af75-c0343812932f,2026-08-08T15:47:02.949470,ANON32a48175,www.jumia/a-propos.com,204,desktop,CMP0003,False,0.0
c6b9a3ae-8feb-4692-a80d-4c890ebfe2f0,2026-08-21T22:21:02.949470,CLI00235,www.jumia/blog.com,7,mobile,,False,0.0
3bafdeeb-87be-4ec8-aaf0-30bbe7583067,2026-07-16T00:07:02.949470,ANON607b3d41,www.jumia/a-propos.com,66,tablette,CMP0006,False,0.0
4b81cb63-d7f1-43f1-9f36-62721b3a109c,2026-08-03T06:29:02.949470,ANON12318219,www.jumia/blog.com,47,tablette,CMP0006,False,0.0
791d421b-c6dc-4612-87ab-a8c02aba1df8,2026-08-02T17:52:02.949470,ANONdf694010,www.jumia/panier.com,363,desktop,,False,0.0
269c5235-365a-43a8-9c25-7db32176b9e7,2026-08-24T12:31:02.949470,CLI00232,www.jumia/contact.com,10,desktop,,False,0.0
16d4f160-2115-4868-af15-fc6714a2a669,2026-07-06T17:34:02.949470,ANON23a142dc,www.jumia/a-propos.com,45,mobile,,False,0.0
4fd3671f-3834-4211-b09b-20062ce77ba7,2026-08-31T03:32:02.949470,CLI00162,www.jumia/accueil.com,314,tablette,CMP0004,False,0.0
904eb6a6-c1e2-4b17-9fa4-998547fb5afb,2026-08-27T03:30:02.949470,ANONb172933a,www.jumia/promo.com,180,mobile,CMP0009,False,0.0
da454998-8355-4929-a920-fe8a3c983441,2026-07-11T20:01:02.949470,CLI00456,www.jumia/promo.com,152,mobile,CMP0003,False,0.0
56c4bb0c-7b2c-4503-95e3-07b447fe5f09,2026-07-20T03:23:02.949470,CLI00470,www.jumia/panier.com,26,tablette,CMP0010,False,0.0
6152ce1d-cb55-4226-b612-07437b998c33,2026-07-10T17:52:02.949470,CLI00423,www.jumia/promo.com,16,mobile,,False,0.0
4172b91f-ee9c-4609-a8d6-8ceda7fa24d4,2026-08-13T14:51:02.949470,ANONe03a36d3,www.jumia/produits.com,99,mobile,CMP0013,False,0.0
b8f48a1f-cc7a-4d8e-814f-31da3d03c2e9,2026-09-02T04:54:02.949470,CLI00477,www.jumia/produits.com,238,mobile,,False,0.0
e97c4614-4198-4e2e-8bc2-256aaef9d0a4,2026-08-22T15:26:02.949470,CLI00399,www.jumia/blog.com,73,mobile,,False,0.0
2b72ea5f-882c-4d20-b3ef-955063975a57,2026-07-25T10:34:02.949470,CLI00258,www.jumia/panier.com,76,mobile,CMP0010,False,0.0
df52a26f-6e34-4e86-9001-116745924836,2026-07-09T16:18:02.949470,ANONeadf77a8,www.jumia/promo.com,29,tablette,,False,0.0
e3bac03e-e343-43ce-9947-256ebb331725,2026-08-06T20:46:02.949470,CLI00068,www.jumia/confirmation-commande.com,132,tablette,CMP0013,True,38.53
fc3cb6d5-5f13-414e-9cd6-b89f7038d9a5,2026-08-21T20:07:02.949470,CLI00223,www.jumia/produit/detail.com,18,mobile,CMP0002,False,0.0
b372fa88-5f63-4399-92ee-bd4f9f1e206d,2026-08-05T11:44:02.949470,ANONeaa91122,www.jumia/a-propos.com,35,tablette,CMP0011,False,0.0
91d0ae54-a2cf-4890-a57d-e684ac28b168,2026-08-22T10:47:02.949470,ANONa831eaaf,www.jumia/confirmation-commande.com,49,tablette,CMP0005,True,210.15
ec5fd613-2520-474f-ae74-36a3bbe5859c,2026-07-10T22:14:02.949470,CLI00165,www.jumia/confirmation-commande.com,63,mobile,CMP0006,True,184.25
8114d774-a584-4d82-a21a-5b8188781e11,2026-08-24T03:42:02.949470,ANON785c8c05,www.jumia/contact.com,24,tablette,,False,0.0
22bfb59d-46d7-441a-89e4-9b9dc952ea49,2026-07-15T08:34:02.949470,CLI00351,www.jumia/confirmation-commande.com,10,tablette,,True,59.46
19bd4401-c610-4b12-a01d-557e29aba553,2026-08-28T20:39:02.949470,CLI00318,www.jumia/produit/detail.com,84,desktop,,False,0.0
0eb0fad2-af9a-4ce0-a03f-9bf73bad649d,2026-07-06T05:16:02.949470,CLI00242,www.jumia/accueil.com,30,desktop,,False,0.0
a7df3b77-a4f1-4e9b-b5f1-3510246071f8,2026-07-19T18:06:02.949470,CLI00133,www.jumia/a-propos.com,78,desktop,CMP0009,False,0.0
3768a021-7626-4707-9369-097c20187d38,2026-08-14T17:41:02.949470,ANON707caa44,www.jumia/blog.com,15,tablette,,False,0.0
96c626f0-f8aa-444e-a624-9bed4825544f,2026-09-01T16:05:02.949470,CLI00103,www.jumia/promo.com,59,desktop,CMP0003,False,0.0
25dd44c6-9d1c-49ef-b8e9-8905653d42a5,2026-07-09T09:13:02.949470,CLI00339,www.jumia/checkout.com,68,tablette,,False,0.0
9a775151-832f-4d28-97f7-65cb52ceb73e,2026-07-28T21:33:02.949470,ANON0b911755,www.jumia/panier.com,4,desktop,CMP0015,False,0.0
e95485b4-3a88-495f-a77b-56b9e0280812,2026-08-07T16:38:02.949470,CLI00306,www.jumia/a-propos.com,36,mobile,,False,0.0
52751219-587d-4411-b0bc-28c8e627d3c2,2026-07-17T01:04:02.949470,ANON6361bf3e,www.jumia/accueil.com,12,mobile,,False,0.0
33aac7d0-69a3-47e9-94a9-61fa1db98d05,2026-07-21T10:51:02.949470,ANONa1cbb6a4,www.jumia/accueil.com,5,desktop,CMP0007,False,0.0
44bbb7bc-4cc0-4082-9bdd-39ea5b8b3a31,2026-08-18T05:54:02.949470,CLI00257,www.jumia/checkout.com,414,tablette,,False,0.0
2ac361dd-e912-4b3d-9d25-0406b6e545d1,2026-07-22T07:28:02.949470,ANON80b20a7d,www.jumia/a-propos.com,35,desktop,,False,0.0
aad9d2a8-a469-4bd2-9ce9-7eec91324207,2026-07-19T22:53:02.949470,ANONcbc1658d,www.jumia/produits.com,149,tablette,,False,0.0
26c4eed5-13de-467d-8329-2cede48136c6,2026-07-30T11:15:02.949470,ANON995f618f,www.jumia/panier.com,26,desktop,,False,0.0
a0cddd5b-631d-4f0f-bb2d-7fa948680c28,2026-07-21T12:41:02.949470,ANONc929d024,www.jumia/confirmation-commande.com,102,mobile,CMP0005,True,143.01
2e762dc6-c389-4568-abc6-6bb2ca3446a8,2026-07-19T14:40:02.949470,ANONcf954373,www.jumia/produit/detail.com,128,desktop,CMP0011,False,0.0
874abcde-6a37-4d50-b715-017e6de4939c,2026-08-19T17:29:02.949470,CLI00466,www.jumia/produit/detail.com,81,tablette,CMP0003,False,0.0
b775283b-0106-4ae0-866c-3d0958dbc0ff,2026-09-03T13:30:02.949470,ANON5e54253d,www.jumia/produits.com,57,mobile,CMP0002,False,0.0
6e45c47c-ef0c-48da-8955-9416789a8beb,2026-07-25T23:18:02.949470,ANONe01fbf71,www.jumia/blog.com,47,desktop,CMP0006,False,0.0
2cb58311-02fd-4130-89e6-3006772b5653,2026-07-25T09:19:02.949470,ANON71bb2dc5,www.jumia/checkout.com,38,mobile,,True,68.56
d3cfdd1b-9c85-4037-be9e-205a832734d3,2026-07-16T19:20:02.949470,ANONd32e51f2,www.jumia/promo.com,238,tablette,,False,0.0
bd821ed8-ec0f-4782-9a83-ee3dce443eba,2026-08-14T02:10:02.949470,CLI00041,www.jumia/contact.com,159,mobile,CMP0011,False,0.0
f241fa07-962f-465f-8f01-ce06cd02c489,2026-08-07T14:02:02.949470,CLI00437,www.jumia/blog.com,301,desktop,,False,0.0
20b7fdd0-e5ce-4a26-9d85-ae5a86e8bb5e,2026-08-04T22:42:02.949470,CLI00497,www.jumia/accueil.com,11,desktop,CMP0001,False,0.0
ed898b76-058f-443d-99fb-c23743e0b406,2026-09-04T07:46:02.949470,ANON28962750,www.jumia/panier.com,118,mobile,,False,0.0
2a77d51b-11cd-4b32-92c7-ccd9309051cc,2026-07-17T09:27:02.949470,ANON56e98683,www.jumia/contact.com,250,mobile,,False,0.0
43bd24ba-941e-4c58-b03f-ab92dc2149ad,2026-08-02T07:21:02.949470,ANON16ee1853,www.jumia/confirmation-commande.com,17,tablette,CMP0012,True,127.33
c8334d1c-a338-4044-984e-74ab0680fdd5,2026-08-11T14:06:02.949470,ANON16595388,www.jumia/accueil.com,6,tablette,CMP0015,False,0.0
6588089c-372c-4673-8176-91b6c77fbe13,2026-07-12T09:01:02.949470,CLI00126,www.jumia/a-propos.com,121,tablette,,False,0.0
49e88aa5-8517-4ae4-925d-68d2ef4d1309,2026-07-31T17:34:02.949470,ANON5a0349b2,www.jumia/accueil.com,76,mobile,CMP0009,False,0.0
8c2863eb-0908-445e-b7d9-f113244ed851,2026-07-24T08:57:02.949470,ANONf287c598,www.jumia/checkout.com,165,desktop,,False,0.0
f44b93d1-0824-4d66-b06d-4610f15eeec6,2026-07-24T14:30:02.949470,ANON22086d20,www.jumia/contact.com,13,tablette,CMP0009,False,0.0
7b4b0e29-83b5-4814-85bf-a16db63a9061,2026-08-02T21:18:02.949470,ANON70d92940,www.jumia/a-propos.com,142,mobile,CMP0003,False,0.0
fd85379e-0adb-41ef-bb47-c2ec15acdaed,2026-07-31T07:52:02.949470,CLI00460,www.jumia/panier.com,20,desktop,CMP0003,False,0.0
824f4625-fd36-4c34-b6f2-acebc79905d2,2026-07-11T02:52:02.949470,ANON9870f99e,www.jumia/produit/detail.com,16,tablette,,False,0.0
84c1ceb6-3cf4-4560-a42f-248e8541a8a5,2026-08-20T21:37:02.949470,ANON804f4b50,www.jumia/produits.com,16,tablette,CMP0008,False,0.0
65d9ed1a-9ec4-4a79-9432-831896bad8c3,2026-08-20T07:18:02.949470,CLI00487,www.jumia/produit/detail.com,151,desktop,,False,0.0
28abb033-72b4-40f0-87ea-1d5605efd18c,2026-08-10T06:34:02.949470,ANONac719ef4,www.jumia/promo.com,98,tablette,,False,0.0
70ed44f4-4818-4508-86e2-74f57dd8c485,2026-08-29T22:42:02.949470,CLI00365,www.jumia/accueil.com,66,desktop,,False,0.0
8a84975c-d907-443d-acf1-bdd41bbb2833,2026-07-25T04:18:02.949470,CLI00321,www.jumia/produit/detail.com,40,mobile,,False,0.0
928eac14-0e30-4c81-86ee-cd196d40e676,2026-08-31T22:44:02.949470,CLI00235,www.jumia/contact.com,188,desktop,CMP0013,False,0.0
999e0908-8ccb-41a6-9ab5-7f53c01ad9ba,2026-08-08T19:10:02.949470,CLI00302,www.jumia/contact.com,44,desktop,,False,0.0
c7396d59-5426-4540-b668-d7ae81b4ec07,2026-08-01T08:37:02.949470,CLI00452,www.jumia/a-propos.com,152,desktop,,False,0.0
be8ac3d0-4b19-4833-b87d-e137b38cd07e,2026-08-14T15:07:02.949470,CLI00095,www.jumia/produit/detail.com,52,mobile,,False,0.0
14d4649f-75a0-4e32-a7f2-996f9201588e,2026-08-16T05:34:02.949470,ANON07e3efb6,www.jumia/promo.com,42,desktop,CMP0001,False,0.0
90cb04cb-9152-4ac5-a3e3-1ded7f609141,2026-07-26T20:35:02.949470,CLI00146,www.jumia/promo.com,55,tablette,CMP0003,False,0.0
6fd4a843-dfba-4304-8633-d8eeebea22ec,2026-08-19T17:10:02.949470,CLI00234,www.jumia/promo.com,32,desktop,CMP0009,False,0.0
135e272e-8119-4eec-bdfa-8474cc326335,2026-09-02T19:37:02.949470,CLI00460,www.jumia/blog.com,123,mobile,,False,0.0
bc3e050e-10e7-4a59-aa5d-5e24989a89c1,2026-08-23T08:25:02.949470,CLI00063,www.jumia/checkout.com,62,desktop,CMP0005,False,0.0
2ae437ef-5448-453b-b3a0-5c37dcc12bc7,2026-08-08T01:16:02.949470,CLI00374,www.jumia/a-propos.com,23,mobile,CMP0001,False,0.0
e665e498-ebb8-4ea8-a737-3abea430c884,2026-08-05T18:16:02.949470,ANON6b822371,www.jumia/checkout.com,206,desktop,,False,0.0
8b2898d8-957b-4aea-b870-c01ebe32d3e6,2026-07-22T11:08:02.949470,CLI00067,www.jumia/promo.com,43,tablette,,False,0.0
4a57d09e-5e00-44c2-8071-85d442822afd,2026-08-06T11:18:02.949470,CLI00093,www.jumia/promo.com,70,mobile,,False,0.0
d896bb7d-0a00-40a4-8055-d0d80e754cf9,2026-08-20T03:44:02.949470,CLI00408,www.jumia/produits.com,213,tablette,CMP0001,False,0.0
2ff93bc2-2348-4870-9aab-53e071fddaa7,2026-08-29T01:23:02.949470,CLI00024,www.jumia/confirmation-commande.com,88,tablette,,True,114.65
71297b3e-62af-4068-98e1-b5e47e42498b,2026-07-18T19:12:02.949470,CLI00035,www.jumia/checkout.com,11,tablette,CMP0005,False,0.0
63d0a1b9-88cb-452f-b950-1fd9473930b4,2026-07-25T18:39:02.949470,CLI00371,www.jumia/promo.com,252,tablette,,False,0.0
d9f5bb02-6d20-4dc9-adaa-1a0aedeb2840,2026-07-06T23:44:02.949470,ANONa899ac04,www.jumia/contact.com,88,desktop,CMP0006,False,0.0
30f2af48-9bd9-4f6c-83a3-8d80f461deef,2026-08-25T20:13:02.949470,ANON2c40be5f,www.jumia/a-propos.com,36,desktop,CMP0003,False,0.0
2e9acdbe-79e0-45b3-9c1c-fb55ba41d3ed,2026-08-04T08:31:02.949470,ANON82abcf85,www.jumia/checkout.com,13,tablette,,False,0.0
c40aa09f-fb5f-43fc-912c-4181156b9ead,2026-07-26T12:06:02.949470,ANON280c3eb9,www.jumia/confirmation-commande.com,142,mobile,CMP0010,True,33.87
53699905-394b-4fd7-8ed2-723e407f956b,2026-07-22T18:53:02.949470,ANONcc1b587a,www.jumia/produit/detail.com,87,tablette,,False,0.0
4ba0a4f6-83a6-4609-a4b7-47ceabc50c48,2026-08-13T06:43:02.949470,ANON51a85824,www.jumia/checkout.com,68,desktop,CMP0014,False,0.0
7132d28e-a4ae-4262-94d6-4332be52b393,2026-08-19T19:49:02.949470,ANONb62bed26,www.jumia/confirmation-commande.com,201,desktop,CMP0008,True,143.79
01e1bf07-4b45-4ac2-abb0-97bfa5f08cbe,2026-07-19T10:51:02.949470,ANONd343e769,www.jumia/panier.com,139,mobile,CMP0006,False,0.0
938b2b89-b6d6-4b8c-aa87-8d8023a71446,2026-08-03T10:33:02.949470,ANON6e6f37f6,www.jumia/produit/detail.com,14,mobile,,False,0.0
731da7ba-1af6-464b-8b55-37faf05eaf5a,2026-07-27T10:18:02.949470,CLI00168,www.jumia/produit/detail.com,33,mobile,,False,0.0
d5843b9f-9e9f-4543-bc0f-153b6b236408,2026-08-27T11:15:02.949470,CLI00019,www.jumia/contact.com,25,desktop,,False,0.0
66d16ded-2969-4d52-85b3-61dad667c373,2026-08-20T10:39:02.949470,CLI00435,www.jumia/promo.com,122,mobile,CMP0015,False,0.0
6f650588-554f-4616-8b06-e3232c85e7d9,2026-07-27T09:28:02.949470,ANON9f865d72,www.jumia/checkout.com,3,tablette,CMP0009,True,231.17
0be269b7-a2a6-457a-9b0e-4c0bf5bc1bef,2026-09-01T00:52:02.949470,CLI00164,www.jumia/contact.com,75,tablette,CMP0005,False,0.0
01c9c79b-95ab-4e33-92d4-95632888eb84,2026-07-13T02:41:02.949470,CLI00319,www.jumia/a-propos.com,129,tablette,CMP0002,False,0.0
12bda5c3-ce23-4851-a3c2-d71963fd0bbb,2026-07-12T01:06:02.949470,CLI00483,www.jumia/checkout.com,188,mobile,CMP0006,False,0.0
0a0335e6-3507-4eca-98fb-dd2bae03d65f,2026-07-10T04:11:02.949470,CLI00026,www.jumia/produit/detail.com,37,mobile,,False,0.0
87b9e67c-f976-4510-82e6-169412b00260,2026-08-05T15:35:02.949470,CLI00201,www.jumia/produit/detail.com,154,tablette,CMP0001,False,0.0
a931476d-2bd3-43e0-8eb8-7b80befc2b24,2026-08-13T13:12:02.949470,ANON0deef237,www.jumia/promo.com,10,desktop,,False,0.0
9d3cc46a-c01f-467e-afb0-60cef7d6ba8a,2026-07-25T05:24:02.949470,ANON6bd3d9ac,www.jumia/a-propos.com,168,mobile,CMP0013,False,0.0
038cc65c-cee4-4110-9380-7cde2cba1441,2026-09-03T09:08:02.949470,ANON0e487969,www.jumia/contact.com,12,mobile,CMP0014,False,0.0
e060d948-dacf-4b2e-b62f-f72cb5904b04,2026-08-04T04:15:02.949470,ANONbf90ff23,www.jumia/contact.com,45,mobile,,False,0.0
9b5d6110-f356-4f69-9ade-3a5e6a225701,2026-09-04T01:41:02.949470,ANON3c50bfe4,www.jumia/confirmation-commande.com,143,tablette,,True,126.74
a4753a3f-cf0d-402c-9725-e82fe0dce46f,2026-09-02T15:53:02.949470,ANON5832724b,www.jumia/contact.com,14,desktop,,False,0.0
4f2eb1c2-72ba-4b1f-a634-1cb9409ea3f8,2026-07-06T21:02:02.949470,CLI00088,www.jumia/checkout.com,23,tablette,CMP0008,False,0.0
212816de-e471-4763-abcf-37126533edf0,2026-08-10T23:04:02.949470,ANON35a6ed6a,www.jumia/produits.com,115,desktop,CMP0014,False,0.0
cfae3961-1aeb-4bd9-ae5d-8adeebe9b8cb,2026-08-10T14:36:02.949470,CLI00206,www.jumia/promo.com,114,desktop,,False,0.0
246c2376-682f-4f61-8ae0-0b55df056250,2026-07-21T13:47:02.949470,CLI00175,www.jumia/panier.com,92,tablette,CMP0008,False,0.0
56fcddcc-0ccc-4ed1-bc2e-7aeb36a69482,2026-08-12T08:22:02.949470,ANON5853a580,www.jumia/confirmation-commande.com,106,mobile,,True,170.19
235618d5-ed48-40ed-ad90-4f1d72aa80ee,2026-07-17T16:14:02.949470,ANON761f7a8f,www.jumia/contact.com,70,mobile,CMP0015,False,0.0
64f64787-c091-40d0-9858-7795ce2c1081,2026-08-12T14:01:02.949470,ANON14c68ba6,www.jumia/produit/detail.com,26,desktop,CMP0002,False,0.0
16548bc8-167f-4488-bfbc-25d1dae0daee,2026-07-30T21:10:02.949470,ANONe9ac4ce9,www.jumia/blog.com,38,desktop,CMP0014,False,0.0
081f861e-f67b-4b74-8f5f-9b3ca2c58891,2026-08-06T15:14:02.949470,ANON246b95a6,www.jumia/promo.com,18,tablette,CMP0004,False,0.0
dd2fb3a3-5d16-40ff-8354-14f670287048,2026-08-25T19:20:02.949470,CLI00150,www.jumia/blog.com,215,tablette,CMP0003,False,0.0
7a76aca2-0ba5-4b5a-b08a-d7475cfb30eb,2026-08-11T08:44:02.949470,CLI00292,www.jumia/checkout.com,78,desktop,CMP0015,False,0.0
8c9c5d27-bd93-4aea-ad4f-95679417ae30,2026-08-20T05:37:02.949470,ANON48b0356b,www.jumia/blog.com,46,mobile,CMP0010,False,0.0
11a25f5d-41fa-444e-bf9e-7e730d51c1e4,2026-08-29T03:35:02.949470,ANON1732ce35,www.jumia/accueil.com,55,tablette,CMP0009,False,0.0
1a580744-ca81-4fdd-82c3-c1b2972fdcab,2026-08-10T05:39:02.949470,ANONc8ecb5db,www.jumia/panier.com,264,desktop,,False,0.0
5387f94d-0592-41b3-9536-c3490d89632b,2026-08-19T12:57:02.949470,ANONc359a7dc,www.jumia/blog.com,14,desktop,,False,0.0
63bc0418-b80c-45e1-91a7-22f7d86c63f5,2026-08-02T11:45:02.949470,CLI00097,www.jumia/a-propos.com,79,desktop,,False,0.0
bc74153b-4b34-48c4-a5b8-902bd26ab918,2026-08-28T06:25:02.949470,ANON2de1c635,www.jumia/produit/detail.com,63,mobile,CMP0005,False,0.0
5ecfb74b-32e5-4582-8411-a15f74096ff3,2026-07-05T21:13:02.949470,ANON23277f0f,www.jumia/blog.com,85,mobile,CMP0012,False,0.0
3dac52f1-89a6-42e7-b43c-b8c3aafabcf8,2026-07-10T23:13:02.949470,ANON56522865,www.jumia/promo.com,1,desktop,,False,0.0
a3ce0fcd-0b9e-428e-ad43-ee957839ca7e,2026-08-14T00:01:02.949470,ANON2658ba15,www.jumia/blog.com,185,desktop,CMP0009,False,0.0
f4b61489-d718-44fd-946a-c88551c13740,2026-07-19T23:59:02.949470,ANON464382de,www.jumia/panier.com,242,tablette,,False,0.0
9def4227-e515-45b4-859e-7fac74c4c31a,2026-08-07T02:58:02.949470,ANON5b23b085,www.jumia/accueil.com,74,mobile,,False,0.0
a679b508-6575-40c8-a6f7-355a3aea629b,2026-08-11T10:17:02.949470,CLI00354,www.jumia/produits.com,107,mobile,CMP0010,False,0.0
71cf814b-7f78-4870-8372-ff4649d79e11,2026-08-21T18:05:02.949470,ANON4ca5b528,www.jumia/checkout.com,230,mobile,,False,0.0
79200b4b-7b0f-4865-8ce7-d31d8cff1f9d,2026-08-08T13:37:02.949470,ANON7edd1fdd,www.jumia/produits.com,110,tablette,CMP0011,False,0.0
95e5f09a-c1e0-4126-977e-de76d765c465,2026-08-15T12:23:02.949470,CLI00176,www.jumia/a-propos.com,14,mobile,CMP0010,False,0.0
6ca98c40-fa23-4345-a303-6cc0d403f354,2026-08-05T09:04:02.949470,ANON6adee6c3,www.jumia/confirmation-commande.com,77,desktop,,True,134.99
ed4a26c0-5c91-4a55-8a1d-a8dc6601195a,2026-07-23T23:34:02.949470,ANON354ef9a6,www.jumia/checkout.com,83,tablette,,False,0.0
7d4bca01-2b42-4184-8995-f412eeb9b307,2026-07-21T20:12:02.949470,ANON98364ebf,www.jumia/checkout.com,49,tablette,CMP0003,False,0.0
9ad25fa1-3f56-44f6-b80a-6b559edab582,2026-07-07T04:03:02.949470,CLI00402,www.jumia/checkout.com,120,desktop,CMP0009,True,190.5
fd53be7b-cc1a-43f9-9ca6-6d336575cbff,2026-08-29T02:32:02.949470,ANON60711276,www.jumia/promo.com,245,tablette,,False,0.0
ede71341-479a-4365-90d4-cc23066c9657,2026-07-15T16:00:02.949470,CLI00359,www.jumia/panier.com,233,desktop,CMP0003,False,0.0
5e485af3-c19b-4a55-bc2e-e14700305ad1,2026-07-17T11:27:02.949470,ANON148a6b04,www.jumia/promo.com,53,mobile,CMP0002,False,0.0
bb48e773-ed5d-40a8-a9b1-0f59fa812d8f,2026-08-28T10:20:02.949470,ANON17f2e01b,www.jumia/panier.com,10,tablette,,False,0.0
bc718666-3f71-43bd-b4d8-3b9f22fa21f1,2026-08-03T18:12:02.949470,ANON5ed42f5a,www.jumia/confirmation-commande.com,377,desktop,CMP0010,True,30.48
a2c55642-c361-4a8d-b21f-02f58f808048,2026-08-22T21:35:02.949470,CLI00244,www.jumia/a-propos.com,164,mobile,CMP0007,False,0.0
18e3392e-6d17-48de-8671-556f910a2b04,2026-07-30T16:17:02.949470,CLI00446,www.jumia/blog.com,11,mobile,CMP0005,False,0.0
1ce4908c-9459-4cf6-8831-14098e142c9f,2026-07-24T08:56:02.949470,ANON646f1821,www.jumia/accueil.com,228,mobile,,False,0.0
d14e6fde-baf0-4fd4-8e51-f0a9d2f70c59,2026-09-02T12:12:02.949470,CLI00471,www.jumia/checkout.com,183,desktop,CMP0014,False,0.0
32187e07-fe37-4b2c-abf8-6442c2bd4a40,2026-08-25T21:48:02.949470,CLI00396,www.jumia/panier.com,65,tablette,,False,0.0
994d0e60-1695-431e-b63e-228e4fe69452,2026-08-18T13:21:02.949470,ANON70fe209a,www.jumia/produit/detail.com,80,desktop,CMP0006,False,0.0
88ef4908-eab7-4ad8-9a30-9c7dfc821d8d,2026-08-09T19:15:02.949470,CLI00051,www.jumia/a-propos.com,45,mobile,CMP0002,False,0.0
43abc37b-446d-41d3-940b-9bc333c9f6da,2026-08-18T08:54:02.949470,CLI00018,www.jumia/accueil.com,5,tablette,CMP0005,False,0.0
cdad233d-11cd-4ff7-a943-3c2af5c79fba,2026-07-10T20:10:02.949470,ANONe23b5350,www.jumia/promo.com,36,tablette,,False,0.0
2db063a7-7afa-4362-8224-2f95113e3d5e,2026-07-13T16:39:02.949470,CLI00337,www.jumia/promo.com,146,mobile,CMP0010,False,0.0
160a32e6-5be6-4c7d-8cd7-b7788f74f902,2026-08-31T22:16:02.949470,CLI00480,www.jumia/produits.com,1,tablette,CMP0005,False,0.0
391f5f5c-ae34-49f6-b77f-1f58a61acbbb,2026-08-04T03:21:02.949470,ANON0a8946c0,www.jumia/confirmation-commande.com,36,mobile,CMP0015,True,88.34
ee0c43db-1119-405b-9334-33ce2671ab5a,2026-07-22T19:56:02.949470,CLI00417,www.jumia/checkout.com,45,mobile,CMP0001,True,34.78
b7e2f7bc-ba75-496f-b621-5c74fdd659c2,2026-08-14T06:43:02.949470,CLI00277,www.jumia/blog.com,69,mobile,,False,0.0
0d651978-e661-4a10-8e1b-b0111343395e,2026-08-14T14:38:02.949470,ANON10438cf5,www.jumia/produits.com,227,mobile,,False,0.0
45ca6405-eb05-41c5-9816-9151bbdffc62,2026-07-09T21:08:02.949470,ANONd8e3fdd3,www.jumia/accueil.com,38,desktop,,False,0.0
893b86af-02b4-41b8-9d04-965d8c495511,2026-07-15T15:12:02.949470,ANON18485d25,www.jumia/checkout.com,38,desktop,CMP0001,True,109.0
1e49df81-9247-4383-b60e-34093a7b0c94,2026-08-10T19:04:02.949470,ANON57212a86,www.jumia/contact.com,120,desktop,,False,0.0
a840ead6-748d-495f-a88c-d7119f9df1cf,2026-07-31T18:21:02.949470,CLI00116,www.jumia/accueil.com,54,desktop,,False,0.0
d9ab36a2-c2da-4d83-b5d0-ced4aca75653,2026-08-19T09:39:02.949470,ANON747caea6,www.jumia/confirmation-commande.com,22,desktop,CMP0015,True,209.32
756ab102-054c-486a-be52-8ef6d80494b8,2026-07-09T15:13:02.949470,ANON481d1041,www.jumia/confirmation-commande.com,54,desktop,CMP0009,True,37.93
cdb02fa3-e9a4-43c3-810d-a44f5e6f8627,2026-08-23T04:13:02.949470,CLI00197,www.jumia/panier.com,13,desktop,CMP0009,False,0.0
ad4abbc6-f863-4862-b94e-bf627f770ae2,2026-08-19T07:29:02.949470,CLI00044,www.jumia/contact.com,17,tablette,CMP0012,False,0.0
d085fc44-36eb-4989-8609-b3ac8eecff95,2026-07-17T22:34:02.949470,ANONd86f2ee1,www.jumia/panier.com,62,desktop,CMP0012,False,0.0
242b2175-d800-4f12-8f5d-2cfdec165ac4,2026-07-29T21:22:02.949470,CLI00495,www.jumia/contact.com,48,mobile,CMP0005,False,0.0
970af796-94b0-471d-a3b6-a5acc2e4e74b,2026-07-08T04:35:02.949470,CLI00061,www.jumia/panier.com,221,tablette,CMP0012,False,0.0
a8b657a6-e98b-499d-aa82-64d2653d5e61,2026-08-17T11:01:02.949470,ANON09474a1c,www.jumia/a-propos.com,40,mobile,,False,0.0
4a42a12a-cec8-4e46-8140-694196f128af,2026-08-22T12:46:02.949470,CLI00073,www.jumia/contact.com,78,tablette,,False,0.0
c80e2aa8-ffeb-485c-9430-d403cee66689,2026-07-07T10:30:02.949470,CLI00360,www.jumia/produit/detail.com,90,mobile,,False,0.0
e63a8b4b-b072-438a-850e-da84b9d86dc4,2026-07-17T14:35:02.949470,ANON9ac2b09a,www.jumia/produits.com,1,desktop,,False,0.0
2636e328-45b7-49aa-9c2b-00024ad50ea4,2026-08-14T00:25:02.949470,ANONd1e35182,www.jumia/produits.com,98,desktop,CMP0014,False,0.0
b59d1af9-2a6e-445e-8465-e14d17c028de,2026-08-13T13:46:02.949470,CLI00416,www.jumia/blog.com,17,desktop,CMP0004,False,0.0
9149f061-23f1-4d35-b7e5-5744ee6773bc,2026-07-13T16:08:02.949470,ANON6c6b9cee,www.jumia/panier.com,292,mobile,CMP0006,False,0.0
c90cd62b-868b-4b3d-848e-fe2592aba296,2026-08-11T23:53:02.949470,CLI00213,www.jumia/produit/detail.com,14,tablette,CMP0005,False,0.0
b5efdcfb-521d-4502-91ce-c7802d75e3ba,2026-07-29T11:42:02.949470,ANONe26827fd,www.jumia/produit/detail.com,48,mobile,CMP0015,False,0.0
1fe0362e-5b2a-4770-b5c3-5e8d15eafc92,2026-08-25T15:11:02.949470,CLI00250,www.jumia/produits.com,8,mobile,CMP0003,False,0.0
a3595167-d6fc-4651-944f-c9d092006293,2026-07-06T00:31:02.949470,ANON48dedf27,www.jumia/checkout.com,519,desktop,CMP0011,False,0.0
607d7d7f-1b86-4273-80ba-72cfb73bcbf3,2026-08-18T22:45:02.949470,CLI00211,www.jumia/panier.com,62,mobile,CMP0005,False,0.0
559246b2-f211-4a72-ab17-2f154b3011eb,2026-08-14T16:34:02.949470,CLI00487,www.jumia/produits.com,81,tablette,CMP0012,False,0.0
495140f5-3bd5-47e0-a249-2761b34ab091,2026-08-27T03:54:02.949470,CLI00061,www.jumia/a-propos.com,6,mobile,CMP0009,False,0.0
c0a4a54e-e163-4c63-8dac-5c948a476dcd,2026-08-14T06:27:02.949470,CLI00113,www.jumia/contact.com,124,tablette,,False,0.0
70cb7c40-b3b8-4a6a-af45-267ad78fd9dd,2026-08-17T00:49:02.949470,ANON38987152,www.jumia/contact.com,21,desktop,CMP0002,False,0.0
294fe0b0-9d00-4f0b-b073-18312423410f,2026-07-17T00:14:02.949470,CLI00187,www.jumia/checkout.com,205,tablette,,True,86.64
0fe29fda-0ee5-4743-9a45-45feeeee1c3b,2026-08-26T08:34:02.949470,ANON7be37922,www.jumia/produit/detail.com,20,mobile,CMP0001,False,0.0
5fa5d916-528c-4818-bc66-87c521f69f55,2026-08-24T19:03:02.949470,ANON0ab766e0,www.jumia/contact.com,19,tablette,CMP0002,False,0.0
92820a00-cb00-4ec6-bf42-622edcac2c8e,2026-08-12T04:58:02.949470,ANON31881943,www.jumia/panier.com,3,mobile,CMP0011,False,0.0
c298856f-edea-44c0-8227-43f8f25493b3,2026-07-26T01:38:02.949470,ANONb299ca57,www.jumia/blog.com,57,mobile,CMP0007,False,0.0
66f4da51-e8db-420e-bf92-5587335e6076,2026-07-10T10:09:02.949470,CLI00111,www.jumia/promo.com,74,desktop,CMP0015,False,0.0
d06f90f3-1a46-4f19-bae8-04e43ead9927,2026-07-17T06:55:02.949470,CLI00184,www.jumia/checkout.com,6,tablette,CMP0012,True,51.26
f55fbd40-6c9f-485b-bdbf-1a64fe0bbe4f,2026-08-10T19:49:02.949470,CLI00215,www.jumia/produit/detail.com,134,desktop,CMP0014,False,0.0
02a40fd0-88d1-4458-bcfc-da8fc6653e42,2026-07-20T04:10:02.949470,ANONec4c76f3,www.jumia/promo.com,54,mobile,CMP0013,False,0.0
a738db67-4a51-43fc-9ca8-fcbd5552e9bc,2026-08-11T12:26:02.949470,ANON54ac0fa2,www.jumia/contact.com,66,mobile,CMP0007,False,0.0
064ade37-b008-4edb-8008-294c4772f5d5,2026-08-12T10:25:02.949470,ANON8110bcfa,www.jumia/panier.com,52,mobile,CMP0001,False,0.0
60ff9130-5787-488f-b56b-c6b1ffb950f7,2026-07-26T08:09:02.949470,ANONbf953bc1,www.jumia/produit/detail.com,46,tablette,CMP0015,False,0.0
f6295416-82c7-43f1-be73-72d60e559a11,2026-08-31T18:58:02.949470,CLI00241,www.jumia/a-propos.com,73,mobile,,False,0.0
7b9b45ad-ff49-4581-b600-49770331770d,2026-08-02T10:57:02.949470,ANONa6333038,www.jumia/produits.com,15,desktop,CMP0013,False,0.0
b6c1d7f6-74ae-41c4-b98d-b931de14e7c0,2026-08-06T01:37:02.949470,ANONa6a34e29,www.jumia/blog.com,18,mobile,CMP0001,False,0.0
2fbbfff7-899a-499b-89d9-9351980aa6af,2026-07-14T05:50:02.949470,CLI00343,www.jumia/checkout.com,178,tablette,CMP0002,True,145.9
b87b8e99-3143-401e-b75a-00f9d8231a1d,2026-08-22T12:33:02.949470,CLI00071,www.jumia/blog.com,262,mobile,,False,0.0
3858e810-71a6-4c11-a648-61fd10335f44,2026-08-25T06:12:02.949470,CLI00322,www.jumia/produits.com,42,desktop,CMP0011,False,0.0
996f9cfd-e7fe-49e6-b741-56dd059c02f2,2026-09-01T16:53:02.949470,CLI00139,www.jumia/promo.com,28,tablette,CMP0005,False,0.0
6964d248-2951-4c26-9775-bdb60ef20259,2026-08-11T01:22:02.949470,ANON0100213a,www.jumia/confirmation-commande.com,92,mobile,,True,224.69
bc7532e6-ed91-492b-a183-fe12d6135600,2026-08-07T15:55:02.949470,CLI00188,www.jumia/contact.com,47,tablette,,False,0.0
15181638-03f7-41bb-bf0e-cdd33db550eb,2026-07-08T05:55:02.949470,ANON8ceeea56,www.jumia/a-propos.com,2,tablette,CMP0009,False,0.0
a63bb7b2-0be7-4526-acd3-d49b28207545,2026-08-24T00:40:02.949470,CLI00059,www.jumia/contact.com,15,tablette,,False,0.0
cf9bba28-ad31-4f2d-a05f-455388168b92,2026-09-04T13:27:02.949470,CLI00382,www.jumia/panier.com,113,desktop,,False,0.0
5c24601b-a8c2-4b98-b20c-01664aa88d1d,2026-07-28T03:04:02.949470,CLI00033,www.jumia/confirmation-commande.com,96,desktop,,True,113.39
ba010fd0-aafd-4a8d-a758-b4738c555360,2026-08-07T11:25:02.949470,CLI00423,www.jumia/a-propos.com,2,desktop,CMP0012,False,0.0
3e11f9f9-796f-4654-bafb-35d1253e819a,2026-08-03T13:55:02.949470,ANON850c8fa3,www.jumia/produits.com,22,mobile,,False,0.0
f4240e88-3799-46fc-9982-4e1c2826aed9,2026-09-01T08:37:02.949470,CLI00491,www.jumia/produits.com,23,mobile,CMP0015,False,0.0
bbcc70c5-b2f9-4933-a560-0ffaa35d7776,2026-07-16T02:39:02.949470,CLI00448,www.jumia/panier.com,100,tablette,,False,0.0
2fb3d1cf-3aa8-40a3-97e4-1a83ab07dadc,2026-09-04T14:33:02.949470,CLI00068,www.jumia/contact.com,1,desktop,CMP0011,False,0.0
0ddda78b-3f20-4586-9886-1ca69d23c416,2026-08-01T09:19:02.949470,CLI00033,www.jumia/accueil.com,9,mobile,,False,0.0
47d448e8-82ef-4ca1-af84-ede9e71ef259,2026-08-28T11:13:02.949470,CLI00331,www.jumia/confirmation-commande.com,144,tablette,CMP0010,True,153.55
c027f26b-3cdd-40d7-b3eb-a924f5b28992,2026-08-19T11:25:02.949470,CLI00068,www.jumia/checkout.com,17,desktop,CMP0008,True,89.1
608268a0-b234-4211-9ba7-e86b1bdd76f5,2026-07-29T04:21:02.949470,CLI00146,www.jumia/contact.com,95,mobile,,False,0.0
cdf6390e-0d7c-4bce-9878-f276eaed1355,2026-08-14T00:17:02.949470,ANON8c288df9,www.jumia/produit/detail.com,24,mobile,CMP0003,False,0.0
a35ffe2b-70b5-40e5-92f1-6f06e0059560,2026-07-20T21:34:02.949470,ANONc107ccd5,www.jumia/contact.com,9,desktop,,False,0.0
da3025e6-2280-4573-bb25-c56c5379aebd,2026-07-28T23:45:02.949470,ANON9008cd86,www.jumia/confirmation-commande.com,25,desktop,CMP0001,True,57.16
4dcbb9ef-0784-4e2b-ac50-2ea0f2b78f01,2026-08-09T00:06:02.949470,CLI00477,www.jumia/contact.com,115,mobile,CMP0015,False,0.0
0e139484-1f2b-49d5-bb78-7c7c05f6f139,2026-09-04T09:31:02.949470,ANONcc3876e4,www.jumia/a-propos.com,174,tablette,CMP0001,False,0.0
ae821ecc-49af-4fd9-8431-0e8c1f16f78d,2026-07-27T15:17:02.949470,CLI00484,www.jumia/promo.com,159,tablette,CMP0015,False,0.0
f1d6309b-5af0-4cca-9345-b50f4825c816,2026-07-15T13:18:02.949470,CLI00353,www.jumia/produits.com,45,tablette,,False,0.0
2cf5e77f-80e8-44e4-a61f-4550d691da2e,2026-08-04T19:40:02.949470,CLI00013,www.jumia/blog.com,99,tablette,,False,0.0
880d1987-09b6-458f-8ca9-aad3aded8d86,2026-08-28T02:00:02.949470,CLI00329,www.jumia/panier.com,20,tablette,CMP0006,False,0.0
5d61691d-fe69-4bef-81ed-68c4debe58ef,2026-08-08T02:22:02.949470,CLI00012,www.jumia/produits.com,31,tablette,,False,0.0
99094b09-fe15-4e5a-991d-67ac3333d026,2026-08-29T09:15:02.949470,CLI00263,www.jumia/blog.com,203,mobile,,False,0.0
43042167-16ad-4176-923c-3f48fde9d8f0,2026-08-06T05:10:02.949470,ANON64bdeae8,www.jumia/confirmation-commande.com,1,tablette,,True,128.3
8f3da14b-fffd-4468-a7a7-b527c86af4c8,2026-08-29T07:55:02.949470,CLI00180,www.jumia/checkout.com,8,tablette,CMP0001,False,0.0
0102e35d-1b52-4ad9-857c-301380631a1f,2026-07-11T01:18:02.949470,ANON25041e49,www.jumia/blog.com,20,desktop,,False,0.0
095becb8-4f23-4418-bf1d-7005d4fc3179,2026-07-24T00:23:02.949470,ANON390d2efd,www.jumia/blog.com,2,mobile,,False,0.0
5a38d233-19dd-45f2-9d23-86a7a81727f6,2026-08-28T13:10:02.949470,CLI00445,www.jumia/a-propos.com,18,desktop,CMP0004,False,0.0
6d98adc1-91e1-4833-a39e-4a1e94b5555f,2026-07-10T13:20:02.949470,CLI00469,www.jumia/checkout.com,78,tablette,CMP0001,False,0.0
b70e8bde-14b2-408d-876d-b5d0136dae60,2026-08-04T17:08:02.949470,CLI00096,www.jumia/blog.com,49,desktop,,False,0.0
57182862-6a2f-4434-b3b7-ac106d3cb8c2,2026-08-10T09:34:02.949470,CLI00300,www.jumia/checkout.com,200,tablette,,False,0.0
7c9caf05-72d7-497a-8ee6-cb65eec11dd3,2026-08-04T01:33:02.949470,CLI00154,www.jumia/contact.com,153,mobile,,False,0.0
4a57252e-fb45-4aeb-bbbc-468ccea78c1c,2026-08-16T16:29:02.949470,CLI00353,www.jumia/panier.com,37,mobile,CMP0003,False,0.0
9f5c83cc-c76c-40f9-b5dd-ca7298b5be27,2026-07-13T03:03:02.949470,CLI00382,www.jumia/confirmation-commande.com,27,tablette,,True,180.6
86aa623c-a0ef-46c4-a4f7-0e01c50f2348,2026-08-02T03:12:02.949470,ANON14e5ba82,www.jumia/produits.com,42,desktop,,False,0.0
31d2c5cb-ac73-43bf-afc1-07873620dc3b,2026-08-07T18:08:02.949470,CLI00030,www.jumia/produit/detail.com,80,desktop,CMP0005,False,0.0
a86335f0-3339-4cea-a726-7e1fa2761cad,2026-08-04T16:40:02.949470,CLI00215,www.jumia/confirmation-commande.com,28,desktop,CMP0001,True,28.88
87690bf2-432e-48b0-9777-afc92fe24c69,2026-08-08T15:31:02.949470,ANON144d1f4a,www.jumia/produit/detail.com,88,mobile,CMP0004,False,0.0
d07bc290-bcec-4745-8489-d53a36feda84,2026-08-13T00:06:02.949470,ANON02ebd576,www.jumia/checkout.com,47,desktop,CMP0006,True,213.92
d6e1368e-1225-4032-83b6-61e02ec7446c,2026-07-12T12:09:02.949470,CLI00266,www.jumia/checkout.com,72,desktop,CMP0003,False,0.0
246e4d04-91ba-48ac-8257-28a4379f9a2f,2026-08-01T05:30:02.949470,CLI00080,www.jumia/a-propos.com,51,mobile,,False,0.0
b555b314-123c-41ed-a22c-b2e914c222fd,2026-08-28T01:22:02.949470,ANONd28769a0,www.jumia/a-propos.com,31,tablette,,False,0.0
ec25a409-d258-4541-944a-26f30de5dd7e,2026-08-20T12:16:02.949470,CLI00236,www.jumia/produits.com,266,mobile,,False,0.0
f634e24e-e8aa-4521-af90-87da9c44021c,2026-08-26T23:31:02.949470,CLI00186,www.jumia/produit/detail.com,129,desktop,CMP0006,False,0.0
efe0045a-e793-4bc3-9c68-ceb4adc6ae21,2026-08-31T14:05:02.949470,CLI00364,www.jumia/checkout.com,13,mobile,,True,247.15
474efa79-0a67-4b2a-850d-1307b4f63753,2026-07-14T16:41:02.949470,CLI00108,www.jumia/produit/detail.com,182,mobile,,False,0.0
4c44a1b6-f3a3-435c-901a-4e758885353b,2026-08-02T17:20:02.949470,CLI00397,www.jumia/contact.com,60,desktop,,False,0.0
3e933a2c-17c0-432a-8191-07376a364a70,2026-07-08T00:38:02.949470,CLI00031,www.jumia/contact.com,202,mobile,CMP0011,False,0.0
e631ce7c-37fa-4d1e-ba22-b83864067741,2026-09-02T02:34:02.949470,CLI00050,www.jumia/produits.com,144,tablette,CMP0011,False,0.0
ad57ed6f-6fa8-4b8f-98e3-0d9b51070bbf,2026-07-19T13:29:02.949470,CLI00047,www.jumia/produit/detail.com,49,tablette,CMP0011,False,0.0
84b7a2fd-cbec-4f41-9366-91dc94895a7e,2026-09-04T03:09:02.949470,ANON8e7c31f2,www.jumia/promo.com,2,mobile,CMP0003,False,0.0
9cb62757-3635-4c77-a412-4fc6d15f87ba,2026-08-07T12:36:02.949470,ANON9047b993,www.jumia/a-propos.com,28,mobile,CMP0010,False,0.0
7d908651-1a91-4f73-8559-c331831595dd,2026-08-20T00:50:02.949470,CLI00499,www.jumia/produits.com,70,mobile,CMP0013,False,0.0
0a67ec76-bb9a-4f98-a74f-7ed1f741cf9d,2026-09-02T11:26:02.949470,CLI00302,www.jumia/produit/detail.com,90,desktop,,False,0.0
d1eb3676-d8c4-496c-ad43-93db06739c54,2026-08-17T21:43:02.949470,ANON3f9b587a,www.jumia/blog.com,26,mobile,,False,0.0
b8e82d65-d563-4f51-ad66-4ffc840f9ba4,2026-08-07T01:58:02.949470,CLI00057,www.jumia/a-propos.com,13,mobile,CMP0006,False,0.0
7e4ba2d7-1573-4438-9f93-84028b4c9281,2026-08-06T06:17:02.949470,CLI00168,www.jumia/contact.com,162,mobile,CMP0012,False,0.0
d7781043-21eb-4826-9263-e0facacc7d16,2026-07-30T04:01:02.949470,CLI00500,www.jumia/contact.com,374,mobile,,False,0.0
1b0c92ef-6a22-41bf-8a2a-3cf0f26d98a6,2026-08-10T07:50:02.949470,CLI00439,www.jumia/produits.com,67,desktop,,False,0.0
70dedeae-4b26-4c86-9588-7c5436532c58,2026-09-04T15:55:02.949470,CLI00054,www.jumia/blog.com,16,desktop,CMP0011,False,0.0
8596947c-8fb8-4313-bf25-c5ff86a6cf33,2026-08-08T16:15:02.949470,CLI00356,www.jumia/promo.com,28,mobile,CMP0003,False,0.0
e0bcbadc-5020-43d1-8ae8-4e73d943a2b2,2026-08-21T23:36:02.949470,CLI00305,www.jumia/blog.com,1,mobile,CMP0004,False,0.0
336c5d00-d0af-4130-ab9c-0443d17ba729,2026-07-20T08:18:02.949470,ANON8461dd5e,www.jumia/promo.com,221,tablette,CMP0013,False,0.0
577ae0fc-2d55-4952-a472-26bc0d38a72b,2026-07-23T14:57:02.949470,ANON22989bd6,www.jumia/blog.com,11,desktop,CMP0011,False,0.0
471522cc-342a-4549-8e02-9a00f6e3f296,2026-08-07T02:41:02.949470,CLI00129,www.jumia/contact.com,77,desktop,,False,0.0
2049e3e1-64cd-4ed2-9484-b42f9b6d7250,2026-07-20T14:40:02.949470,CLI00035,www.jumia/contact.com,28,tablette,CMP0012,False,0.0
3f4cff46-8463-400d-9e09-2e2be79cb98b,2026-07-06T23:56:02.949470,CLI00156,www.jumia/promo.com,72,tablette,,False,0.0
05801395-3965-4978-8695-54f20b759ffe,2026-07-11T21:14:02.949470,ANON9ae65221,www.jumia/contact.com,94,mobile,,False,0.0
91db8090-1e1c-4806-9d1f-d4beecba96f5,2026-07-24T16:03:02.949470,CLI00415,www.jumia/a-propos.com,159,tablette,CMP0005,False,0.0
3ef24f4a-e664-46d5-ae0e-1b55dd062f3e,2026-07-06T19:59:02.949470,CLI00231,www.jumia/confirmation-commande.com,20,desktop,,True,258.07
a2f37960-e027-4310-8eb3-1c94aa039cd0,2026-08-03T19:34:02.949470,ANONff26bbae,www.jumia/checkout.com,1,mobile,CMP0011,False,0.0
8f7ce198-496e-4e38-8cd2-170d013d8ac1,2026-08-06T07:40:02.949470,CLI00057,www.jumia/promo.com,13,tablette,CMP0007,False,0.0
0e7569dd-912e-4d2a-9787-c2bb9451efda,2026-08-06T16:07:02.949470,ANONd0d5b180,www.jumia/contact.com,207,tablette,,False,0.0
7ed630f0-a79a-4cc5-b881-6c6dc4b5d9dd,2026-08-29T00:04:02.949470,CLI00498,www.jumia/blog.com,186,tablette,CMP0005,False,0.0
1d9969ff-3fe1-4148-937c-a86a6423275c,2026-08-18T06:21:02.949470,CLI00015,www.jumia/promo.com,81,mobile,,False,0.0
918393a3-b4e5-4f69-a0de-6d1a51cf7ba5,2026-07-14T05:54:02.949470,ANON6561a727,www.jumia/confirmation-commande.com,82,desktop,,True,123.46
66a33dbb-ec96-4216-9c4d-445184827c36,2026-07-28T05:58:02.949470,CLI00121,www.jumia/checkout.com,98,tablette,CMP0011,False,0.0
89d1cf2e-5673-498d-b7d6-0c4347d5fe66,2026-07-10T03:39:02.949470,CLI00020,www.jumia/contact.com,17,tablette,CMP0001,False,0.0
61848639-c387-463c-bf69-43eb6fc04950,2026-08-30T08:08:02.949470,CLI00357,www.jumia/contact.com,221,tablette,CMP0007,False,0.0
ee1f1df1-e6d8-4f52-857d-a796fc3f5afb,2026-07-07T04:56:02.949470,ANON9bf7058b,www.jumia/contact.com,48,mobile,CMP0006,False,0.0
c46588e5-e6ae-4ba4-92ee-4c8b52d07331,2026-08-19T15:45:02.949470,ANON53d95b04,www.jumia/confirmation-commande.com,43,desktop,CMP0009,True,62.49
cb3bfba3-2098-4325-afed-4e9713d9a6db,2026-07-29T07:44:02.949470,ANON339a45f4,www.jumia/produits.com,65,tablette,CMP0014,False,0.0
3f6b2ef9-b76b-4775-ba3f-3da2269947d9,2026-07-19T03:48:02.949470,CLI00116,www.jumia/promo.com,4,tablette,CMP0010,False,0.0
2d143146-8d5b-427c-8cee-31336bdb69a0,2026-07-11T17:26:02.949470,CLI00035,www.jumia/promo.com,16,tablette,CMP0010,False,0.0
2f4a1ea2-73de-4c82-ae03-fd6301a211f6,2026-08-05T07:45:02.949470,ANONf3311c8f,www.jumia/checkout.com,120,desktop,CMP0002,False,0.0
ebcddfce-f574-4305-ae7f-a69a95453445,2026-08-02T16:06:02.949470,CLI00320,www.jumia/a-propos.com,7,desktop,CMP0007,False,0.0
63875fe6-ded3-494e-979b-f74c40bb91bd,2026-08-17T11:43:02.949470,ANON198465c3,www.jumia/a-propos.com,83,mobile,,False,0.0
f3c98726-fb66-40d5-8a13-68a847c70679,2026-08-11T09:45:02.949470,ANON9c236abf,www.jumia/contact.com,25,desktop,,False,0.0
23718984-0714-424b-ad2b-308ddba05c6e,2026-09-03T15:06:02.949470,ANONf3d9d9d7,www.jumia/blog.com,44,tablette,,False,0.0
80c09fc8-0194-4ee0-a3e1-24ed3292143a,2026-08-21T14:35:02.949470,CLI00124,www.jumia/produit/detail.com,30,tablette,CMP0006,False,0.0
726b9b9d-91ed-4515-bc99-13872b31b7cd,2026-08-18T04:26:02.949470,ANON81983bb0,www.jumia/produits.com,39,tablette,CMP0006,False,0.0
473e654a-4a5f-4698-9501-76e3e48758ae,2026-07-19T07:49:02.949470,ANON7ff6a061,www.jumia/checkout.com,114,mobile,,False,0.0
e1b9cf0e-82c4-4068-b4cb-44fb4a21d7ee,2026-07-31T01:39:02.949470,CLI00424,www.jumia/checkout.com,31,tablette,CMP0001,False,0.0
aa8d908b-19ce-4e67-913c-f05d4aca972d,2026-08-02T08:13:02.949470,CLI00140,www.jumia/produit/detail.com,75,mobile,,False,0.0
3b198ea7-28f9-47eb-a254-105d2fdde4f7,2026-07-22T03:14:02.949470,ANON93a3c174,www.jumia/contact.com,58,mobile,CMP0011,False,0.0
51fbae01-de37-4b83-ad3f-6bbdfea41927,2026-07-08T20:52:02.949470,ANONf265b071,www.jumia/blog.com,98,desktop,,False,0.0
3019ff71-ace9-4fc5-90a9-085f59b1cc26,2026-08-17T16:28:02.949470,ANON25730eac,www.jumia/produit/detail.com,248,mobile,CMP0014,False,0.0
f4980703-abb0-4c70-b6b0-bd9489941984,2026-07-13T13:19:02.949470,CLI00425,www.jumia/promo.com,118,tablette,CMP0002,False,0.0
e59e635c-db80-468a-b515-1d6b4fc0b9c4,2026-07-22T10:28:02.949470,CLI00414,www.jumia/confirmation-commande.com,21,tablette,CMP0010,True,108.85
2c12d687-2063-410d-9f02-75786c8d3c1b,2026-08-22T07:23:02.949470,CLI00217,www.jumia/panier.com,2,mobile,,False,0.0
ac4927f6-dd25-48f7-857a-ce879e10b3e0,2026-07-11T23:45:02.949470,CLI00131,www.jumia/promo.com,27,mobile,,False,0.0
3f096eeb-fb63-405f-91e9-fd50d7eb8df9,2026-08-06T11:55:02.949470,CLI00280,www.jumia/blog.com,81,desktop,,False,0.0
0ed144e4-e20d-4027-9895-9af112318d88,2026-08-18T01:49:02.949470,ANONfcf5e568,www.jumia/confirmation-commande.com,4,desktop,,True,150.44
91904e97-cacd-4a21-8f68-88f2a7e268fe,2026-08-27T03:33:02.949470,ANON8cdc12c7,www.jumia/accueil.com,61,tablette,,False,0.0
30260bb3-0b3e-46a2-bd01-e98a36ea2bb3,2026-08-16T20:16:02.949470,ANON8c30bc7c,www.jumia/checkout.com,81,desktop,,False,0.0
12f9a463-ab1e-4ce5-8245-1b4d5309f38c,2026-08-15T16:55:02.949470,ANON19395f6f,www.jumia/a-propos.com,36,mobile,,False,0.0
43275caa-1bbd-4441-b73f-935b6717b03b,2026-08-29T08:56:02.949470,ANON6d25cabc,www.jumia/checkout.com,132,mobile,CMP0007,False,0.0
8c70e691-7c32-40fe-88ce-7ee93cc1e401,2026-07-25T01:27:02.949470,ANON3b7dfc72,www.jumia/confirmation-commande.com,10,tablette,,True,265.65
a2d59c9f-ce5b-4bd2-ac70-e85ca323365e,2026-07-31T19:49:02.949470,ANONdf5a807d,www.jumia/contact.com,7,desktop,,False,0.0
972ae4fd-4755-4b51-910b-577f6af6ef53,2026-08-22T08:31:02.949470,ANONbf81a6e1,www.jumia/produits.com,117,mobile,,False,0.0
acb600f0-10fb-43c8-8cf5-eb3dae6b768e,2026-08-19T03:04:02.949470,ANON491be29b,www.jumia/a-propos.com,61,tablette,CMP0007,False,0.0
935d06c5-6e5f-42e5-a970-d781303bd1d5,2026-07-26T09:16:02.949470,ANON6422dd85,www.jumia/produit/detail.com,104,tablette,CMP0001,False,0.0
7439f086-983c-4b30-a1e0-46cd686e2bef,2026-08-03T14:40:02.949470,ANON3ef594e7,www.jumia/confirmation-commande.com,51,mobile,CMP0004,True,179.11
4336df38-0242-4f1d-a951-bfeddbccd9f4,2026-07-16T02:05:02.949470,ANON215ddb4c,www.jumia/produit/detail.com,25,tablette,,False,0.0
80ab0e2a-7f46-4a28-b061-b94282cf037d,2026-08-18T08:22:02.949470,CLI00448,www.jumia/produit/detail.com,153,desktop,,False,0.0
cda85091-f17c-4e78-a5c6-e312217703f7,2026-07-17T16:09:02.949470,ANONd577af8d,www.jumia/panier.com,144,mobile,,False,0.0
6909871c-0641-413e-b94a-30705b7741be,2026-08-01T05:43:02.949470,ANON6dee10da,www.jumia/promo.com,106,mobile,CMP0007,False,0.0
fa186509-e0ef-4583-a0c0-5ee10976c692,2026-07-06T19:31:02.949470,ANON604367b8,www.jumia/produits.com,28,desktop,CMP0010,False,0.0
d2bc37da-63ca-4da9-8040-cd049c5f19c9,2026-07-18T03:16:02.949470,CLI00317,www.jumia/blog.com,80,tablette,,False,0.0
7dc88c7c-53e7-4340-a10e-e6ce2f62a428,2026-07-21T22:37:02.949470,CLI00291,www.jumia/produits.com,40,mobile,,False,0.0
c016f387-0be6-4954-9d2f-466a930ca227,2026-08-20T10:59:02.949470,ANONbc036496,www.jumia/contact.com,8,mobile,,False,0.0
fbccf06b-0a17-4ddb-863e-fe71b654c8cd,2026-07-20T16:45:02.949470,ANONfee09e1d,www.jumia/checkout.com,224,mobile,CMP0014,True,155.84
783e0c87-b225-4a67-bfc1-96a404526a86,2026-08-02T01:10:02.949470,CLI00347,www.jumia/panier.com,13,desktop,CMP0014,False,0.0
fe9efc40-1211-494b-b1f9-34ddbbf35dc7,2026-07-17T08:22:02.949470,ANONcd5f6218,www.jumia/panier.com,270,tablette,CMP0005,False,0.0
091b0311-e6b2-4fc6-afed-ee8037bb9edf,2026-08-03T01:55:02.949470,CLI00006,www.jumia/contact.com,53,mobile,CMP0011,False,0.0
51b36221-95f2-44ca-8b6f-a3fb90146b22,2026-08-30T05:16:02.949470,ANON26dee6a1,www.jumia/blog.com,18,tablette,CMP0004,False,0.0
a891ef38-cafd-4833-99f9-d0697fe1c327,2026-08-13T02:36:02.949470,CLI00477,www.jumia/panier.com,70,desktop,CMP0001,False,0.0
1cb4df34-3597-4bc4-98fa-7b1ef7494bf9,2026-09-02T06:10:02.949470,ANON4750a440,www.jumia/promo.com,185,tablette,,False,0.0
3448f9f8-e06f-4bbf-b721-f97eaaf67e05,2026-08-21T19:32:02.949470,CLI00203,www.jumia/confirmation-commande.com,118,tablette,CMP0010,True,52.69
4c46a106-8d04-4c0b-a95b-4b32fce05b14,2026-07-08T12:43:02.949470,CLI00174,www.jumia/contact.com,147,mobile,CMP0009,False,0.0
1d6ca848-0678-48b3-912a-d2a522a3b828,2026-07-11T05:17:02.949470,CLI00161,www.jumia/accueil.com,96,mobile,CMP0003,False,0.0
8cd6869d-d9d2-4ea4-b654-e07bc2c836d1,2026-08-06T03:19:02.949470,CLI00449,www.jumia/checkout.com,106,desktop,CMP0007,False,0.0
268ec79b-ad14-475b-9317-c9b9a615902c,2026-08-08T04:59:02.949470,CLI00252,www.jumia/produit/detail.com,170,tablette,,False,0.0
862a7596-8110-4eef-9af6-a8fde4253813,2026-08-29T16:12:02.949470,CLI00077,www.jumia/accueil.com,25,mobile,,False,0.0
9186dec9-cbf3-4455-91ac-08820e63b891,2026-07-16T20:02:02.949470,CLI00060,www.jumia/contact.com,60,mobile,CMP0012,False,0.0
7e73f31c-8ddd-4d3c-9317-08dda11d4d50,2026-08-03T06:17:02.949470,CLI00434,www.jumia/produit/detail.com,22,mobile,CMP0008,False,0.0
b600da79-d958-4065-8663-87c9d2407bbf,2026-07-27T20:45:02.949470,CLI00087,www.jumia/a-propos.com,395,desktop,,False,0.0
6ca76bdf-cdb9-4a25-88e3-425e40ebae99,2026-08-11T16:09:02.949470,CLI00293,www.jumia/produit/detail.com,259,desktop,CMP0001,False,0.0
8dbec92d-1606-4375-a0b4-48ba411a34bb,2026-09-01T20:47:02.949470,ANON9c450143,www.jumia/confirmation-commande.com,3,tablette,,True,22.4
dee863d3-d5ab-4018-9bd6-5662a3e42b5f,2026-08-17T21:57:02.949470,ANON64f2d103,www.jumia/confirmation-commande.com,110,mobile,CMP0015,True,58.83
223ba8a5-5253-41e8-8b17-d7cf342a0b5a,2026-08-04T17:14:02.949470,ANONb6291f5b,www.jumia/promo.com,233,tablette,CMP0011,False,0.0
7565bbda-5f5e-4003-b5df-7a026e8fc98e,2026-07-06T04:34:02.949470,ANON32c91aad,www.jumia/confirmation-commande.com,17,tablette,,True,285.01
606da27a-e1d1-4857-b480-70a65b768262,2026-09-02T12:40:02.949470,ANONd5e3c592,www.jumia/checkout.com,75,mobile,CMP0001,False,0.0
318ae73a-a70b-478a-9c24-d1aaab8d3895,2026-08-21T21:07:02.949470,CLI00205,www.jumia/checkout.com,222,desktop,,True,290.04
e2fe3953-b5ab-4bb2-9c28-05af2784658e,2026-07-10T19:26:02.949470,ANONecb921a0,www.jumia/checkout.com,3,tablette,CMP0007,False,0.0
c059d825-95e7-434d-8a07-1601b559efca,2026-07-14T21:51:02.949470,ANON6b6e98f8,www.jumia/checkout.com,107,tablette,CMP0007,False,0.0
b9de28c8-4163-4eb7-af84-982016209396,2026-07-14T06:14:02.949470,CLI00251,www.jumia/contact.com,31,desktop,CMP0006,False,0.0
54828422-7ed2-423e-b7a5-d9f8435efcf7,2026-08-05T03:08:02.949470,CLI00217,www.jumia/confirmation-commande.com,232,desktop,,True,189.95
67eacc1b-6168-42e6-b068-c1f670825f33,2026-08-15T07:37:02.949470,ANONf1745e4a,www.jumia/panier.com,318,tablette,CMP0006,False,0.0
8fb19887-2a4c-474d-8f59-aa6af17788b6,2026-08-18T16:41:02.949470,CLI00332,www.jumia/a-propos.com,259,mobile,,False,0.0
08ec435d-4577-4843-9796-9ffeeb61cde9,2026-07-24T08:59:02.949470,CLI00077,www.jumia/produit/detail.com,57,tablette,CMP0013,False,0.0
24cf32ad-97f9-4325-b855-625a3565fd1e,2026-09-01T04:25:02.949470,CLI00025,www.jumia/a-propos.com,178,mobile,CMP0007,False,0.0
006909ed-28b6-4d47-84db-8a12e832f733,2026-09-01T20:04:02.949470,CLI00238,www.jumia/promo.com,167,desktop,CMP0007,False,0.0
420a2717-2da1-4f08-9b6e-bb95a6edf617,2026-07-28T03:09:02.949470,CLI00380,www.jumia/contact.com,34,mobile,CMP0009,False,0.0
d70673a4-11d0-448d-8ff9-658d06b4d208,2026-08-25T00:25:02.949470,CLI00361,www.jumia/checkout.com,158,tablette,CMP0002,False,0.0
fe25ff5c-6dae-49ac-b0c7-b8665daf4316,2026-08-04T16:00:02.949470,CLI00495,www.jumia/produit/detail.com,3,mobile,,False,0.0
40869af1-b356-48f8-831e-71585c8622f0,2026-07-16T21:19:02.949470,CLI00345,www.jumia/produits.com,81,desktop,,False,0.0
2fcc1635-b859-4129-8407-51911574e0f2,2026-08-08T18:32:02.949470,CLI00245,www.jumia/contact.com,23,tablette,CMP0001,False,0.0
bd23ac84-9569-47fe-b4ba-391f79cad9c9,2026-07-31T16:19:02.949470,CLI00317,www.jumia/promo.com,11,desktop,,False,0.0
17053653-16a4-4822-acba-7b5787271d6b,2026-08-19T16:16:02.949470,ANONdc49435c,www.jumia/produits.com,7,mobile,,False,0.0
e6663979-74ff-4ab8-91d9-f4b818e1d498,2026-07-13T18:44:02.949470,ANON6be0dd31,www.jumia/panier.com,107,mobile,CMP0001,False,0.0
9e866db9-e17e-46f5-af4c-5602539c9db0,2026-07-19T10:13:02.949470,CLI00321,www.jumia/a-propos.com,37,mobile,CMP0004,False,0.0
bfd88511-c8eb-48f3-bd18-5d1a320ff091,2026-07-11T04:21:02.949470,CLI00060,www.jumia/produit/detail.com,116,mobile,CMP0008,False,0.0
d1b60f63-0dbe-4c02-9193-cf35233bfc34,2026-08-22T17:00:02.949470,CLI00441,www.jumia/contact.com,6,tablette,,False,0.0
6697813c-c1c1-4e2e-ac88-129dfa21da19,2026-07-21T00:50:02.949470,CLI00171,www.jumia/accueil.com,34,mobile,CMP0014,False,0.0
59b05d3f-7508-4ccd-b7fa-e99be2ebff08,2026-08-15T16:59:02.949470,ANON910fc200,www.jumia/promo.com,69,tablette,,False,0.0
6def1e4c-34bc-4a57-98c7-22f7bfaaa99f,2026-08-21T11:50:02.949470,CLI00303,www.jumia/promo.com,140,tablette,CMP0007,False,0.0
e1fbcf7c-5ab2-4007-b948-b667eefd0bcb,2026-09-01T09:46:02.949470,CLI00217,www.jumia/promo.com,34,desktop,,False,0.0
b5b0525d-ddb0-48d2-a5db-b75e1a4574f4,2026-08-09T20:49:02.949470,CLI00243,www.jumia/produits.com,88,desktop,,False,0.0
2b2aec55-1152-41e5-84a9-010c6b841be3,2026-08-14T14:54:02.949470,CLI00148,www.jumia/panier.com,195,desktop,CMP0007,False,0.0
ffd56895-cafa-499f-8ee4-962c15d9dc30,2026-07-28T08:46:02.949470,ANON011e6b42,www.jumia/confirmation-commande.com,86,tablette,CMP0010,True,277.69
394feb06-9ba4-49ad-912a-a8a66ef23681,2026-08-17T08:40:02.949470,ANONb1ef0644,www.jumia/blog.com,23,desktop,,False,0.0
f874549f-2e91-4d2a-a476-65d6d91e5291,2026-08-28T16:13:02.949470,ANONde9df06a,www.jumia/produit/detail.com,2,tablette,,False,0.0
43e2f898-79b6-43d8-8040-1e0f4c68c9aa,2026-07-19T04:16:02.949470,ANON92300a36,www.jumia/produit/detail.com,183,mobile,,False,0.0
53962044-1185-4cf1-a8dc-a4b30ed34fae,2026-07-18T00:10:02.949470,CLI00253,www.jumia/checkout.com,1,mobile,CMP0013,True,173.7
36f86048-6f02-4fc4-8726-7fd59fb2ff12,2026-07-28T02:54:02.949470,CLI00441,www.jumia/a-propos.com,186,mobile,,False,0.0
d412c870-9505-4958-8004-d7c88473b462,2026-08-25T20:53:02.949470,CLI00288,www.jumia/panier.com,67,desktop,CMP0010,False,0.0
5cb94ba7-568d-467c-a262-6e7b92448740,2026-07-22T05:22:02.949470,ANONa3b5e1f6,www.jumia/a-propos.com,251,desktop,CMP0001,False,0.0
4527a772-7581-4bec-8346-c2cbe0e0d975,2026-08-31T23:26:02.949470,CLI00343,www.jumia/produits.com,144,tablette,,False,0.0
c716d83c-b14e-4f0c-ac5c-8c550d984912,2026-07-09T09:23:02.949470,ANONfb0bdceb,www.jumia/produits.com,556,tablette,CMP0014,False,0.0
2b8825bb-f397-4a9e-969d-3107b4150f64,2026-08-13T22:24:02.949470,CLI00323,www.jumia/produits.com,38,mobile,CMP0009,False,0.0
27f05f73-d0ab-4539-85e9-59917b49e177,2026-09-02T05:42:02.949470,ANON794ee5c5,www.jumia/a-propos.com,131,desktop,,False,0.0
f0e15f27-d87c-4414-9ec7-4a8272e02ca5,2026-08-20T21:41:02.949470,CLI00071,www.jumia/produits.com,46,mobile,,False,0.0
0761dc02-a972-4ab5-9a32-7931315461e8,2026-08-03T08:21:02.949470,CLI00415,www.jumia/contact.com,58,desktop,,False,0.0
4f4beb8d-ec3b-4630-8b48-96221273c075,2026-07-24T10:42:02.949470,ANON29482818,www.jumia/blog.com,88,desktop,CMP0006,False,0.0
10be5ea9-e33c-4750-be28-2accf659b3fc,2026-08-15T15:47:02.949470,CLI00404,www.jumia/panier.com,186,mobile,CMP0013,False,0.0
7834a7c2-dae2-411a-be5e-a16b862ea5a4,2026-08-26T07:58:02.949470,ANON3ea75a68,www.jumia/a-propos.com,372,tablette,,False,0.0
d2da2b41-c2e0-4c0c-b09e-adc935b55955,2026-07-28T19:00:02.949470,ANON1289b258,www.jumia/a-propos.com,131,mobile,CMP0001,False,0.0
b53497d4-0a3d-497e-adc9-e6b54c9ca761,2026-07-11T04:52:02.949470,CLI00032,www.jumia/blog.com,48,mobile,CMP0013,False,0.0
8fae79ce-ea0c-46a1-a677-bd7115340d27,2026-08-17T14:41:02.949470,CLI00324,www.jumia/a-propos.com,49,desktop,,False,0.0
b13e7793-2e0e-4ea9-bd20-b92a5d59ae11,2026-08-01T07:28:02.949470,ANON7ed0c1af,www.jumia/checkout.com,120,desktop,,False,0.0
8a5d500d-7b6b-490e-8f75-fc983486b955,2026-09-02T05:32:02.949470,ANONb59b2dc7,www.jumia/promo.com,24,mobile,,False,0.0
9d4cbaf5-3cd8-402b-8312-d965fba43260,2026-08-19T07:00:02.949470,ANON2027ab92,www.jumia/promo.com,10,tablette,,False,0.0
1f0d0ed7-5683-4b9b-96a1-783c110cf5bc,2026-08-16T09:16:02.949470,ANON837db5a0,www.jumia/blog.com,39,mobile,CMP0013,False,0.0
1c009106-f58f-46a5-b941-45f002760136,2026-08-31T03:37:02.949470,CLI00369,www.jumia/produit/detail.com,30,tablette,CMP0006,False,0.0
bd79addc-7ac1-4176-983c-0d975ce61005,2026-08-09T03:45:02.949470,CLI00175,www.jumia/produit/detail.com,31,mobile,CMP0009,False,0.0
49d9f017-e6fe-4aad-bb13-11858afe8d6b,2026-07-07T12:09:02.949470,ANONb1c8163e,www.jumia/blog.com,23,tablette,CMP0014,False,0.0
98cdb34d-db7c-4df0-82df-e79c959110e0,2026-07-13T17:35:02.949470,CLI00260,www.jumia/confirmation-commande.com,3,tablette,,True,50.29
eae6f0c3-85d1-4071-9afc-68288044ff4a,2026-09-03T22:00:02.949470,CLI00174,www.jumia/panier.com,1,tablette,CMP0012,False,0.0
4d468377-2d9b-4a87-9864-fab10693a16c,2026-08-12T13:17:02.949470,ANON2deb0ac9,www.jumia/a-propos.com,395,tablette,,False,0.0
aa274d89-7b96-4e72-aad9-329da7a56c69,2026-07-20T05:51:02.949470,ANONa57175cf,www.jumia/promo.com,50,tablette,CMP0013,False,0.0
803984b1-39e0-4965-a86b-8773340da998,2026-07-14T16:56:02.949470,CLI00265,www.jumia/promo.com,43,mobile,CMP0004,False,0.0
fee31e0d-81b3-4584-be55-58554d52d900,2026-08-27T06:01:02.949470,CLI00211,www.jumia/produits.com,102,mobile,CMP0012,False,0.0
8eab88e6-a998-4aa1-a03e-523db39b661b,2026-07-09T08:28:02.949470,CLI00190,www.jumia/a-propos.com,22,desktop,CMP0004,False,0.0
e3515651-ad44-43f7-9244-d832382b3488,2026-08-12T12:05:02.949470,ANON91b2d950,www.jumia/promo.com,269,desktop,,False,0.0
c25e3950-119e-4f86-94a2-b8c0e4501a85,2026-08-15T08:00:02.949470,ANONc0a26d96,www.jumia/blog.com,138,mobile,,False,0.0
8973dbdd-1012-479c-aba3-4133aed30da0,2026-07-15T10:40:02.949470,CLI00361,www.jumia/a-propos.com,8,tablette,CMP0008,False,0.0
27b56fa1-17d1-4a49-95a9-284e49a4e2bc,2026-07-13T16:45:02.949470,ANONa3507021,www.jumia/a-propos.com,48,desktop,CMP0001,False,0.0
ffafc0a4-f786-4754-a563-a5cfa01937d7,2026-09-01T22:10:02.949470,CLI00190,www.jumia/promo.com,190,desktop,,False,0.0
6c35eb08-3776-4329-b71e-e76bacbb0e3a,2026-07-08T10:41:02.949470,ANON416783e0,www.jumia/checkout.com,260,mobile,CMP0005,True,22.97
415b2a21-80a9-460b-88d0-c706b3bbe202,2026-07-15T12:58:02.949470,CLI00146,www.jumia/panier.com,56,mobile,CMP0015,False,0.0
0553b495-d818-40c4-9263-dd55df62494a,2026-08-27T18:03:02.949470,CLI00446,www.jumia/accueil.com,85,desktop,CMP0009,False,0.0
8b1b564e-94a4-42d5-b620-244fc672f728,2026-08-05T12:51:02.949470,CLI00194,www.jumia/contact.com,16,tablette,CMP0015,False,0.0
a25fdcbe-d9d2-426b-b60a-728b14976b63,2026-08-28T13:40:02.949470,CLI00236,www.jumia/contact.com,425,tablette,,False,0.0
d23560fa-3550-4090-9a53-4070cc414173,2026-08-02T23:27:02.949470,CLI00320,www.jumia/promo.com,23,desktop,,False,0.0
98e871fa-21a8-4081-b655-135b0e8a70ba,2026-07-30T02:29:02.949470,CLI00344,www.jumia/contact.com,257,tablette,CMP0009,False,0.0
15d1ab46-b841-4697-8f5e-7aeb3d83fe1f,2026-07-23T14:37:02.949470,ANONaab66171,www.jumia/promo.com,94,tablette,,False,0.0
f14b97e8-f1b6-4e1f-8e8e-c141415176c8,2026-08-25T16:51:02.949470,ANONeed2e722,www.jumia/produits.com,84,mobile,CMP0002,False,0.0
547c8e22-f877-44b2-8755-7127209572f1,2026-08-14T12:08:02.949470,ANON2990369c,www.jumia/a-propos.com,64,mobile,,False,0.0
38415b51-74bb-4786-8912-60f825940758,2026-08-23T10:04:02.949470,CLI00480,www.jumia/a-propos.com,23,mobile,,False,0.0
ff420d13-af78-4436-b5aa-10a4d2ec69f9,2026-07-07T03:22:02.949470,ANON4de80dfb,www.jumia/promo.com,17,desktop,CMP0014,False,0.0
13eb2ccc-d0f7-4c5f-9a5d-2cd82c687727,2026-07-11T12:10:02.949470,CLI00442,www.jumia/accueil.com,22,desktop,CMP0010,False,0.0
7acc4831-7d41-4723-8efd-88c5e4071603,2026-08-01T23:58:02.949470,CLI00132,www.jumia/produits.com,18,mobile,CMP0009,False,0.0
7e0edf9d-c6d7-4fed-a65d-7c7d2578b539,2026-07-12T11:42:02.949470,CLI00046,www.jumia/produit/detail.com,136,desktop,CMP0003,False,0.0
5532b096-008c-4574-8911-f87e45a954f3,2026-09-04T08:15:02.949470,ANON243a5376,www.jumia/produit/detail.com,38,mobile,CMP0010,False,0.0
a70c353e-7c86-486a-8ad0-21ff080bb593,2026-08-19T19:51:02.949470,CLI00458,www.jumia/confirmation-commande.com,5,mobile,CMP0006,True,88.51
6a07c1d9-2acf-4ce2-bb91-cb3d811ba7a1,2026-07-09T00:47:02.949470,ANONccfa5c0c,www.jumia/contact.com,312,tablette,,False,0.0
459986e5-8f3d-43fe-9c9a-924e7698eba3,2026-08-23T10:56:02.949470,CLI00163,www.jumia/contact.com,193,tablette,,False,0.0
00d9eab9-cdce-468a-9821-30f9557b075e,2026-07-31T21:02:02.949470,CLI00454,www.jumia/accueil.com,236,desktop,CMP0011,False,0.0
65e636e7-921b-4ed5-8196-efcbe4e25a7d,2026-08-10T13:15:02.949470,ANONaca1613f,www.jumia/produit/detail.com,475,desktop,CMP0013,False,0.0
fe7a4c41-f2d9-4d06-a17f-60ea68a246e5,2026-08-11T08:00:02.949470,CLI00401,www.jumia/produit/detail.com,17,desktop,CMP0011,False,0.0
e1b9fe57-f7c8-4f73-b1f4-91a861f0e2e5,2026-08-09T00:22:02.949470,ANON06f6c863,www.jumia/a-propos.com,45,desktop,CMP0007,False,0.0
1ccd25d7-70ce-4256-9b7d-f6194a6ffacc,2026-07-07T19:24:02.949470,ANONbe622c18,www.jumia/produit/detail.com,127,mobile,CMP0014,False,0.0
80ade5c1-bc8f-4ac0-8955-fa825bbca1fa,2026-07-09T09:49:02.949470,ANONcf9ffb52,www.jumia/confirmation-commande.com,107,mobile,CMP0014,True,255.1
a97b1527-0e22-48e9-b718-f9caab484a8e,2026-08-12T10:50:02.949470,CLI00036,www.jumia/checkout.com,15,mobile,CMP0012,True,214.05
19b74fcf-dbf0-47f3-a4aa-ef73ab7b1404,2026-08-21T11:49:02.949470,CLI00259,www.jumia/confirmation-commande.com,152,desktop,,True,266.92
b5ffe821-59a1-4987-8ad5-c21a23e94b09,2026-08-15T03:20:02.949470,CLI00340,www.jumia/confirmation-commande.com,22,desktop,,True,112.36
a47dc6ef-063a-4c08-8410-492585339468,2026-08-13T04:33:02.949470,CLI00473,www.jumia/accueil.com,22,tablette,,False,0.0
fb7eba63-8855-44a3-9161-abe0a45fcb47,2026-08-04T19:29:02.949470,CLI00459,www.jumia/contact.com,69,desktop,CMP0003,False,0.0
569d3a64-7218-4b15-ac2d-c0d5b16ed168,2026-08-08T21:22:02.949470,ANON6e6e790d,www.jumia/a-propos.com,80,mobile,,False,0.0
d7a89810-a74e-4a2e-984b-7e113c092fff,2026-09-01T16:00:02.949470,CLI00417,www.jumia/blog.com,78,tablette,,False,0.0
84da24aa-e6e4-4909-b36e-4726f1d84f4c,2026-07-28T06:43:02.949470,ANON9acd297d,www.jumia/accueil.com,8,mobile,,False,0.0
174d44c8-7dc4-4ca4-becd-60d279172d8f,2026-08-04T06:31:02.949470,CLI00011,www.jumia/checkout.com,188,tablette,CMP0001,False,0.0
8bdcceee-1b77-40ae-a5ec-d71ef8ec230e,2026-07-28T00:37:02.949470,ANON537d75f2,www.jumia/panier.com,27,mobile,,False,0.0
ad0f1be4-0504-4d34-bed7-c7dbda01c52c,2026-08-06T05:34:02.949470,ANONd8446ac0,www.jumia/promo.com,12,mobile,CMP0015,False,0.0
11e552f7-49f5-4e7a-b144-ce76f46c115c,2026-07-06T01:24:02.949470,CLI00143,www.jumia/promo.com,197,tablette,,False,0.0
870916d4-3269-456e-9b62-a986ec7b5301,2026-08-06T00:07:02.949470,ANON06440ff3,www.jumia/promo.com,280,tablette,CMP0012,False,0.0
86e78365-5215-48ab-aacb-efd0f5a9c924,2026-07-16T21:09:02.949470,CLI00478,www.jumia/promo.com,178,mobile,CMP0002,False,0.0
d9ea47e8-4f81-40f4-ad59-c87b84f2fe1d,2026-08-31T11:18:02.949470,CLI00348,www.jumia/accueil.com,149,tablette,,False,0.0
649f1c8e-539a-4849-ba9c-edff835e681c,2026-08-18T12:11:02.949470,ANON55bab4ba,www.jumia/accueil.com,95,desktop,CMP0009,False,0.0
f5187df0-196f-408e-bc7f-098e40827c46,2026-08-16T16:13:02.949470,CLI00209,www.jumia/checkout.com,72,desktop,CMP0006,True,162.71
eede8501-6a5b-45d5-afe4-768262beb68a,2026-07-29T11:20:02.949470,CLI00143,www.jumia/blog.com,8,tablette,CMP0012,False,0.0
b84effc9-fd64-4c6a-916d-60ab43e7ed4d,2026-08-03T04:32:02.949470,CLI00293,www.jumia/accueil.com,47,tablette,CMP0006,False,0.0
faa68253-4770-4bd6-aa34-3dc1a273dd34,2026-07-20T16:59:02.949470,ANONd2996228,www.jumia/panier.com,41,mobile,,False,0.0
a8fc23fe-5ad6-4456-959d-8871714d73d7,2026-07-27T03:36:02.949470,CLI00246,www.jumia/blog.com,27,mobile,,False,0.0
ba89d3fe-c56b-40fa-afed-b229bad63d79,2026-08-12T15:31:02.949470,CLI00243,www.jumia/panier.com,115,desktop,CMP0005,False,0.0
6e4a8ae0-2958-41c7-a8b0-56aa63e116ec,2026-08-27T20:24:02.949470,CLI00038,www.jumia/promo.com,61,tablette,CMP0013,False,0.0
3d02442f-b1ce-4008-a144-c4fcf27d75b6,2026-08-02T22:12:02.949470,CLI00032,www.jumia/accueil.com,7,desktop,CMP0002,False,0.0
ce584925-8d91-4e86-afa0-be1d691575de,2026-07-26T16:36:02.949470,CLI00411,www.jumia/contact.com,22,mobile,,False,0.0
9bb92609-a601-458d-9a58-f2be36f1079f,2026-07-25T14:12:02.949470,ANONa308fa90,www.jumia/a-propos.com,103,mobile,CMP0002,False,0.0
fe191faf-cfd6-4e77-a574-4500a442d94a,2026-07-24T06:57:02.949470,CLI00443,www.jumia/promo.com,7,tablette,CMP0013,False,0.0
f2b240f9-ffad-4ac8-a01c-c88f3f99fc0b,2026-08-13T19:01:02.949470,CLI00318,www.jumia/promo.com,171,mobile,CMP0013,False,0.0
a6ae7b03-75b9-426d-a08c-c52af079b7db,2026-07-27T15:15:02.949470,CLI00169,www.jumia/promo.com,61,mobile,,False,0.0
4d722da8-3c3c-41db-a749-8cab56a15d7b,2026-07-11T21:32:02.949470,ANONcf5140bb,www.jumia/panier.com,58,tablette,CMP0002,False,0.0
93259c8f-7366-4524-add1-adfb254c6dd8,2026-07-14T15:04:02.949470,CLI00318,www.jumia/contact.com,80,mobile,CMP0007,False,0.0
7ff67a2a-b1d7-406d-a502-f6844e18274c,2026-07-20T23:23:02.949470,CLI00224,www.jumia/a-propos.com,156,tablette,CMP0003,False,0.0
33dd93be-305a-4e97-9fec-d70fc96676d4,2026-08-23T05:51:02.949470,ANON606f18dc,www.jumia/produit/detail.com,38,desktop,CMP0009,False,0.0
bf2a79bb-af0d-4f0d-b312-6d30ff91ae72,2026-07-25T13:53:02.949470,CLI00337,www.jumia/produit/detail.com,101,mobile,CMP0001,False,0.0
1a2acd0a-d0a6-4d29-8193-3bee7f723dba,2026-07-21T11:24:02.949470,ANONd81b4010,www.jumia/blog.com,75,desktop,,False,0.0
76fccb99-d595-4ab3-a512-b2ed9a11d261,2026-07-18T01:12:02.949470,ANONf57e1bba,www.jumia/confirmation-commande.com,27,desktop,,True,68.97
915a1f97-bc86-4655-b626-2f85256fc24b,2026-08-19T17:01:02.949470,ANON281b3d74,www.jumia/promo.com,189,desktop,CMP0006,False,0.0
03daa0b4-de12-4b35-9460-ba437d50e42e,2026-08-14T03:58:02.949470,CLI00405,www.jumia/accueil.com,143,desktop,CMP0002,False,0.0
d9460746-e7bc-4374-aef7-eea1bbc2ebb1,2026-07-19T19:12:02.949470,CLI00110,www.jumia/panier.com,96,desktop,CMP0004,False,0.0
e481d355-5dbc-45e5-8073-dd830dd88279,2026-08-22T05:23:02.949470,CLI00095,www.jumia/accueil.com,171,desktop,,False,0.0
18f269d1-a35b-473f-92b3-332f9611005e,2026-07-05T20:54:02.949470,CLI00226,www.jumia/panier.com,181,tablette,CMP0002,False,0.0
95fe3716-e529-40e7-b41b-b6b8314e274a,2026-08-12T05:34:02.949470,CLI00146,www.jumia/produit/detail.com,110,mobile,,False,0.0
9f8a2410-e641-41f7-a743-5b1b7933cc66,2026-08-31T03:18:02.949470,ANON216382b5,www.jumia/produit/detail.com,163,mobile,CMP0014,False,0.0
22a330f3-5a30-477a-ad9a-8bf9994e294e,2026-07-07T00:25:02.949470,CLI00347,www.jumia/produit/detail.com,107,desktop,CMP0002,False,0.0
3de5a390-75d3-4694-8ce1-ac747e9c9659,2026-08-15T21:53:02.949470,CLI00123,www.jumia/confirmation-commande.com,102,tablette,,True,245.7
477239a3-1781-4e88-b7bb-7fbd1a0f5c4c,2026-07-16T11:23:02.949470,ANON402bf724,www.jumia/produits.com,86,mobile,,False,0.0
8860ad99-736f-49b1-bbf8-a99e45e2c76a,2026-07-14T23:22:02.949470,CLI00192,www.jumia/confirmation-commande.com,125,tablette,CMP0009,True,185.87
a8e8ef94-18d5-40ff-b168-c51419156530,2026-07-20T20:20:02.949470,CLI00275,www.jumia/checkout.com,15,desktop,,False,0.0
fa4aaa48-679b-4447-a3aa-baf086955c28,2026-07-20T20:12:02.949470,ANON08838852,www.jumia/a-propos.com,191,tablette,,False,0.0
e7a61600-8a22-41fe-a67f-99ce6221c260,2026-08-31T09:45:02.949470,ANONa6872045,www.jumia/promo.com,184,mobile,,False,0.0
c4fe4b16-987f-491b-a220-2a772b886027,2026-07-16T10:56:02.949470,ANONd7faee13,www.jumia/a-propos.com,2,desktop,,False,0.0
3fc383fa-6532-4da9-90ad-e5e3d8aee879,2026-08-06T11:01:02.949470,CLI00356,www.jumia/contact.com,157,tablette,CMP0012,False,0.0
a4fed7ba-1180-4738-9b13-4a9a01f17946,2026-08-06T09:49:02.949470,ANONf3ab7c08,www.jumia/promo.com,12,tablette,CMP0011,False,0.0
bc18dad5-a0e0-46e2-8516-1e1d806a5ffc,2026-07-08T00:46:02.949470,CLI00121,www.jumia/blog.com,36,mobile,,False,0.0
451f418d-4011-41e0-867e-f39e79d8dc97,2026-07-25T08:28:02.949470,ANONddc122e4,www.jumia/confirmation-commande.com,122,mobile,CMP0003,True,87.54
8d9301f4-e077-469e-a093-56104af271c4,2026-07-13T20:50:02.949470,CLI00022,www.jumia/contact.com,15,tablette,CMP0006,False,0.0
7f3bcd8c-6852-4d7c-b6b6-b0f44ddb7ff3,2026-08-14T04:59:02.949470,CLI00412,www.jumia/contact.com,153,desktop,CMP0007,False,0.0
3afbc31e-5a17-4aa7-a768-61b16e6636a6,2026-07-23T06:33:02.949470,CLI00039,www.jumia/confirmation-commande.com,160,desktop,CMP0004,True,271.92
fe46cc35-8d4c-4710-b573-6699cbb502f2,2026-08-28T11:04:02.949470,ANON8fa08709,www.jumia/panier.com,63,mobile,CMP0002,False,0.0
bd4533e8-3e29-4fd6-bd98-6f2a8dd8cd54,2026-07-12T20:55:02.949470,CLI00346,www.jumia/confirmation-commande.com,1,tablette,CMP0004,True,86.26
3e47215a-90e0-4038-a236-6618db120c62,2026-08-27T16:26:02.949470,ANONcac97640,www.jumia/produit/detail.com,30,tablette,CMP0012,False,0.0
0ee6dbc2-f37d-4f0c-8348-e72543c7a30e,2026-08-22T12:30:02.949470,CLI00422,www.jumia/confirmation-commande.com,86,desktop,CMP0013,True,238.19
db6ca74c-16d5-43ed-8fc1-e259695a4c73,2026-09-04T07:24:02.949470,CLI00335,www.jumia/a-propos.com,357,mobile,CMP0011,False,0.0
39ee66f8-5d96-40f2-97b9-0103e5e8bf82,2026-08-30T06:46:02.949470,CLI00120,www.jumia/a-propos.com,89,tablette,CMP0012,False,0.0
26601650-6157-4aa2-afa2-301e89202b3d,2026-08-25T12:20:02.949470,CLI00406,www.jumia/produits.com,27,desktop,CMP0014,False,0.0
34761523-ab46-4cce-8bfa-1cfb9d1306e0,2026-08-29T00:59:02.949470,ANON3a5ac8e1,www.jumia/panier.com,90,desktop,,False,0.0
1beffdbc-d150-45ae-878c-c64b98cc542c,2026-08-03T11:33:02.949470,ANON79c55f3d,www.jumia/checkout.com,69,mobile,CMP0010,False,0.0
fa97f1bc-def3-4287-a735-276963b23afc,2026-08-06T16:25:02.949470,CLI00352,www.jumia/blog.com,136,tablette,CMP0004,False,0.0
51c869b4-73a4-411b-a00f-ba881f3a1456,2026-08-09T03:52:02.949470,ANONa1080fe3,www.jumia/produit/detail.com,10,mobile,CMP0010,False,0.0
cc3f200a-2752-4632-9cdf-ee05a5a49c5e,2026-09-04T05:08:02.949470,ANONc732a815,www.jumia/promo.com,128,tablette,,False,0.0
e1ffca5c-fcad-4d34-8360-93378a8b212a,2026-08-30T06:56:02.949470,CLI00198,www.jumia/panier.com,70,desktop,CMP0007,False,0.0
2f871f2b-92fe-4e9e-87c6-44638bf32de5,2026-07-12T05:08:02.949470,ANONbe82beac,www.jumia/checkout.com,296,tablette,,True,44.73
52e7183d-a406-41bc-bfe9-938912ddf592,2026-07-16T20:24:02.949470,CLI00096,www.jumia/panier.com,37,mobile,,False,0.0
ae8bc33f-a504-40a7-a31b-e596ed9be471,2026-09-02T06:50:02.949470,ANON612f2dce,www.jumia/produits.com,90,desktop,CMP0005,False,0.0
06f28e56-e8d7-4b28-97a8-3a76eacde957,2026-07-09T06:05:02.949470,ANONd750ec19,www.jumia/blog.com,241,desktop,CMP0006,False,0.0
07e28340-7a7c-40e8-8a5f-e54548ffab21,2026-07-15T21:40:02.949470,ANON383da49a,www.jumia/blog.com,9,mobile,CMP0008,False,0.0
64a4edc5-9c44-4e7d-af89-ed54c3eda067,2026-07-14T00:51:02.949470,ANON61b88206,www.jumia/produit/detail.com,249,tablette,CMP0012,False,0.0
b0885cfe-1777-49a8-8138-65ac3d0df8f6,2026-08-11T04:09:02.949470,ANONf65dbdb6,www.jumia/checkout.com,104,desktop,CMP0012,True,297.46
3941e70e-28fa-4861-aad2-e072251512de,2026-07-10T07:10:02.949470,CLI00467,www.jumia/promo.com,6,desktop,,False,0.0
9472d3d8-4f46-4589-8f8a-db4221d9c25c,2026-08-04T09:08:02.949470,CLI00452,www.jumia/contact.com,32,desktop,CMP0002,False,0.0
30561737-c880-4674-a1e1-e73a504e2b84,2026-08-19T17:22:02.949470,ANON3dcae3be,www.jumia/produit/detail.com,110,desktop,CMP0010,False,0.0
96241292-833a-45a2-bf6f-c1268c240061,2026-07-21T00:29:02.949470,CLI00197,www.jumia/produit/detail.com,6,tablette,,False,0.0
d14a1ee6-5ebc-48ee-a1bb-b9ff3540d60d,2026-08-10T21:57:02.949470,CLI00454,www.jumia/produit/detail.com,78,desktop,,False,0.0
b734e451-c541-4af5-a9a9-6c1e16e0ef93,2026-08-31T15:06:02.949470,CLI00372,www.jumia/panier.com,38,desktop,CMP0015,False,0.0
69f48071-d167-440e-8147-740b6fcd7b2a,2026-08-01T11:39:02.949470,CLI00054,www.jumia/a-propos.com,87,desktop,,False,0.0
d33f12d8-16da-482f-96e8-76de5b25cd39,2026-08-01T08:42:02.949470,CLI00014,www.jumia/produits.com,4,tablette,CMP0009,False,0.0
3b431fd6-ad50-4ba9-9a8e-6bcad37fc836,2026-08-19T16:19:02.949470,ANON952ffe74,www.jumia/panier.com,184,desktop,CMP0006,False,0.0
9597262a-0532-4882-a3a7-4ed155c499c1,2026-07-07T18:48:02.949470,CLI00344,www.jumia/contact.com,326,desktop,CMP0015,False,0.0
bcbbcbe5-3ff5-4a79-858e-71f9e8194b8f,2026-08-03T20:37:02.949470,ANON138c1426,www.jumia/contact.com,312,mobile,CMP0004,False,0.0
91786f7f-2192-4554-b36e-1917d030e2d7,2026-08-05T03:25:02.949470,CLI00052,www.jumia/produit/detail.com,124,desktop,CMP0014,False,0.0
586f7b19-d120-4c44-b0d4-d9765adb5930,2026-07-13T12:19:02.949470,ANON9e0e5aa8,www.jumia/accueil.com,12,tablette,CMP0002,False,0.0
01e5a237-1521-4976-9fde-1723a9fa9d3c,2026-07-22T23:00:02.949470,ANON9bd6115e,www.jumia/a-propos.com,127,mobile,CMP0004,False,0.0
ca53e7de-7a80-4039-978f-81226e548135,2026-08-03T16:35:02.949470,ANON75c42c7c,www.jumia/produits.com,2,desktop,,False,0.0
b15bcbd4-e33f-4c78-bfda-c43731de14c4,2026-08-19T04:00:02.949470,CLI00194,www.jumia/panier.com,2,mobile,CMP0001,False,0.0
bcec85ba-2b8f-450f-89b4-3dd0e788cfe6,2026-07-29T01:44:02.949470,CLI00008,www.jumia/confirmation-commande.com,35,tablette,CMP0007,True,248.85
09be8c5e-52bc-4f3f-9b3c-493c115db234,2026-08-16T20:46:02.949470,CLI00428,www.jumia/produit/detail.com,60,tablette,,False,0.0
78904a8e-3eb7-4fbd-85a1-8360f671310a,2026-07-15T19:58:02.949470,CLI00288,www.jumia/panier.com,132,tablette,CMP0014,False,0.0
e470ad4d-71aa-46ac-bac5-a690b6f42872,2026-07-19T11:57:02.949470,CLI00110,www.jumia/produits.com,103,desktop,,False,0.0
b78d2f17-599e-44b7-be37-7d08e237625d,2026-07-25T23:32:02.949470,CLI00109,www.jumia/contact.com,53,mobile,CMP0006,False,0.0
ea175339-cc2c-4df2-8f94-bcf100e716d9,2026-07-10T16:24:02.949470,CLI00035,www.jumia/panier.com,28,desktop,CMP0010,False,0.0
53e6e87e-e279-4115-b89e-d06f43681395,2026-07-25T14:03:02.949470,CLI00275,www.jumia/promo.com,526,mobile,,False,0.0
e48d9c15-fb01-4b28-b984-d376d3c8925f,2026-07-21T22:10:02.949470,ANONcd80066f,www.jumia/produit/detail.com,49,desktop,CMP0011,False,0.0
a3bf787d-412f-41ad-b412-76290a81dd24,2026-07-17T15:20:02.949470,CLI00436,www.jumia/contact.com,54,mobile,,False,0.0
c016ee25-844f-4d62-90ea-4debd556f5c7,2026-07-26T19:10:02.949470,CLI00262,www.jumia/panier.com,16,tablette,,False,0.0
9caf0026-f365-4a4f-84dd-8e27ddaf70ab,2026-08-12T16:32:02.949470,ANON001e6ab6,www.jumia/produits.com,142,desktop,CMP0010,False,0.0
80c72e62-9706-4a0a-9222-d76c17a5b80b,2026-07-21T17:59:02.949470,ANONab1711bb,www.jumia/accueil.com,106,mobile,,False,0.0
7501ae35-09ab-4f0a-a305-40f3caafc8ea,2026-07-29T09:50:02.949470,CLI00020,www.jumia/panier.com,22,tablette,CMP0007,False,0.0
b90d348f-99ac-46ab-b908-85f4e175b229,2026-08-13T09:19:02.949470,CLI00163,www.jumia/accueil.com,7,tablette,,False,0.0
bd614b22-3de5-4cdc-b96d-2eb8e22851fb,2026-08-25T08:13:02.949470,ANON622bc553,www.jumia/panier.com,102,tablette,,False,0.0
f3b70927-5176-4f8f-84d6-524dbc5b017c,2026-07-27T04:47:02.949470,ANON39235c2e,www.jumia/panier.com,95,tablette,CMP0001,False,0.0
2e80472f-8397-45ff-b56b-93cfc993eb79,2026-08-19T17:46:02.949470,CLI00165,www.jumia/produit/detail.com,28,desktop,,False,0.0
475a258b-f105-43b4-9714-716e526fc9eb,2026-08-14T18:36:02.949470,CLI00099,www.jumia/accueil.com,271,tablette,,False,0.0
9fdfa9c9-7ca2-4d3b-9d70-69f50073d68a,2026-07-15T00:40:02.949470,CLI00408,www.jumia/panier.com,14,mobile,CMP0010,False,0.0
8264d197-4f6b-42c3-83b9-9d1d85cb0535,2026-08-06T20:59:02.949470,CLI00370,www.jumia/panier.com,50,mobile,,False,0.0
e4fb6da3-f9c9-49a0-a446-7afbdeacc102,2026-08-02T00:10:02.949470,ANON411bf103,www.jumia/panier.com,258,desktop,CMP0005,False,0.0
e03d9f63-6bc0-4c82-a5a3-c4c9440ad3ae,2026-08-30T09:37:02.949470,CLI00194,www.jumia/produit/detail.com,48,desktop,,False,0.0
8fef293c-fb6e-467b-9481-97cecce8b63a,2026-08-03T08:04:02.949470,CLI00080,www.jumia/contact.com,91,mobile,,False,0.0
08be0396-fce5-47ae-8131-145e5bbd4000,2026-08-23T06:59:02.949470,ANON1a778c00,www.jumia/checkout.com,45,mobile,,False,0.0
a9055c64-f37d-4fd5-8cb7-6ac2a0f6e612,2026-08-10T17:43:02.949470,CLI00146,www.jumia/blog.com,28,tablette,CMP0008,False,0.0
0a38d188-0337-4e46-a4bf-8d86443fb03d,2026-08-13T09:36:02.949470,CLI00080,www.jumia/panier.com,372,mobile,CMP0012,False,0.0
35819d7c-f47c-4c98-a6de-240e027bcd70,2026-07-06T11:18:02.949470,CLI00474,www.jumia/blog.com,47,desktop,,False,0.0
2fc0d277-3217-4027-ab57-937b4f5e4b94,2026-08-22T05:56:02.949470,ANON4d613a88,www.jumia/produits.com,202,desktop,CMP0011,False,0.0
898b501c-2a35-4f37-ba1f-5364a4a0491b,2026-08-30T20:30:02.949470,ANON572819df,www.jumia/panier.com,23,desktop,CMP0015,False,0.0
c1c9c869-1779-4f4c-9f20-69e986e7a186,2026-07-22T17:54:02.949470,ANON40a7e57e,www.jumia/confirmation-commande.com,21,tablette,CMP0008,True,213.49
83d2d001-f614-4314-a1f2-190fc4cfc6b8,2026-07-30T08:19:02.949470,CLI00417,www.jumia/confirmation-commande.com,2,tablette,CMP0008,True,194.82
e834ece0-9a86-4779-ace5-f9e30812cec6,2026-07-07T17:14:02.949470,CLI00234,www.jumia/produit/detail.com,94,desktop,,False,0.0
72610473-027a-47d2-8be2-070fd1da912f,2026-07-21T14:09:02.949470,ANON42f08082,www.jumia/accueil.com,41,mobile,,False,0.0
2603e94e-d195-40a8-ae12-848eba713442,2026-08-23T21:13:02.949470,CLI00362,www.jumia/promo.com,179,mobile,,False,0.0
da88645a-0964-4b6f-85bd-f9696ad52552,2026-08-08T01:28:02.949470,CLI00355,www.jumia/checkout.com,57,tablette,CMP0014,False,0.0
1b2c48d7-3d66-4a8a-a2a2-d33b2aadc990,2026-08-17T07:09:02.949470,ANONa216bd74,www.jumia/produits.com,310,mobile,CMP0007,False,0.0
bdcd9dca-1e1a-45c6-b2e2-a980e8fd304f,2026-08-15T13:21:02.949470,ANONb56098cf,www.jumia/checkout.com,18,tablette,,False,0.0
040d97b8-fd7a-47ad-a7ce-185b857215d3,2026-07-31T16:51:02.949470,ANON6d0c8ac2,www.jumia/accueil.com,182,mobile,CMP0003,False,0.0
e12de8bb-439a-467d-a143-b2a0f830cc5c,2026-07-10T16:58:02.949470,CLI00221,www.jumia/produit/detail.com,134,mobile,CMP0011,False,0.0
30338baf-2842-4b6c-83d3-b1a9858abbee,2026-07-29T00:17:02.949470,CLI00486,www.jumia/produits.com,132,desktop,CMP0008,False,0.0
f6c7cd88-b02d-4233-8c31-aa440b6e934b,2026-08-11T00:43:02.949470,CLI00389,www.jumia/panier.com,167,desktop,CMP0012,False,0.0
86bf73f6-1e6d-4351-bcfa-407aca2fd360,2026-09-01T08:00:02.949470,ANONf58fbdc1,www.jumia/produit/detail.com,128,mobile,,False,0.0
41b6bcac-d149-4a26-9d36-62e123b8892a,2026-07-23T20:56:02.949470,CLI00300,www.jumia/panier.com,88,desktop,CMP0002,False,0.0
6957c0e5-3ce4-489a-92ac-e3638a11ec53,2026-08-06T16:20:02.949470,CLI00490,www.jumia/accueil.com,12,tablette,CMP0001,False,0.0
5490d99c-76b5-46d2-ba85-23e9e34a835c,2026-08-11T19:38:02.949470,CLI00309,www.jumia/a-propos.com,2,desktop,CMP0013,False,0.0
9fa3b070-c537-4fb4-8f26-87a8be91f05a,2026-09-03T10:02:02.949470,ANON9b1da85f,www.jumia/confirmation-commande.com,228,desktop,,True,120.67
0545cb39-41e8-4c2e-9331-62908c48db9b,2026-07-26T01:55:02.949470,CLI00030,www.jumia/confirmation-commande.com,86,mobile,,True,263.83
cd66cf8d-8019-4620-ba10-efa07be7a9c3,2026-07-06T09:27:02.949470,ANONac99de8a,www.jumia/produit/detail.com,143,mobile,,False,0.0
ba92452d-8615-4997-b7ad-c6d994f4c6f6,2026-08-12T22:27:02.949470,ANON357df320,www.jumia/panier.com,59,desktop,CMP0012,False,0.0
32498fb1-0fe7-4e40-8306-1a294909dfa4,2026-08-03T14:15:02.949470,CLI00212,www.jumia/panier.com,11,mobile,,False,0.0
d42f7404-40f0-4820-a459-1ca21e364e72,2026-08-15T04:33:02.949470,ANON73a52226,www.jumia/confirmation-commande.com,12,mobile,,True,208.21
a27954c8-f762-4afc-8b39-92df2ac7473e,2026-08-13T09:57:02.949470,ANON38ec8952,www.jumia/confirmation-commande.com,104,desktop,,True,136.96
4d6bb948-f5f6-4845-bc06-d214d2cdeb84,2026-08-17T17:29:02.949470,CLI00100,www.jumia/produit/detail.com,50,tablette,CMP0007,False,0.0
6cb01e25-8a22-4aec-b6ad-034922d164f3,2026-08-31T13:22:02.949470,CLI00066,www.jumia/contact.com,20,mobile,,False,0.0
3177024f-9b3a-4adc-9423-0c7792596018,2026-07-25T16:07:02.949470,CLI00459,www.jumia/contact.com,60,mobile,,False,0.0
1ed44406-b1ee-436a-91c1-2f63d62084d7,2026-08-05T16:06:02.949470,CLI00484,www.jumia/produits.com,5,mobile,CMP0004,False,0.0
2b2824a6-722f-414c-b918-bc7b8128e0f7,2026-08-02T16:33:02.949470,CLI00197,www.jumia/checkout.com,78,desktop,CMP0015,True,88.42
3bcbf739-7b32-479c-8c85-00d6c5912b49,2026-09-04T15:39:02.949470,ANON2856e6ad,www.jumia/contact.com,28,mobile,,False,0.0
374738de-285b-42c9-aa9f-45827c42d8fe,2026-08-25T16:53:02.949470,ANONfb494ff1,www.jumia/promo.com,143,mobile,,False,0.0
d713abcc-9008-443c-bcd5-f8a872348055,2026-08-16T04:56:02.949470,ANON0e2cb95d,www.jumia/blog.com,33,tablette,,False,0.0
020fa2b7-540b-4505-ba80-15bca79d2a6c,2026-08-16T12:26:02.949470,CLI00060,www.jumia/checkout.com,54,tablette,CMP0004,True,40.4
face0fc4-eb58-4f5b-8ab5-7a82a95de441,2026-08-12T01:19:02.949470,ANON238b49bc,www.jumia/produit/detail.com,1,desktop,,False,0.0
cac0506c-2b3b-4ffd-a3c1-5c9ec2688247,2026-07-30T13:19:02.949470,ANON539211f7,www.jumia/panier.com,6,desktop,CMP0001,False,0.0
536a99d9-ecd2-4eac-a36c-402d2b4b3237,2026-08-02T05:21:02.949470,ANON667c0bab,www.jumia/produit/detail.com,44,tablette,CMP0011,False,0.0
3cdc33b8-d0fa-4bb8-a059-7a80289b9c2e,2026-08-17T14:09:02.949470,CLI00437,www.jumia/contact.com,58,desktop,CMP0007,False,0.0
69c92016-dc14-43f4-9de3-0e54e61f7102,2026-07-15T04:25:02.949470,CLI00308,www.jumia/checkout.com,82,tablette,CMP0011,True,204.62
df2665f1-d865-4d3e-bebd-efda06671194,2026-07-08T13:52:02.949470,CLI00435,www.jumia/promo.com,31,desktop,CMP0012,False,0.0
5b9ac73f-82e9-42e6-bbe0-c4ddb0a7009e,2026-08-15T01:03:02.949470,CLI00415,www.jumia/confirmation-commande.com,106,tablette,CMP0007,True,58.52
7c4c9da9-3098-4536-bb73-c29b47d61bfa,2026-07-19T18:31:02.949470,ANON02366a95,www.jumia/accueil.com,177,mobile,,False,0.0
9b87ee38-4d54-4af5-adb8-e512f5000561,2026-08-29T10:18:02.949470,ANONf4dabb01,www.jumia/produit/detail.com,136,mobile,CMP0014,False,0.0
05c2eba2-4412-45f9-bb4b-055caeb607bf,2026-08-10T06:53:02.949470,ANON6f371dac,www.jumia/blog.com,3,desktop,CMP0008,False,0.0
78c7c0a2-a3c9-4b3f-b71f-0c17bdbe3793,2026-07-10T11:18:02.949470,ANONefbbc94f,www.jumia/a-propos.com,58,desktop,CMP0012,False,0.0
292f9d19-7f58-4f74-a753-c194e519ca94,2026-07-11T22:52:02.949470,ANON44243822,www.jumia/accueil.com,9,tablette,,False,0.0
cf8caabd-2d86-4e44-b65d-2faac02d9643,2026-07-25T09:13:02.949470,CLI00248,www.jumia/checkout.com,24,mobile,CMP0003,False,0.0
df549605-3c0a-4f2b-8d96-904ce3343476,2026-07-19T17:44:02.949470,CLI00372,www.jumia/promo.com,388,mobile,,False,0.0
4083eab5-688e-4ff6-8fbf-17613d01af5a,2026-08-17T22:56:02.949470,CLI00431,www.jumia/produit/detail.com,13,mobile,,False,0.0
97567f12-c6d6-4cbb-9eed-fc552524da1e,2026-07-12T06:02:02.949470,CLI00264,www.jumia/confirmation-commande.com,62,mobile,CMP0001,True,184.12
0ced4913-2ee1-4d3b-8fc5-807871893d25,2026-08-15T17:57:02.949470,CLI00251,www.jumia/checkout.com,86,mobile,CMP0002,False,0.0
e58f16b0-e1ca-4092-acfc-477dd178f060,2026-08-16T17:56:02.949470,ANON7f08f782,www.jumia/produits.com,109,desktop,,False,0.0
b4e35c73-0987-4bfc-ac9c-35066b77410f,2026-08-30T14:56:02.949470,CLI00006,www.jumia/produits.com,73,mobile,CMP0011,False,0.0
3786ad72-a42f-429a-9f53-c0a553d13d00,2026-07-10T22:03:02.949470,ANON4b8f075a,www.jumia/panier.com,1,mobile,,False,0.0
a81e9648-e457-4c64-b476-ef492de72609,2026-08-12T13:08:02.949470,ANONcdb40358,www.jumia/promo.com,35,mobile,CMP0012,False,0.0
4301fc7c-16b2-4a3a-9d28-98506a7e2284,2026-07-30T10:13:02.949470,CLI00065,www.jumia/produits.com,65,desktop,,False,0.0
1bbcf1df-760d-4135-91f0-7726d47c07e9,2026-07-10T17:30:02.949470,CLI00208,www.jumia/accueil.com,8,desktop,,False,0.0
f179c696-cdb7-4cc6-b155-213296bae371,2026-08-10T12:22:02.949470,CLI00266,www.jumia/promo.com,38,tablette,,False,0.0
d25688bd-46c8-4dc1-bb80-c2a822c8fe72,2026-08-20T14:39:02.949470,CLI00338,www.jumia/produits.com,3,mobile,,False,0.0
0b99cbae-39ad-434b-8933-08085e706601,2026-08-30T14:16:02.949470,CLI00161,www.jumia/produits.com,7,mobile,CMP0009,False,0.0
073f6c42-8496-45ee-92fe-cd64bddb572c,2026-07-14T12:45:02.949470,CLI00132,www.jumia/accueil.com,45,mobile,,False,0.0
07aadb10-0561-48f0-b972-c5767dfe4799,2026-07-13T10:51:02.949470,CLI00484,www.jumia/accueil.com,12,mobile,CMP0009,False,0.0
5c779457-6cc0-401d-9061-327047c389ba,2026-07-24T20:05:02.949470,CLI00274,www.jumia/contact.com,75,mobile,,False,0.0
fb5910c5-68fc-4a97-870c-5ddd35796f0f,2026-08-11T10:16:02.949470,ANON7f1767fa,www.jumia/confirmation-commande.com,105,tablette,CMP0015,True,187.76
6038cf5a-b6a5-4197-bb07-422b9898afb4,2026-07-19T16:38:02.949470,CLI00019,www.jumia/panier.com,145,mobile,,False,0.0
b5a132d7-59b6-4f1c-8d55-28798857ca53,2026-07-25T00:40:02.949470,CLI00184,www.jumia/checkout.com,20,mobile,,True,192.36
7603d2ec-6b42-4c56-a629-a83fd7a4fb49,2026-08-10T02:48:02.949470,CLI00234,www.jumia/produits.com,16,desktop,CMP0015,False,0.0
208a8ef5-c76e-4512-b8dc-b238e5b14a13,2026-08-18T08:16:02.949470,CLI00376,www.jumia/checkout.com,9,tablette,CMP0004,False,0.0
aa514dc1-f3ff-4f7a-898a-75cdada9e770,2026-08-16T01:17:02.949470,ANON52549941,www.jumia/a-propos.com,91,tablette,CMP0011,False,0.0
24b29ad0-9578-43a0-b809-21c80cfdb136,2026-07-16T08:24:02.949470,CLI00014,www.jumia/promo.com,110,mobile,CMP0013,False,0.0
8b45c377-1e87-41c0-b0c9-003c2ea7c9b8,2026-07-10T02:39:02.949470,CLI00034,www.jumia/confirmation-commande.com,2,desktop,CMP0011,True,197.45
80fe1ad4-432a-47b4-accc-795bfe4b4c1d,2026-09-02T05:21:02.949470,ANON0c070e4a,www.jumia/checkout.com,247,mobile,CMP0014,True,122.49
51f73ce2-c7b2-4190-aa88-9af19e52e04f,2026-07-29T22:22:02.949470,CLI00373,www.jumia/checkout.com,4,desktop,,False,0.0
3c75e483-e50c-4539-9371-136674b8859c,2026-07-12T10:54:02.949470,ANON6eeed1ac,www.jumia/a-propos.com,70,desktop,,False,0.0
99c2452e-f6c8-4279-b7f3-352722c0e2cd,2026-08-12T22:29:02.949470,ANONa5eb06a2,www.jumia/blog.com,111,mobile,CMP0006,False,0.0
79db3cb2-df23-4deb-ae73-66d5246da9b4,2026-07-28T18:15:02.949470,CLI00305,www.jumia/blog.com,184,desktop,,False,0.0
b9005489-a066-4292-8f4f-ceebc9cdc92b,2026-08-11T22:48:02.949470,ANON7d779954,www.jumia/produit/detail.com,112,mobile,CMP0009,False,0.0
e31cc19c-016e-4e2d-8502-9079a2b48153,2026-07-30T13:19:02.949470,ANON3ecab049,www.jumia/confirmation-commande.com,145,mobile,CMP0015,True,216.64
39810071-75d1-4ceb-8e67-3e5a5a22de5f,2026-08-18T13:58:02.949470,CLI00182,www.jumia/contact.com,37,tablette,,False,0.0
761487ea-6d9a-49a8-8771-9ec87987d447,2026-07-24T02:59:02.949470,ANON11fbbaf6,www.jumia/panier.com,151,desktop,CMP0012,False,0.0
cf1a9657-95e7-4ed0-982a-f38675147330,2026-08-14T20:51:02.949470,ANON2ced756f,www.jumia/produits.com,7,mobile,CMP0006,False,0.0
f1662cb3-68c2-411c-8491-194bdd0bc0f0,2026-08-21T01:37:02.949470,CLI00147,www.jumia/a-propos.com,202,desktop,CMP0001,False,0.0
599c9ef5-0716-4e35-8ece-0dc291485dbd,2026-08-25T18:59:02.949470,ANONb2ee1cf0,www.jumia/produit/detail.com,71,desktop,,False,0.0
003dc9aa-e4c7-4887-ae33-4db71c5a4fdd,2026-08-06T11:15:02.949470,ANON1814a06a,www.jumia/produits.com,152,desktop,,False,0.0
0a2b915a-ee84-494a-b1dc-431d6f6ceaf9,2026-07-06T13:44:02.949470,ANON9efb8ea4,www.jumia/blog.com,54,tablette,,False,0.0
29237f4c-f894-40e3-af3e-528215bb9f1e,2026-08-09T17:54:02.949470,ANONcd5c8f74,www.jumia/a-propos.com,92,tablette,CMP0012,False,0.0
9147b4fe-ff03-4bec-b094-9d93d26f3ab4,2026-08-12T20:10:02.949470,ANON71dcbd56,www.jumia/a-propos.com,67,mobile,CMP0003,False,0.0
399cd5c5-bc6d-4b0d-aa42-6da836d0f422,2026-07-16T20:55:02.949470,CLI00488,www.jumia/accueil.com,118,desktop,,False,0.0
62978797-9b87-471f-8601-f6e35bbb9ecf,2026-08-06T06:42:02.949470,CLI00348,www.jumia/panier.com,7,tablette,CMP0002,False,0.0
2040a016-bd19-4e4a-a39e-df5bc8c3697c,2026-08-28T21:50:02.949470,CLI00002,www.jumia/promo.com,5,desktop,CMP0005,False,0.0
282770b2-5201-4399-9df0-60d9bcf083b4,2026-07-19T04:31:02.949470,ANONe144cc3c,www.jumia/accueil.com,25,desktop,,False,0.0
2792f74e-5c84-4e67-9085-c3db66f96b7a,2026-09-01T14:26:02.949470,CLI00236,www.jumia/confirmation-commande.com,15,mobile,CMP0006,True,100.03
d7197ca5-a0b6-4ec6-b5f7-5947801096cc,2026-07-06T06:28:02.949470,CLI00005,www.jumia/produits.com,184,desktop,,False,0.0
70b21521-d3f2-46e0-b630-888ffe49b861,2026-08-06T00:37:02.949470,CLI00064,www.jumia/contact.com,22,mobile,CMP0015,False,0.0
b427059d-660a-4a5b-a9c8-3c06145e64ba,2026-07-15T15:48:02.949470,CLI00187,www.jumia/blog.com,335,mobile,CMP0007,False,0.0
78fdfc32-de43-41f1-8d5d-c143b144ddfa,2026-08-09T02:38:02.949470,ANONfe86f71a,www.jumia/contact.com,36,mobile,,False,0.0
eeae74c5-9d0a-4605-8e30-d2e610838f02,2026-07-14T06:19:02.949470,ANON7c617fa6,www.jumia/panier.com,18,mobile,CMP0006,False,0.0
a80fba3e-341d-45f5-8dc5-afcf6e7bba32,2026-07-18T03:34:02.949470,ANON737e0cc4,www.jumia/accueil.com,140,mobile,CMP0007,False,0.0
7a0afa21-a906-4b8f-86a2-48a79ec05bba,2026-08-17T01:02:02.949470,ANON195d4223,www.jumia/produits.com,96,desktop,,False,0.0
d27dc77a-0415-4915-8ba6-63bde74989ee,2026-08-06T12:03:02.949470,ANON41c5f995,www.jumia/confirmation-commande.com,62,desktop,,True,229.06
ec0af1cf-8bb9-40fa-9b50-70ed00dbe292,2026-08-07T18:31:02.949470,ANON316e2388,www.jumia/produit/detail.com,72,mobile,,False,0.0
b7e39065-7ee4-40f5-b4e1-156ff6e1fc28,2026-07-11T18:40:02.949470,CLI00351,www.jumia/panier.com,114,mobile,CMP0009,False,0.0
ef668955-10b0-4ab3-b740-f9222d3126f6,2026-08-18T04:59:02.949470,ANON42d85261,www.jumia/blog.com,23,desktop,,False,0.0
21aca348-56e7-41d8-9778-fce856178fb0,2026-07-24T04:03:02.949470,CLI00079,www.jumia/a-propos.com,504,mobile,CMP0007,False,0.0
f00ca00e-5a81-469d-b7c8-f4b716c87e21,2026-07-21T03:21:02.949470,ANONa42a6602,www.jumia/panier.com,331,tablette,CMP0005,False,0.0
2ad3400e-5a3c-4fcb-87ab-e3e60ac86a97,2026-08-27T07:44:02.949470,ANONa1a9334d,www.jumia/a-propos.com,94,tablette,CMP0013,False,0.0
b410d135-635e-489e-a156-74e17cd39339,2026-07-17T01:26:02.949470,CLI00062,www.jumia/produit/detail.com,20,desktop,CMP0011,False,0.0
513d8c7b-b484-471e-8378-188cfd89642b,2026-07-08T02:44:02.949470,CLI00316,www.jumia/panier.com,102,mobile,,False,0.0
a7d0bb05-f330-4046-9825-9274b5f0dcd8,2026-08-29T19:56:02.949470,ANONbbf9e062,www.jumia/panier.com,6,mobile,CMP0005,False,0.0
08e4a3d5-12b0-428d-8d57-7829433309b7,2026-07-27T08:02:02.949470,ANON61cf5983,www.jumia/checkout.com,2,desktop,CMP0007,True,118.62
40438fec-6a64-4406-9bfb-8a2cfe2b3eeb,2026-08-20T07:47:02.949470,CLI00001,www.jumia/accueil.com,26,tablette,CMP0001,False,0.0
49647ea9-d152-4efe-a9fd-7634849e63a4,2026-08-22T04:45:02.949470,ANON3d9327be,www.jumia/produits.com,55,desktop,CMP0005,False,0.0
eff0d21c-de00-4a9b-aebb-0224dc62acbb,2026-07-17T03:03:02.949470,CLI00343,www.jumia/accueil.com,182,tablette,CMP0005,False,0.0
cbc31d25-2259-44da-a614-3a834d18d352,2026-08-09T22:53:02.949470,CLI00399,www.jumia/promo.com,116,tablette,CMP0013,False,0.0
47e5e270-68f5-4583-8a73-3e8356eba127,2026-08-13T05:47:02.949470,CLI00197,www.jumia/produits.com,122,mobile,,False,0.0
399dd567-dde0-4dc0-bea2-9d4f6d1f2bfb,2026-07-14T15:19:02.949470,CLI00496,www.jumia/panier.com,49,mobile,,False,0.0
3280f228-6b16-4e63-a663-5a616d5fd449,2026-08-20T09:31:02.949470,ANON9ec79585,www.jumia/checkout.com,38,mobile,CMP0009,False,0.0
b86cb9e6-3f94-49a8-b335-7100fa764262,2026-08-09T17:41:02.949470,CLI00365,www.jumia/checkout.com,41,tablette,CMP0004,False,0.0
a106c98d-4fc6-49f4-9be9-f9b0963c5158,2026-07-28T06:00:02.949470,CLI00224,www.jumia/produits.com,395,desktop,,False,0.0
7d686011-21cd-4d2c-812f-2ecc0657d9ee,2026-08-01T11:31:02.949470,ANON7831c38e,www.jumia/produit/detail.com,3,tablette,,False,0.0
fe3a367b-965e-4b45-9f18-d13681a6e281,2026-07-23T16:40:02.949470,CLI00498,www.jumia/panier.com,181,tablette,CMP0010,False,0.0
cbe09483-7dbb-4c0b-accc-4153a901a544,2026-08-27T07:03:02.949470,ANON037eba27,www.jumia/produits.com,77,mobile,,False,0.0
a034c17f-8a93-447a-83f6-7d5ec0ce76c8,2026-08-03T10:56:02.949470,CLI00140,www.jumia/panier.com,51,mobile,CMP0007,False,0.0
7f53ae2d-007f-4cc2-9e13-be226a8f660c,2026-07-06T00:08:02.949470,CLI00476,www.jumia/a-propos.com,116,desktop,CMP0012,False,0.0
862f1e42-e374-429b-b801-49975cce7673,2026-08-07T17:18:02.949470,ANON84cf58ea,www.jumia/checkout.com,60,tablette,CMP0005,False,0.0
5c112e5e-e819-4d44-afff-f02f73c254b8,2026-07-12T23:46:02.949470,CLI00328,www.jumia/produit/detail.com,186,desktop,CMP0004,False,0.0
26d5ada2-2c80-4ebf-ad33-e65c683d7390,2026-09-02T22:49:02.949470,CLI00128,www.jumia/panier.com,207,tablette,,False,0.0
ba2003c3-5292-44f6-b9e7-a149bc9871ae,2026-07-12T19:13:02.949470,ANON7145b897,www.jumia/confirmation-commande.com,49,tablette,CMP0010,True,38.73
afee1af8-c6f7-49cf-8ef7-5ebb7ee28d26,2026-08-31T11:48:02.949470,CLI00314,www.jumia/checkout.com,29,mobile,,False,0.0
668f01d2-c3f8-40c8-9a7b-56e96ad53959,2026-08-14T19:24:02.949470,ANON16905206,www.jumia/produit/detail.com,80,desktop,CMP0012,False,0.0
27724013-caa1-4a00-8db4-12e42c3b980b,2026-07-07T12:14:02.949470,ANON6bf80de4,www.jumia/promo.com,219,mobile,,False,0.0
ad1327e2-9af0-437a-bc0a-3a88eaf9b94f,2026-08-21T18:16:02.949470,CLI00321,www.jumia/promo.com,21,tablette,CMP0011,False,0.0
2cda5a39-aa18-4690-aac2-e506341657e6,2026-07-19T08:46:02.949470,ANON25fb7633,www.jumia/blog.com,87,mobile,CMP0004,False,0.0
a4820c98-174d-41fb-8d33-33ad88f48599,2026-08-03T02:18:02.949470,CLI00462,www.jumia/contact.com,89,mobile,,False,0.0
b4643496-2d86-41b2-97d9-ee9cc012d0b5,2026-08-06T00:01:02.949470,CLI00292,www.jumia/contact.com,118,tablette,CMP0014,False,0.0
58e5ecce-4647-41e3-ae18-690b98e24079,2026-07-17T14:50:02.949470,ANONb2795bf1,www.jumia/blog.com,12,tablette,CMP0003,False,0.0
e172047d-91ed-4ca9-8404-a2c2326bf9e4,2026-08-13T00:36:02.949470,CLI00466,www.jumia/blog.com,113,mobile,CMP0007,False,0.0
93b43091-b99c-4449-8fc5-7c6859ee3dda,2026-08-21T10:40:02.949470,ANONb39e5b1a,www.jumia/promo.com,215,mobile,,False,0.0
e2638bb9-5756-440a-bcb4-9c499ff72449,2026-07-30T06:33:02.949470,ANON10ba95ad,www.jumia/accueil.com,17,mobile,CMP0001,False,0.0
5edb5ba9-1168-4acf-b463-dae6b1879143,2026-07-20T20:49:02.949470,ANONe6d16b95,www.jumia/accueil.com,24,mobile,CMP0011,False,0.0
5a466c84-2da3-4ec8-a44b-0e232def7ee4,2026-08-09T18:24:02.949470,CLI00072,www.jumia/contact.com,319,tablette,CMP0012,False,0.0
2b55c2c2-5fa7-4dd3-9363-c1c2439cf2df,2026-09-01T09:24:02.949470,CLI00125,www.jumia/accueil.com,17,tablette,CMP0006,False,0.0
45cb4e1e-e69c-4982-b527-1479e7a8e030,2026-08-19T03:12:02.949470,ANONaf9cbc7d,www.jumia/produits.com,173,tablette,CMP0001,False,0.0
28cb499e-2521-46dc-b9b8-f53a43405741,2026-07-23T22:04:02.949470,CLI00001,www.jumia/panier.com,61,mobile,,False,0.0
339e2d8f-a213-47c9-9918-19f8e0374b42,2026-07-20T07:56:02.949470,CLI00472,www.jumia/blog.com,25,tablette,CMP0011,False,0.0
a4017993-10f7-42bb-8f33-c0e4f4f803e6,2026-08-31T17:24:02.949470,CLI00057,www.jumia/panier.com,184,mobile,,False,0.0
b78192d4-a20b-4ae1-9a0a-e1498281877e,2026-07-24T05:36:02.949470,CLI00473,www.jumia/produits.com,53,mobile,,False,0.0
0923c51c-2655-462a-b956-6d562224828b,2026-08-12T22:43:02.949470,ANON2e5b5f3a,www.jumia/blog.com,65,mobile,CMP0006,False,0.0
6853ac20-8538-466d-8de8-ae20d8f9ef0c,2026-09-01T16:15:02.949470,CLI00449,www.jumia/produits.com,40,desktop,CMP0014,False,0.0
c29ad41e-501a-4fc9-8368-fa1863c4af26,2026-09-02T10:14:02.949470,ANON92e74925,www.jumia/produits.com,80,mobile,CMP0005,False,0.0
e252bb01-816f-46e1-b6e7-9b133e3a3a74,2026-08-29T23:21:02.949470,CLI00200,www.jumia/contact.com,16,tablette,,False,0.0
18feb6a3-6e78-4394-b321-633670906846,2026-08-25T10:24:02.949470,CLI00373,www.jumia/checkout.com,44,mobile,CMP0010,True,107.07
79c10c6a-b0a0-4372-aacf-c432850aedb5,2026-07-17T06:54:02.949470,CLI00499,www.jumia/blog.com,313,tablette,CMP0007,False,0.0
1ae4b569-53d8-4ee3-81cc-02034e48df08,2026-08-25T14:53:02.949470,ANON1974518b,www.jumia/blog.com,26,desktop,CMP0011,False,0.0
00e4bed2-b0c8-4295-91f5-7efcbec902f7,2026-08-10T10:06:02.949470,CLI00118,www.jumia/blog.com,96,mobile,CMP0009,False,0.0
a66ca6e0-4a07-45fb-b015-44067c6ea81c,2026-08-12T16:58:02.949470,ANONe9827eb9,www.jumia/panier.com,35,tablette,CMP0013,False,0.0
e71a5fe8-a01c-46f4-80db-99a52880d427,2026-07-11T01:55:02.949470,CLI00286,www.jumia/contact.com,133,mobile,CMP0014,False,0.0
a86ce8e5-a9e3-4f70-a0d2-86eecee24982,2026-09-01T21:35:02.949470,CLI00435,www.jumia/produit/detail.com,12,desktop,,False,0.0
634346bb-3a1b-496b-ab11-cab16fe3e301,2026-08-03T23:25:02.949470,ANONa72d9cbd,www.jumia/blog.com,315,mobile,,False,0.0
1d5cda68-b617-4658-a441-866182d9be72,2026-07-19T01:35:02.949470,CLI00357,www.jumia/produit/detail.com,54,desktop,,False,0.0
025fc364-a654-4f53-94e6-c5b84714bec5,2026-08-20T19:16:02.949470,CLI00360,www.jumia/produits.com,24,tablette,,False,0.0
164fdfd8-ecb8-4af3-97dd-544f16f7cbdd,2026-08-11T21:02:02.949470,ANON660f23fc,www.jumia/accueil.com,6,mobile,,False,0.0
5e2426f7-9391-405a-9d9e-4276ff0e689b,2026-07-28T22:37:02.949470,ANON138cb71c,www.jumia/blog.com,16,mobile,CMP0001,False,0.0
bd9adde9-d57f-4e5c-b8d8-234c52d596d8,2026-08-23T00:02:02.949470,ANONd1172811,www.jumia/checkout.com,66,tablette,,False,0.0
89ed6d32-2b73-48f2-9d35-6836b57f88f4,2026-07-27T09:22:02.949470,CLI00057,www.jumia/produit/detail.com,36,mobile,,False,0.0
b4f5a0a8-d0cd-440a-804d-ff4e4389400b,2026-08-31T14:34:02.949470,CLI00083,www.jumia/accueil.com,158,desktop,,False,0.0
6b72a41e-a17f-42a7-a1d7-16b0aa8b6251,2026-08-28T08:15:02.949470,CLI00365,www.jumia/checkout.com,50,tablette,,False,0.0
04e35735-d1d0-44c8-b863-327880022094,2026-07-25T16:46:02.949470,CLI00048,www.jumia/a-propos.com,25,desktop,CMP0003,False,0.0
28688c87-2da0-45d4-9e27-4a8172ce0ef7,2026-09-03T23:19:02.949470,CLI00201,www.jumia/produit/detail.com,86,tablette,CMP0010,False,0.0
60d579a5-fed1-4ca9-a8f0-cde5f75d8256,2026-08-10T14:25:02.949470,CLI00161,www.jumia/blog.com,110,desktop,CMP0012,False,0.0
7e3672e3-ed24-4d32-a342-051f67147454,2026-07-15T20:23:02.949470,CLI00056,www.jumia/produits.com,16,mobile,CMP0007,False,0.0
e4d52807-d470-4e09-aea0-32d43c7adc9a,2026-07-29T14:21:02.949470,CLI00145,www.jumia/produit/detail.com,16,tablette,,False,0.0
2a80339c-66be-4dfd-ad16-fd09f11ccfec,2026-07-11T20:45:02.949470,ANON94c781e2,www.jumia/panier.com,3,tablette,CMP0013,False,0.0
05e5451b-185c-4f86-8a8e-13906b852aa8,2026-07-18T15:31:02.949470,CLI00292,www.jumia/promo.com,119,mobile,CMP0005,False,0.0
7c6cabad-0668-4b27-8ba6-215a8aa5ffbd,2026-08-11T09:34:02.949470,ANON10ebc3fb,www.jumia/accueil.com,98,desktop,CMP0002,False,0.0
2edcd09b-bcf3-4eb8-97bc-22a9531f1a04,2026-08-23T03:57:02.949470,ANON0515eaad,www.jumia/confirmation-commande.com,57,tablette,CMP0006,True,292.55
c48c31c3-9fe0-431c-93d1-a8a37cbc9f74,2026-08-17T21:53:02.949470,CLI00258,www.jumia/produit/detail.com,167,mobile,CMP0012,False,0.0
a8362093-c468-4750-9e0e-47751f327a0b,2026-08-12T07:02:02.949470,CLI00083,www.jumia/produit/detail.com,147,tablette,CMP0014,False,0.0
4e467001-2add-4424-8d0a-a1ac59960f6a,2026-08-03T21:28:02.949470,ANON439a7903,www.jumia/panier.com,79,mobile,,False,0.0
8bc58082-7734-4af0-91f5-9b9d9f27abb7,2026-08-26T16:13:02.949470,CLI00494,www.jumia/a-propos.com,182,tablette,CMP0012,False,0.0
a1dd2f11-b3f6-42ba-aec2-2090cca009d5,2026-08-21T14:13:02.949470,CLI00403,www.jumia/produit/detail.com,20,desktop,CMP0013,False,0.0
6092494e-ac01-4900-b45d-c16204193e58,2026-07-24T06:11:02.949470,CLI00457,www.jumia/blog.com,10,mobile,,False,0.0
73ff6dc2-46ea-445a-ada8-f7f5d0780bec,2026-07-19T14:10:02.949470,ANON97583b76,www.jumia/contact.com,28,mobile,CMP0003,False,0.0
cd2c3089-b5b8-4b95-af08-b1869b1ecfbc,2026-08-25T18:41:02.949470,CLI00445,www.jumia/produits.com,5,desktop,,False,0.0
633fd0ed-391d-4c1e-ba6d-0a534daa5cd4,2026-07-12T08:52:02.949470,CLI00144,www.jumia/promo.com,68,desktop,CMP0005,False,0.0
fead0833-3da5-45f0-9b45-b04a9a766e77,2026-07-27T20:36:02.949470,CLI00243,www.jumia/checkout.com,248,desktop,CMP0013,False,0.0
30d91ec8-dba2-4cef-aed9-802672b4d3d1,2026-08-15T22:39:02.949470,CLI00187,www.jumia/checkout.com,3,tablette,,False,0.0
67008541-8627-49e9-a8e9-a9ed69b260a5,2026-09-02T15:40:02.949470,ANONec2fdbda,www.jumia/confirmation-commande.com,11,tablette,CMP0009,True,121.5
d740ae10-efef-4280-a985-f801e4e522dc,2026-08-01T11:00:02.949470,ANON6064672c,www.jumia/accueil.com,54,tablette,CMP0015,False,0.0
7f0c16a2-39cf-4400-8b6b-c5516f47a7f0,2026-08-15T20:19:02.949470,ANONabeb63a0,www.jumia/a-propos.com,244,mobile,,False,0.0
f618ecbc-0425-4d93-a708-4afedd015725,2026-07-14T21:50:02.949470,CLI00038,www.jumia/panier.com,34,desktop,CMP0010,False,0.0
63cf3351-3ae2-4bbb-9695-db2304e804c4,2026-08-30T09:14:02.949470,CLI00274,www.jumia/contact.com,63,mobile,CMP0008,False,0.0
cd3d6ef4-5002-4c65-bae7-a7836917f6f9,2026-07-11T00:18:02.949470,CLI00222,www.jumia/panier.com,3,desktop,CMP0015,False,0.0
4a536a9a-b14e-4c21-9de4-8404635a0a14,2026-07-26T20:52:02.949470,CLI00360,www.jumia/contact.com,14,mobile,CMP0010,False,0.0
f31017a8-4259-4d5a-90e8-9ad7e24b8bf3,2026-07-23T08:34:02.949470,CLI00110,www.jumia/confirmation-commande.com,388,tablette,CMP0008,True,176.94
0cea22ec-6379-4457-8fe8-eb074887e784,2026-08-24T06:35:02.949470,CLI00221,www.jumia/contact.com,302,mobile,,False,0.0
848c2398-a775-4593-8972-1181b996c322,2026-07-09T01:27:02.949470,ANONeb8cc166,www.jumia/checkout.com,1,mobile,CMP0013,True,65.19
8809e404-d168-4584-a03c-eee13e9a5dd6,2026-07-10T02:57:02.949470,ANON127e26b0,www.jumia/blog.com,272,tablette,CMP0014,False,0.0
5f2bec42-3016-4fff-a5bf-a93f56a7cef8,2026-07-19T16:29:02.949470,CLI00459,www.jumia/blog.com,91,desktop,CMP0014,False,0.0
14275fd9-3cbd-44e0-a51d-ab046d6cbe18,2026-08-23T03:42:02.949470,CLI00275,www.jumia/produit/detail.com,182,tablette,CMP0007,False,0.0
146f6d1b-5054-4479-9289-2420bfcade36,2026-08-02T06:30:02.949470,CLI00006,www.jumia/a-propos.com,54,tablette,,False,0.0
c5905eaa-547d-4dba-9adc-cbc40dd238f2,2026-07-17T21:18:02.949470,ANON54580016,www.jumia/confirmation-commande.com,65,tablette,,True,204.26
6beaf395-3ef3-4ac2-927d-82340915f088,2026-08-22T18:18:02.949470,ANON640f096e,www.jumia/produit/detail.com,60,desktop,CMP0003,False,0.0
150aea8a-9198-4b96-8579-ac7e3e9e7ed5,2026-08-30T04:39:02.949470,ANONb4a65092,www.jumia/checkout.com,98,mobile,,False,0.0
72951c56-b438-40db-9f4a-d8fdeb9addb7,2026-08-02T23:12:02.949470,CLI00112,www.jumia/panier.com,13,desktop,CMP0010,False,0.0
512c903d-67d8-47c0-9cdd-db0d7d808ac4,2026-08-19T12:21:02.949470,CLI00108,www.jumia/panier.com,2,tablette,CMP0007,False,0.0
e022916f-9aef-445c-a160-edf6b077e7b1,2026-08-10T18:55:02.949470,CLI00460,www.jumia/checkout.com,33,mobile,,False,0.0
97425b05-e6e1-4955-92fb-ca94cfb81c4b,2026-08-19T10:13:02.949470,CLI00181,www.jumia/confirmation-commande.com,109,desktop,,True,251.03
8d1dface-9b63-465e-b414-98c4da9d618e,2026-08-08T04:39:02.949470,CLI00192,www.jumia/produit/detail.com,20,tablette,,False,0.0
87020d2a-32ea-4caa-b9b7-b15152e5a935,2026-08-13T00:06:02.949470,ANON255ce9e0,www.jumia/blog.com,100,tablette,CMP0005,False,0.0
5b679682-1d71-4d34-bdf8-ffde1bb20eaf,2026-07-24T17:11:02.949470,ANONbe073076,www.jumia/produits.com,315,mobile,,False,0.0
2439d62a-c546-4c05-ae77-348ed1f6489d,2026-08-25T21:37:02.949470,ANONd196758e,www.jumia/blog.com,8,mobile,,False,0.0
9b85cf34-97a2-476a-82ba-59cddd9afe0f,2026-08-06T18:20:02.949470,CLI00325,www.jumia/contact.com,100,tablette,,False,0.0
17fa93a7-2adf-4efd-aec5-937c2137164d,2026-08-11T20:14:02.949470,CLI00398,www.jumia/contact.com,52,tablette,CMP0007,False,0.0
3cb0a1d5-94a7-48ab-a612-019e5a1fcc5a,2026-07-29T21:44:02.949470,ANON3cd68934,www.jumia/confirmation-commande.com,182,desktop,,True,290.77
cc500128-6ef1-405f-bec4-291b111f8b61,2026-08-01T15:17:02.949470,CLI00482,www.jumia/confirmation-commande.com,17,tablette,,True,237.93
751ecc14-2f4f-46a7-b019-37736ec27a49,2026-07-24T03:28:02.949470,CLI00463,www.jumia/blog.com,106,tablette,,False,0.0
3ef00058-616e-4e96-a035-cbe6b6caaa6f,2026-07-20T19:29:02.949470,CLI00014,www.jumia/produit/detail.com,163,desktop,,False,0.0
b9e877d8-5ef8-4c8f-9967-a9fe26832bb3,2026-08-28T11:24:02.949470,CLI00088,www.jumia/promo.com,260,desktop,,False,0.0
b85be008-4c07-4a48-8a81-5a8497525dcb,2026-07-21T11:57:02.949470,CLI00027,www.jumia/promo.com,103,desktop,CMP0011,False,0.0
4d2f7704-4a57-4795-9729-70223589a7c7,2026-07-14T14:56:02.949470,CLI00463,www.jumia/confirmation-commande.com,61,desktop,,True,162.42
68897a16-9878-4286-9a12-84c278467533,2026-07-19T22:17:02.949470,CLI00324,www.jumia/promo.com,86,desktop,,False,0.0
f40515ee-86c4-48b9-aa78-672e63229db1,2026-08-28T15:30:02.949470,CLI00166,www.jumia/panier.com,182,mobile,CMP0009,False,0.0
d560c592-ad27-470f-a2e5-f0a74c876f16,2026-07-10T18:59:02.949470,ANON4d9660cd,www.jumia/accueil.com,76,tablette,CMP0013,False,0.0
49d58817-cfe9-4ce3-b0dc-7263fa530ef9,2026-08-20T12:30:02.949470,ANONd4482f26,www.jumia/accueil.com,2,tablette,,False,0.0
06f9ec09-cde3-4729-8c1f-a57797c7f872,2026-08-20T23:01:02.949470,ANONfa961898,www.jumia/produit/detail.com,240,mobile,,False,0.0
d8e730de-47c2-49ae-93b8-22e7464bac89,2026-08-16T01:51:02.949470,CLI00400,www.jumia/blog.com,105,desktop,CMP0014,False,0.0
477bfbcf-e4a1-42de-b858-b48fb033699c,2026-08-16T19:49:02.949470,ANONa4f1f4f9,www.jumia/promo.com,101,mobile,CMP0003,False,0.0
1b54e7e7-27f4-4bca-9c78-ae90b30c8a32,2026-07-13T09:31:02.949470,CLI00135,www.jumia/produit/detail.com,21,mobile,CMP0002,False,0.0
1b048f37-781c-4b09-a317-f6b37b50c312,2026-07-10T10:26:02.949470,CLI00052,www.jumia/contact.com,96,mobile,CMP0014,False,0.0
ee5e1563-81ad-4181-99fe-1699d3e14469,2026-07-31T21:03:02.949470,CLI00352,www.jumia/blog.com,45,desktop,,False,0.0
957a5faa-0e1b-4e3e-a9e0-67bd218253dd,2026-08-31T05:12:02.949470,ANON743254fd,www.jumia/produit/detail.com,94,desktop,,False,0.0
f2d67e74-b710-44c0-ab30-be642cd9cf5f,2026-07-06T00:14:02.949470,ANON207dc65d,www.jumia/produits.com,10,desktop,CMP0010,False,0.0
61f236ce-954e-498d-a616-ffb65b6e55f5,2026-07-28T10:11:02.949470,CLI00380,www.jumia/checkout.com,96,mobile,CMP0001,False,0.0
4cdddd40-b41a-4793-bf87-eef35904bb55,2026-08-12T19:06:02.949470,ANONb6a3ffa8,www.jumia/panier.com,669,desktop,CMP0009,False,0.0
84c3f076-bfdc-4a46-9783-5ed8058eb539,2026-07-13T00:33:02.949470,CLI00355,www.jumia/produit/detail.com,4,desktop,CMP0004,False,0.0
6a48946c-66dc-4d3f-ad90-cb779d081ea2,2026-07-23T09:44:02.949470,CLI00283,www.jumia/checkout.com,340,desktop,,False,0.0
eff8985a-b8a4-484d-8118-9b2d72aa5496,2026-08-02T10:57:02.949470,CLI00102,www.jumia/checkout.com,47,mobile,,False,0.0
d21ed2eb-7d6c-4f34-b201-84043b1ef7e9,2026-08-12T12:51:02.949470,ANON517db155,www.jumia/contact.com,184,desktop,CMP0004,False,0.0
81739453-d7c8-4e18-8ce2-c3c22531c091,2026-08-31T08:59:02.949470,ANON9bc76177,www.jumia/promo.com,137,mobile,CMP0005,False,0.0
43cc5bc6-ce34-4457-b176-1c25536b7f51,2026-08-13T06:59:02.949470,CLI00324,www.jumia/produits.com,75,desktop,CMP0006,False,0.0
2bdd3215-5de6-472a-9b43-81467b631773,2026-07-15T20:04:02.949470,CLI00424,www.jumia/a-propos.com,120,desktop,CMP0007,False,0.0
53731cee-f329-47ee-9cf3-5eafb6826947,2026-07-30T18:39:02.949470,CLI00096,www.jumia/confirmation-commande.com,189,mobile,CMP0006,True,84.92
95b5c912-7fdb-4d4b-bae0-ab6c92742c4e,2026-08-17T05:55:02.949470,CLI00164,www.jumia/accueil.com,46,tablette,CMP0006,False,0.0
706bc411-4f85-4b40-b225-983deed9ee6f,2026-07-27T01:01:02.949470,ANONd6e84c44,www.jumia/a-propos.com,35,mobile,CMP0006,False,0.0
71213714-5113-47c3-9b24-9e1dffefd6f8,2026-07-30T04:10:02.949470,CLI00143,www.jumia/promo.com,99,tablette,CMP0004,False,0.0
5f3a6230-8667-4053-80be-9aa55de4fa2a,2026-07-10T13:29:02.949470,ANON7297fe55,www.jumia/blog.com,148,desktop,,False,0.0
aeb8dc93-d1e3-4788-9225-10f012b80002,2026-08-27T04:44:02.949470,CLI00024,www.jumia/checkout.com,129,mobile,CMP0013,False,0.0
d41363ef-6461-45a1-a69a-7f89d8fca82f,2026-08-03T00:10:02.949470,CLI00011,www.jumia/checkout.com,143,tablette,CMP0007,True,238.24
2b52851a-2080-411a-a2f1-ca2fe97e19d8,2026-07-06T08:50:02.949470,CLI00274,www.jumia/a-propos.com,51,mobile,CMP0007,False,0.0
360a2d16-5cf4-4ddc-ada5-a7b622c40550,2026-07-27T14:33:02.949470,ANON6355db85,www.jumia/blog.com,153,tablette,CMP0002,False,0.0
a204e0a8-68b5-4448-82c0-e5adc8b61211,2026-07-25T02:52:02.949470,CLI00285,www.jumia/confirmation-commande.com,11,mobile,,True,155.74
03b5fde3-d57b-487d-b67d-21425c8fb753,2026-07-31T04:16:02.949470,CLI00329,www.jumia/produits.com,70,desktop,,False,0.0
6a9b7e0d-97b6-4700-ae57-b6aa1be61647,2026-09-04T13:38:02.949470,ANON56d27c95,www.jumia/produit/detail.com,1,mobile,CMP0001,False,0.0
887f0a88-cbaa-446e-ba93-cbea4fc926d9,2026-07-26T17:18:02.949470,CLI00371,www.jumia/confirmation-commande.com,35,tablette,CMP0003,True,247.6
8f7909ea-34cd-454e-a2fa-2c3845803a2d,2026-07-06T17:27:02.949470,ANONb93036d6,www.jumia/produits.com,41,mobile,CMP0015,False,0.0
2649bc1f-5f1a-4cd8-bd7c-e364ea591667,2026-09-04T03:36:02.949470,ANON3da7002a,www.jumia/blog.com,45,desktop,CMP0012,False,0.0
e780f2c1-5108-45c9-be2a-8c7450d42fe1,2026-08-19T00:31:02.949470,CLI00164,www.jumia/produit/detail.com,107,tablette,CMP0008,False,0.0
bedc45f3-3d28-4fe2-a183-3cd3e8470b89,2026-08-31T08:12:02.949470,CLI00124,www.jumia/promo.com,44,desktop,CMP0002,False,0.0
73444ac4-ff02-4095-aaaf-a932220f1395,2026-08-17T09:49:02.949470,CLI00048,www.jumia/checkout.com,53,tablette,CMP0012,False,0.0
9bdbeb16-8cfd-47b9-809d-ee5b523e2bbb,2026-07-11T06:07:02.949470,CLI00332,www.jumia/panier.com,24,tablette,,False,0.0
16c9ad6d-75f8-4e0b-9537-0b720f19a397,2026-07-09T21:03:02.949470,ANON19da93e4,www.jumia/contact.com,42,desktop,CMP0001,False,0.0
0164f51e-88b5-49e5-9d02-835e47b20d17,2026-07-18T09:38:02.949470,ANON98bed99d,www.jumia/a-propos.com,23,tablette,CMP0014,False,0.0
eb123847-71c9-49bc-ab67-8154772f0d25,2026-08-29T05:20:02.949470,ANONae132d36,www.jumia/produit/detail.com,6,tablette,,False,0.0
35b20a13-3711-4ada-a6b7-0cb857b36ba8,2026-07-11T22:46:02.949470,CLI00232,www.jumia/promo.com,83,tablette,,False,0.0
7be03b54-263f-4e33-92af-546db21a7bd5,2026-07-18T06:44:02.949470,CLI00158,www.jumia/promo.com,99,tablette,CMP0007,False,0.0
0a829b5e-429d-47cb-9106-ad5293330908,2026-07-11T23:01:02.949470,ANON177004a3,www.jumia/panier.com,86,mobile,,False,0.0
69a6de34-70f1-4085-9ed6-49fca62b6430,2026-09-01T08:43:02.949470,ANONceecfbf9,www.jumia/contact.com,56,desktop,CMP0008,False,0.0
7699d869-8cdc-4ee8-acfa-d60af2adfcf5,2026-07-21T22:31:02.949470,CLI00078,www.jumia/blog.com,42,tablette,CMP0006,False,0.0
74e380b3-a794-41d1-aaab-3b063f84aa31,2026-08-02T10:53:02.949470,CLI00026,www.jumia/blog.com,179,tablette,CMP0005,False,0.0
c66c2322-c6b3-4e67-8317-d03279d7ea62,2026-09-03T07:44:02.949470,CLI00142,www.jumia/a-propos.com,65,tablette,CMP0007,False,0.0
e4957aff-9ecc-4065-80b9-f473b2910569,2026-08-06T10:59:02.949470,ANON4cd8df1b,www.jumia/produits.com,58,mobile,CMP0001,False,0.0
f22f7f40-d4ab-4ed3-90fc-16c3c1f09d04,2026-07-12T20:29:02.949470,CLI00273,www.jumia/produits.com,2,desktop,CMP0005,False,0.0
178a87db-f089-4df0-88e2-aa4d890bda8f,2026-07-20T14:16:02.949470,CLI00052,www.jumia/panier.com,37,tablette,,False,0.0
12e71edf-eaa1-4802-b08c-df166f4278bf,2026-08-27T16:49:02.949470,ANON21bccfa9,www.jumia/confirmation-commande.com,43,tablette,CMP0003,True,196.52
a4cb533e-7925-4192-8971-1d1e1267e086,2026-08-13T04:18:02.949470,CLI00359,www.jumia/promo.com,45,desktop,CMP0003,False,0.0
5d282a08-1456-451b-a76b-e45ccc2dcd5c,2026-08-22T04:26:02.949470,CLI00162,www.jumia/produits.com,78,mobile,,False,0.0
c0f15278-b3aa-4289-b1e3-9c3a3b8118a3,2026-07-17T05:29:02.949470,ANON49a68da3,www.jumia/blog.com,68,desktop,CMP0001,False,0.0
baf183ad-9305-4787-85eb-64b28c2edf65,2026-07-06T23:48:02.949470,CLI00390,www.jumia/accueil.com,84,tablette,,False,0.0
121fde7a-57a6-4622-8a6f-41fc8f38b0c8,2026-07-28T10:09:02.949470,CLI00057,www.jumia/accueil.com,130,mobile,CMP0014,False,0.0
1cf91681-ae62-49a2-95af-0eaacd1d712a,2026-08-11T15:50:02.949470,CLI00086,www.jumia/produit/detail.com,150,mobile,,False,0.0
21acd5c8-64b9-43c1-8e62-d72d8448a8d9,2026-07-12T04:23:02.949470,CLI00377,www.jumia/confirmation-commande.com,113,desktop,,True,297.09
e572e21a-0fc7-490a-8545-ba81380a8276,2026-08-17T09:48:02.949470,ANONd4364847,www.jumia/checkout.com,280,tablette,CMP0001,False,0.0
7922ae95-77ed-4a9e-8c09-8ddbecadf082,2026-08-24T16:26:02.949470,ANONd4d22264,www.jumia/contact.com,1,mobile,,False,0.0
806236d3-4fec-4073-b169-536e96bfa71c,2026-07-23T16:05:02.949470,CLI00211,www.jumia/panier.com,19,tablette,,False,0.0
16a372d0-5b6c-4f49-bdb9-efbb60d25550,2026-07-15T06:03:02.949470,ANON20fb958f,www.jumia/blog.com,1,desktop,CMP0010,False,0.0
a87d78f1-ea75-429a-a27d-2b2ac77b5fc0,2026-07-19T17:37:02.949470,ANON9924bce6,www.jumia/checkout.com,93,tablette,CMP0007,False,0.0
0d9d86e0-d23d-45d3-b68a-3533adbac6c3,2026-08-09T09:28:02.949470,ANON46d73c49,www.jumia/confirmation-commande.com,205,desktop,CMP0005,True,268.08
dd10c4bb-c8c3-4cbf-bbc6-8efc19feffb6,2026-08-12T07:49:02.949470,ANON1a5f643b,www.jumia/confirmation-commande.com,25,mobile,CMP0001,True,252.74
676bac8a-c52d-4a35-aebe-ecce1b2c9f03,2026-08-02T09:08:02.949470,ANONe6e68341,www.jumia/checkout.com,235,tablette,,True,17.38
95878f82-efc8-4c7e-8411-5b71b1acd0da,2026-07-15T09:15:02.949470,ANON2045e45d,www.jumia/produit/detail.com,5,desktop,CMP0005,False,0.0
2276b710-4841-453d-a55d-95ee91bde771,2026-08-06T03:36:02.949470,CLI00021,www.jumia/panier.com,245,desktop,,False,0.0
98782513-131b-46df-a324-3c2cb43103e6,2026-08-27T12:39:02.949470,CLI00181,www.jumia/accueil.com,38,mobile,CMP0005,False,0.0
f9c3ad3b-1e6b-48ad-9cda-28cfebfcfcf0,2026-07-21T22:54:02.949470,ANON50c631b5,www.jumia/a-propos.com,9,tablette,,False,0.0
41268d87-abaa-4312-a9ab-5e62bd185095,2026-08-24T11:41:02.949470,ANON94ed797d,www.jumia/produit/detail.com,59,tablette,,False,0.0
9aaf7aa4-47fc-4c08-a83d-b4fb94dd463f,2026-07-18T08:09:02.949470,CLI00017,www.jumia/contact.com,26,desktop,,False,0.0
29c4a405-93b6-4c49-89ae-5c83fcee35f7,2026-07-21T16:12:02.949470,ANON27bf7407,www.jumia/produits.com,30,desktop,CMP0007,False,0.0
057e62d8-e485-4de1-a235-ed07a2ac1d82,2026-09-02T04:10:02.949470,CLI00449,www.jumia/confirmation-commande.com,33,mobile,CMP0010,True,244.25
cd3ea2c7-41a3-47bc-8baf-c8c927579be0,2026-08-18T00:48:02.949470,CLI00157,www.jumia/produits.com,146,desktop,CMP0009,False,0.0
5a4fbfe2-8966-472d-801a-df38629c3b94,2026-08-11T15:01:02.949470,ANON0bd2edb6,www.jumia/blog.com,69,mobile,CMP0007,False,0.0
280cd71b-25b1-4e85-ba5f-d6256f7fdce2,2026-07-14T11:00:02.949470,CLI00351,www.jumia/confirmation-commande.com,33,desktop,,True,148.49
d48d347c-988b-41de-810d-2299b5ec476e,2026-08-04T07:58:02.949470,ANON827ddac0,www.jumia/blog.com,84,mobile,CMP0015,False,0.0
81cb308f-3ed5-4cc4-bad6-fd7b04280bf9,2026-08-22T23:11:02.949470,ANON9d6a88c3,www.jumia/promo.com,113,tablette,,False,0.0
2af08822-9d4d-40f6-9dd6-8a9cdb241508,2026-07-28T23:11:02.949470,ANON31c93f02,www.jumia/accueil.com,28,desktop,CMP0010,False,0.0
51bcd919-a30a-4383-94ab-c0b1d0fcccd7,2026-07-14T07:14:02.949470,ANONc02ea30a,www.jumia/a-propos.com,48,desktop,CMP0013,False,0.0
55fa97f7-e893-4a2e-9154-6901565c7edc,2026-08-27T19:37:02.949470,ANON215f6970,www.jumia/produits.com,11,desktop,CMP0014,False,0.0
0a28dfa0-608d-428b-9178-8197da7a5b6a,2026-08-12T22:24:02.949470,ANON04775927,www.jumia/accueil.com,17,mobile,CMP0008,False,0.0
0ccd60a9-84eb-488a-b4e2-4745b2d95c39,2026-08-22T13:15:02.949470,CLI00105,www.jumia/a-propos.com,102,mobile,CMP0012,False,0.0
a6b51c38-419f-40e6-a6dd-a77527cd3f68,2026-08-10T18:03:02.949470,ANON97a062ec,www.jumia/produit/detail.com,18,desktop,CMP0015,False,0.0
9f5fdb2c-9d9d-406b-8b17-d80461c7dfdc,2026-08-15T04:18:02.949470,CLI00249,www.jumia/promo.com,67,tablette,,False,0.0
f96c3e14-fc23-4873-a287-c7d3a54ac63e,2026-07-17T21:36:02.949470,ANONb2f75d53,www.jumia/a-propos.com,111,mobile,CMP0010,False,0.0
eff40dd8-c9a5-43e8-b0a2-c90b945264dd,2026-07-21T00:38:02.949470,CLI00201,www.jumia/accueil.com,10,mobile,CMP0014,False,0.0
1bb4b7bd-efa3-4cc4-8450-4580c3d81465,2026-07-25T07:02:02.949470,ANONfa73f8fb,www.jumia/a-propos.com,75,desktop,,False,0.0
fd660baa-3707-4b4f-9588-88889ab6d884,2026-08-27T14:15:02.949470,ANON4fb6333e,www.jumia/blog.com,26,mobile,CMP0011,False,0.0
93a78df0-e2ae-4668-b774-ee33223d48af,2026-08-14T18:43:02.949470,ANON1aee64c0,www.jumia/produit/detail.com,296,tablette,CMP0012,False,0.0
13fade86-fb2e-4da5-a053-dc09cd448e33,2026-08-22T17:06:02.949470,CLI00342,www.jumia/produits.com,59,tablette,CMP0008,False,0.0
07f5f682-b315-4192-b681-808f575c135b,2026-08-06T06:14:02.949470,ANONd1fdd3c2,www.jumia/produits.com,147,desktop,CMP0007,False,0.0
067cbbcd-b159-4eec-b24c-b2cc97798b7a,2026-08-01T07:41:02.949470,CLI00200,www.jumia/accueil.com,71,tablette,CMP0008,False,0.0
473310d3-6a51-4b0a-9ebe-2b3d37cdc1ac,2026-07-24T20:13:02.949470,ANONbd20887a,www.jumia/contact.com,3,mobile,,False,0.0
7e27116b-a002-4b2f-9f0d-97e388294cce,2026-09-02T05:40:02.949470,CLI00005,www.jumia/produit/detail.com,90,desktop,CMP0012,False,0.0
d3f26196-f71c-419c-9fb4-067a34b70bc7,2026-08-07T10:45:02.949470,CLI00263,www.jumia/produits.com,272,mobile,CMP0012,False,0.0
ef3a1db8-f026-4b4f-95ae-420b1c227110,2026-08-15T22:54:02.949470,ANONae5df2b8,www.jumia/contact.com,82,tablette,,False,0.0
55cc497d-81af-447e-8823-fa238103531b,2026-08-28T22:49:02.949470,ANONb2c28494,www.jumia/blog.com,153,mobile,,False,0.0
e09f2057-3701-401d-a2a7-d97b48ecae81,2026-09-02T15:02:02.949470,ANON9b8a76d3,www.jumia/produit/detail.com,194,tablette,CMP0008,False,0.0
7b51947a-21ad-4d0c-9dc5-7a85aff6d582,2026-08-20T11:21:02.949470,CLI00358,www.jumia/confirmation-commande.com,23,tablette,,True,182.82
68b9aa8f-dfd0-49c2-8d9c-f132bd7944d8,2026-07-28T13:11:02.949470,CLI00016,www.jumia/produit/detail.com,21,mobile,,False,0.0
3350c5fa-e9bd-4e3a-b1e9-cbbb255b313a,2026-07-12T15:38:02.949470,CLI00390,www.jumia/panier.com,84,tablette,CMP0011,False,0.0
dd18f6cc-2020-4f94-937b-497a58d66f0d,2026-08-25T01:38:02.949470,CLI00457,www.jumia/blog.com,47,desktop,,False,0.0
fbc05317-cb12-42c4-9588-b9cac653fed9,2026-09-02T20:35:02.949470,CLI00434,www.jumia/produits.com,164,desktop,,False,0.0
047d496d-49e2-4351-a406-0c78686e32e5,2026-08-23T06:10:02.949470,CLI00090,www.jumia/confirmation-commande.com,207,desktop,,True,45.68
f9c35c22-27dd-47cc-80ed-18c6a7727e34,2026-07-29T23:12:02.949470,CLI00252,www.jumia/contact.com,39,tablette,CMP0004,False,0.0
16fd0e74-a03e-4851-a1dc-be8b1310d4b2,2026-07-24T01:44:02.949470,CLI00271,www.jumia/panier.com,24,mobile,,False,0.0
a720c242-5d29-4829-99d5-6eda3fb0e176,2026-08-11T19:12:02.949470,CLI00018,www.jumia/produit/detail.com,136,mobile,,False,0.0
ddd08024-221d-4368-80d8-8b0df147092a,2026-07-29T08:08:02.949470,CLI00350,www.jumia/a-propos.com,28,desktop,CMP0002,False,0.0
d123ff23-9623-4194-bfe2-20d505aaf74c,2026-07-18T01:08:02.949470,CLI00183,www.jumia/promo.com,155,tablette,,False,0.0
f7bac71c-6ce6-4cb7-ab08-1fbc6d1a2751,2026-08-28T23:23:02.949470,ANON6f2e957d,www.jumia/produits.com,49,tablette,CMP0007,False,0.0
06d4cc7c-2ca6-46e7-8516-1a33a2f5dfd6,2026-07-10T23:22:02.949470,CLI00119,www.jumia/accueil.com,99,tablette,CMP0002,False,0.0
4ce4c6e7-4983-494f-b604-e8c475fe9b11,2026-08-09T04:33:02.949470,ANON6bab7b3e,www.jumia/checkout.com,9,desktop,CMP0005,False,0.0
18579c2a-9d3e-4403-909f-e3274d8b300b,2026-07-09T23:50:02.949470,CLI00266,www.jumia/promo.com,88,tablette,CMP0010,False,0.0
5b1fc3cc-812f-4bb9-b50d-86047ae01962,2026-07-25T07:11:02.949470,ANON7a8388fe,www.jumia/promo.com,54,desktop,CMP0012,False,0.0
056a0277-6e54-4735-9698-732eb459bcdb,2026-09-03T03:13:02.949470,CLI00103,www.jumia/confirmation-commande.com,79,mobile,CMP0006,True,268.09
9d02af1a-eb4f-4d4c-ba57-d82fa9c22ee9,2026-07-14T01:07:02.949470,CLI00388,www.jumia/accueil.com,16,mobile,,False,0.0
f03ee99f-b780-4d1c-a175-fa175ba6506c,2026-08-05T21:23:02.949470,ANON84e46da5,www.jumia/accueil.com,120,desktop,,False,0.0
ce377313-2550-4b2d-a54d-49ed94060287,2026-07-10T08:10:02.949470,ANONb2a2cc2b,www.jumia/a-propos.com,178,desktop,,False,0.0
b2b7d669-15cd-4317-bb46-a2f353f33ff3,2026-09-03T22:49:02.949470,CLI00255,www.jumia/a-propos.com,21,mobile,,False,0.0
001caccc-a1e7-44ad-91dd-52f8ffdb3e00,2026-08-16T05:59:02.949470,ANON9a0f5099,www.jumia/panier.com,9,mobile,CMP0013,False,0.0
fcc41c38-2300-481a-946f-5cfdc0bed077,2026-09-02T19:33:02.949470,ANONc6b65ce3,www.jumia/a-propos.com,2,tablette,,False,0.0
591151ec-b3c5-4aab-9078-b99429c832c7,2026-08-30T07:15:02.949470,CLI00247,www.jumia/accueil.com,92,desktop,,False,0.0
5b61a096-9364-43cd-b37d-ba26b53794ae,2026-08-24T07:16:02.949470,CLI00071,www.jumia/produits.com,84,desktop,CMP0012,False,0.0
a9e5fc60-67c3-447c-aaed-3219e7b7de7b,2026-07-13T14:29:02.949470,CLI00471,www.jumia/accueil.com,71,mobile,CMP0004,False,0.0
7053321c-63a2-4f8d-baca-c2beba90dd5f,2026-07-19T21:09:02.949470,ANON2e0b6baf,www.jumia/a-propos.com,23,tablette,CMP0007,False,0.0
0649963f-9705-4904-9015-b78683949209,2026-07-07T19:27:02.949470,ANON180d3142,www.jumia/produits.com,44,mobile,,False,0.0
f34b4ba3-e775-4636-8034-e353ef56c643,2026-07-14T08:43:02.949470,CLI00336,www.jumia/panier.com,81,desktop,CMP0006,False,0.0
b68c4a86-4dd9-4bd6-8bec-77d40db4858e,2026-07-14T13:57:02.949470,ANON21edf195,www.jumia/produits.com,61,desktop,CMP0002,False,0.0
12e5306b-0315-4d5e-a5c9-c616ed361aff,2026-09-04T11:45:02.949470,ANONb8992a8c,www.jumia/panier.com,396,desktop,CMP0012,False,0.0
d1867b38-1ee2-432a-9c87-c5a057cecda3,2026-08-20T03:55:02.949470,CLI00335,www.jumia/panier.com,13,tablette,,False,0.0
4b17d6bc-309f-493f-9973-6dc8737c40ea,2026-09-01T02:52:02.949470,CLI00028,www.jumia/confirmation-commande.com,106,tablette,,True,271.62
6f332e0f-f24d-49bf-b312-c80f6235fcd7,2026-09-04T14:03:02.949470,ANON8485f734,www.jumia/a-propos.com,46,mobile,CMP0004,False,0.0
453cb61d-292c-48e0-9f09-40b86cb8cd42,2026-07-25T18:07:02.949470,ANON1bd6e71b,www.jumia/produit/detail.com,50,mobile,CMP0006,False,0.0
09a98196-1580-4b56-b2f6-8082a47c5414,2026-07-21T17:00:02.949470,CLI00059,www.jumia/accueil.com,113,desktop,,False,0.0
f5a2c82b-ad29-477f-92d4-4ea2ed61348e,2026-08-27T19:49:02.949470,CLI00495,www.jumia/produits.com,106,mobile,CMP0007,False,0.0
2d78c784-c926-4dcf-bc37-9bccf9a15af4,2026-07-23T13:56:02.949470,CLI00228,www.jumia/accueil.com,426,mobile,CMP0014,False,0.0
04e15c6b-87ca-4707-8ca6-057790d5fdf7,2026-07-19T06:43:02.949470,CLI00339,www.jumia/checkout.com,12,mobile,,True,232.45
5d13a1e0-e6ed-45e5-bb83-7111e9b9213e,2026-09-02T14:20:02.949470,ANON0f5ba5bd,www.jumia/checkout.com,9,tablette,,False,0.0
9b0e589c-957b-43bc-981d-f7eab2e24c10,2026-07-18T18:53:02.949470,ANON0b7c3d4c,www.jumia/blog.com,115,tablette,,False,0.0
1e6df590-bd38-4f28-b743-a08ba1ff0b08,2026-09-03T18:20:02.949470,ANON6fa8fa86,www.jumia/checkout.com,77,tablette,CMP0002,False,0.0
8932217b-6e7d-41d3-94c8-ef43c7bedd55,2026-08-04T08:08:02.949470,ANONab868228,www.jumia/checkout.com,28,tablette,,True,123.67
a04e09c5-30d2-432f-ad88-6e5c7a1aae86,2026-09-03T01:40:02.949470,CLI00350,www.jumia/checkout.com,7,tablette,,True,86.23
0d36268c-6718-4519-a263-55b2c1dbc420,2026-07-24T05:08:02.949470,CLI00138,www.jumia/checkout.com,8,tablette,CMP0010,False,0.0
d38915d5-d2ae-4fb7-b506-7395b6c42548,2026-07-05T21:51:02.949470,ANON2a266539,www.jumia/produit/detail.com,202,desktop,CMP0006,False,0.0
4bb6650f-6a8b-419e-a77d-840d15d9ce58,2026-08-03T19:00:02.949470,ANON38798ad7,www.jumia/contact.com,19,tablette,CMP0001,False,0.0
464cf3f5-a6b0-40c4-b06b-b07c802f962d,2026-08-29T11:45:02.949470,ANON08972055,www.jumia/checkout.com,35,tablette,CMP0010,False,0.0
6443f30d-f848-4903-9bf8-ecde6d36af35,2026-07-25T21:00:02.949470,ANON1b67912f,www.jumia/checkout.com,23,mobile,CMP0013,False,0.0
cad3609b-ed5f-41c8-aaac-db62d5d73216,2026-07-20T14:43:02.949470,ANON67642306,www.jumia/panier.com,39,mobile,CMP0010,False,0.0
9de14144-157b-4ea9-bfef-b806c54f0b4d,2026-08-15T19:43:02.949470,ANON6a4596b5,www.jumia/promo.com,6,desktop,,False,0.0
ac70d801-5a70-4a9c-946c-01a8ef49b463,2026-07-08T12:17:02.949470,ANON7e520586,www.jumia/checkout.com,65,desktop,CMP0012,True,255.81
a0570859-dfce-4773-8711-70678a8d533a,2026-08-09T16:34:02.949470,CLI00040,www.jumia/a-propos.com,6,desktop,,False,0.0
cf06bf96-9c59-46ca-95d3-12a1547c1398,2026-07-13T10:36:02.949470,ANON77bb1da4,www.jumia/blog.com,145,mobile,CMP0006,False,0.0
dabe11ea-7d86-4332-b859-b6af7f484d0b,2026-08-16T08:28:02.949470,CLI00404,www.jumia/confirmation-commande.com,23,desktop,CMP0001,True,110.47
be70bad4-45a5-4b5d-ae59-32268d600c5e,2026-09-01T14:55:02.949470,ANON8db944cf,www.jumia/produit/detail.com,69,desktop,CMP0005,False,0.0
b2d7deb6-8d35-465a-9563-9a31860304de,2026-07-08T04:31:02.949470,CLI00312,www.jumia/panier.com,190,desktop,CMP0010,False,0.0
8e00f9cb-83a4-4be8-a806-58e2728987bf,2026-08-07T17:21:02.949470,ANONad3db9a6,www.jumia/confirmation-commande.com,94,desktop,,True,282.88
549fc6cc-f322-4382-93d0-1c6d1d15864d,2026-08-28T12:34:02.949470,CLI00391,www.jumia/produits.com,68,mobile,,False,0.0
8a45dfe3-19dd-4939-b81b-1470c4c51e20,2026-09-03T02:08:02.949470,ANON8a87edd4,www.jumia/blog.com,35,tablette,CMP0010,False,0.0
33c2dced-33d0-48a0-a111-00b47ebae0dc,2026-08-20T22:26:02.949470,ANON8c24d10f,www.jumia/promo.com,36,desktop,,False,0.0
5643d3c3-f573-4437-873a-b1d8ba27d53b,2026-08-17T11:05:02.949470,CLI00295,www.jumia/checkout.com,99,desktop,CMP0005,False,0.0
be21fb7e-8d7b-4e47-95d7-b05873c48091,2026-07-21T05:46:02.949470,ANON90760741,www.jumia/panier.com,462,desktop,CMP0012,False,0.0
714afbe3-59c7-4177-b9d4-8a61ea779d15,2026-08-21T07:55:02.949470,CLI00469,www.jumia/confirmation-commande.com,97,tablette,CMP0009,True,201.2
c4beccbf-82d9-4a06-891e-1bd073ab2045,2026-07-20T09:22:02.949470,ANON17989f7d,www.jumia/produit/detail.com,73,tablette,CMP0010,False,0.0
8faaed92-4cc4-4390-b2f1-06dcbfb51f54,2026-07-21T08:15:02.949470,ANONb236de65,www.jumia/checkout.com,118,mobile,CMP0003,False,0.0
8dbc4665-629e-447d-a7a4-662cbea2ebfd,2026-07-11T07:58:02.949470,ANON1997aa87,www.jumia/panier.com,56,mobile,CMP0003,False,0.0
ba0e10e0-6850-40ca-9a72-9007f63f34c6,2026-08-31T08:32:02.949470,CLI00284,www.jumia/contact.com,5,tablette,CMP0007,False,0.0
074329db-61ba-492c-8e17-891e8a9a59c9,2026-07-11T23:27:02.949470,CLI00086,www.jumia/produits.com,74,mobile,CMP0007,False,0.0
910a03d8-eb6d-4d39-a35f-815ff20dc990,2026-08-07T11:30:02.949470,CLI00206,www.jumia/a-propos.com,284,mobile,CMP0007,False,0.0
df987e7f-bd88-482e-ab90-e7f75e04e7fe,2026-08-20T03:39:02.949470,ANON4029ef83,www.jumia/promo.com,17,tablette,CMP0014,False,0.0
799361de-6840-43f6-ab7a-54d21970bfcf,2026-08-13T22:18:02.949470,ANON08a12f13,www.jumia/contact.com,105,desktop,CMP0012,False,0.0
cd1fdca6-4d46-4c35-83ed-43af8f69234d,2026-08-15T09:19:02.949470,CLI00245,www.jumia/produit/detail.com,20,tablette,,False,0.0
3281d486-1fc8-4968-87ec-f5ee3c9f693f,2026-07-17T18:21:02.949470,ANONd6e7f32e,www.jumia/produits.com,69,mobile,CMP0014,False,0.0
e240a08d-407d-4eb8-9bee-abbec6fc98ed,2026-08-31T19:09:02.949470,ANONa810ea5e,www.jumia/blog.com,9,desktop,CMP0011,False,0.0
345bc6a9-c293-4dff-8268-512c65aadfcf,2026-08-03T00:04:02.949470,CLI00396,www.jumia/produits.com,53,mobile,,False,0.0
ac067dbb-b9c2-4c9d-9fbf-d5b27f87e18f,2026-07-25T09:53:02.949470,ANONbbd1a8e7,www.jumia/promo.com,127,tablette,CMP0009,False,0.0
7997814e-5fa4-44ab-803a-3717dba8f550,2026-08-29T07:50:02.949470,ANONd5ce3f05,www.jumia/produit/detail.com,38,mobile,CMP0006,False,0.0
01153c92-1da8-4344-b7d9-639d6e474897,2026-08-27T18:28:02.949470,CLI00266,www.jumia/checkout.com,98,tablette,,False,0.0
c4591f63-78d1-43a1-827e-c0230b8a3ed9,2026-07-25T21:54:02.949470,CLI00250,www.jumia/contact.com,142,mobile,CMP0002,False,0.0
0097b3c9-5318-4938-b11f-9c04e36180ff,2026-08-30T23:50:02.949470,CLI00311,www.jumia/produits.com,235,mobile,,False,0.0
49b2d023-29ef-42c7-bbe6-9bbed0dc9619,2026-08-17T02:41:02.949470,ANONb160e1b4,www.jumia/produit/detail.com,24,mobile,CMP0009,False,0.0
661affa3-84f7-4990-9554-a883b2146528,2026-08-12T20:29:02.949470,CLI00251,www.jumia/accueil.com,45,desktop,CMP0013,False,0.0
e6c33c91-f2a8-4a77-8177-df3ebcdd84c7,2026-07-19T04:08:02.949470,CLI00426,www.jumia/contact.com,14,desktop,CMP0008,False,0.0
0cd71796-1022-452e-8ee4-5f27534b089b,2026-09-01T22:17:02.949470,ANONcebfcaf1,www.jumia/contact.com,440,desktop,,False,0.0
e29986f4-8b9f-4f5a-b600-76bbb98f247f,2026-08-06T02:37:02.949470,ANON24412c7a,www.jumia/produits.com,235,desktop,,False,0.0
2319d0cc-3c2a-4b9f-a28f-c1e8e2086754,2026-08-25T21:19:02.949470,ANONc0c2f875,www.jumia/confirmation-commande.com,69,desktop,,True,59.67
bb434dfe-8d7f-48ef-8b20-caaa404d7146,2026-07-23T09:12:02.949470,ANONdf14350c,www.jumia/produits.com,166,tablette,,False,0.0
78b27c97-175c-4315-963d-7834b4edabf3,2026-08-19T05:29:02.949470,CLI00478,www.jumia/a-propos.com,66,desktop,,False,0.0
7bad41c3-ac5e-4c0a-a531-d1384d993ba7,2026-07-18T12:14:02.949470,ANON3e3df068,www.jumia/accueil.com,87,mobile,,False,0.0
cdf9c594-00f2-417d-a607-6337cb785618,2026-07-14T12:56:02.949470,CLI00101,www.jumia/checkout.com,8,desktop,,False,0.0
907fbb2e-abb9-4603-b26e-342e29952e80,2026-08-27T00:18:02.949470,CLI00449,www.jumia/produits.com,126,tablette,CMP0003,False,0.0
ff8c6fba-0888-454d-90b7-29ea0dcd2f9f,2026-08-29T18:19:02.949470,CLI00286,www.jumia/promo.com,12,mobile,CMP0007,False,0.0
3cf277d2-16f2-4a4d-b1cb-c6c241711724,2026-08-19T23:34:02.949470,ANONe5b4fc53,www.jumia/promo.com,157,mobile,CMP0005,False,0.0
6dd1203e-cc2f-4e99-90ba-4ce4e06da376,2026-08-15T06:02:02.949470,ANONb2a5569a,www.jumia/panier.com,137,desktop,CMP0003,False,0.0
9b223bac-fa2a-4c26-a422-fecd6d41e90f,2026-08-17T10:03:02.949470,CLI00183,www.jumia/a-propos.com,111,desktop,,False,0.0
797c3ec4-881a-4703-bbbc-113a5f3d772f,2026-07-23T21:46:02.949470,ANONc3d358da,www.jumia/checkout.com,3,desktop,CMP0015,False,0.0
d4c5e8c8-939f-4e66-8a1f-553a6e35f6c8,2026-07-26T02:14:02.949470,CLI00164,www.jumia/produits.com,32,desktop,CMP0003,False,0.0
e9d023ec-4778-4d72-9861-ea761751466d,2026-08-19T07:17:02.949470,CLI00413,www.jumia/contact.com,27,tablette,CMP0015,False,0.0
03aabdff-672d-4d88-8fdb-e8c17eb672eb,2026-08-01T15:47:02.949470,CLI00456,www.jumia/blog.com,40,mobile,CMP0005,False,0.0
f0d24d12-2ee3-454a-a3ac-e187b8d34c2a,2026-08-10T04:48:02.949470,CLI00415,www.jumia/contact.com,8,desktop,,False,0.0
a76c9a4a-5a41-4eec-a49c-0d429b1c861d,2026-07-31T03:30:02.949470,ANONa55a61c1,www.jumia/confirmation-commande.com,248,mobile,CMP0008,True,196.34
2a9de99a-2a57-4f03-9e84-fe4c4fa59a5a,2026-07-25T08:58:02.949470,CLI00106,www.jumia/produits.com,72,tablette,CMP0015,False,0.0
f264b1a1-1670-4874-9981-142a91f773f4,2026-08-14T04:40:02.949470,CLI00370,www.jumia/accueil.com,32,desktop,,False,0.0
1439b4c7-2b3f-4eed-b2cf-7ea2df8523b2,2026-07-11T16:53:02.949470,ANON588aa662,www.jumia/a-propos.com,45,mobile,,False,0.0
43865be9-d407-4447-980f-a40f9216049b,2026-08-15T20:05:02.949470,CLI00081,www.jumia/a-propos.com,53,desktop,CMP0009,False,0.0
e198a855-bb2f-4f59-afea-6529c7f6ba25,2026-08-30T16:46:02.949470,ANON20b8e0b4,www.jumia/confirmation-commande.com,82,tablette,CMP0003,True,132.82
067b12bf-fcf9-4e39-97f5-6b72b4e27a63,2026-08-21T01:32:02.949470,ANON0052d269,www.jumia/a-propos.com,65,mobile,CMP0001,False,0.0
a87d3a12-d526-4154-8e0b-94d81cbce465,2026-08-07T07:22:02.949470,CLI00013,www.jumia/panier.com,226,tablette,CMP0003,False,0.0
d863058f-a6c0-4a5a-8d95-0f4e9a961e01,2026-08-24T16:47:02.949470,CLI00402,www.jumia/blog.com,61,tablette,CMP0012,False,0.0
254b8f10-3df2-46c9-8c7b-1abd3ccfc93c,2026-07-30T23:24:02.949470,CLI00044,www.jumia/produits.com,436,mobile,,False,0.0
bd90ff35-df21-4234-a915-4f29f304eb4a,2026-08-07T18:17:02.949470,CLI00008,www.jumia/a-propos.com,171,tablette,,False,0.0
32f20394-bd91-49eb-afac-a9c4e3a8b1b5,2026-09-01T22:38:02.949470,ANONb058c6cb,www.jumia/panier.com,21,tablette,,False,0.0
6a22ca0d-4012-41fc-9d79-155084155657,2026-08-29T04:22:02.949470,ANON44f4a442,www.jumia/checkout.com,240,desktop,CMP0009,True,72.76
fb7ab08d-9d10-44aa-9ea3-66bc41dc20a8,2026-08-16T13:02:02.949470,CLI00496,www.jumia/blog.com,11,tablette,CMP0007,False,0.0
a2343579-2491-46f5-9044-f69b7f99a148,2026-07-23T09:50:02.949470,CLI00126,www.jumia/blog.com,153,mobile,,False,0.0
b8431eda-33a6-4293-a1d9-6dec9169c924,2026-08-06T17:57:02.949470,ANON7d51dd5d,www.jumia/produits.com,43,desktop,,False,0.0
b12a8f30-6c09-4af5-9517-5cbeeb288cf0,2026-07-20T12:33:02.949470,CLI00245,www.jumia/promo.com,189,mobile,CMP0004,False,0.0
efac23bb-4823-43c8-8578-a0a792ebeb6e,2026-08-16T03:53:02.949470,ANON1f99780a,www.jumia/produits.com,182,tablette,CMP0011,False,0.0
3bae58bc-9921-4f1b-b8e4-4c0bb6b53f4e,2026-07-16T01:27:02.949470,ANON6509124e,www.jumia/produits.com,147,mobile,,False,0.0
db460d37-9769-4594-aff2-30747ceb2f81,2026-07-31T14:25:02.949470,ANON1f7e343b,www.jumia/panier.com,140,mobile,CMP0012,False,0.0
136a1240-c0d1-4b88-835c-7e8afafb728d,2026-08-24T09:48:02.949470,CLI00078,www.jumia/accueil.com,32,desktop,CMP0012,False,0.0
aaf09d94-5df6-4963-8a40-ad28f33b8b19,2026-08-19T13:10:02.949470,CLI00108,www.jumia/a-propos.com,7,desktop,CMP0001,False,0.0
377a3a3a-8302-4ed7-a058-2d9403a63b1b,2026-08-09T09:52:02.949470,CLI00237,www.jumia/contact.com,46,tablette,,False,0.0
c283ad99-a067-4284-bb76-6bb2d77472ae,2026-08-10T18:18:02.949470,CLI00040,www.jumia/blog.com,17,mobile,CMP0002,False,0.0
d92f06ba-0af7-458b-b1c1-cc62291c79d2,2026-08-22T18:42:02.949470,CLI00225,www.jumia/produits.com,106,mobile,CMP0002,False,0.0
62219e75-6874-473f-812e-064957956323,2026-08-31T08:03:02.949470,CLI00072,www.jumia/a-propos.com,38,desktop,CMP0013,False,0.0
4ac33f24-ed65-41cb-b05a-cf830b2ebcc2,2026-07-30T18:50:02.949470,ANONb207f3b6,www.jumia/checkout.com,334,tablette,CMP0005,False,0.0
f6e451a0-c5e5-4223-939d-8c2cfe10f206,2026-08-31T06:08:02.949470,CLI00268,www.jumia/panier.com,92,tablette,,False,0.0
91a9f922-809b-4b6a-a136-de720bcbef18,2026-09-04T16:55:02.949470,CLI00108,www.jumia/confirmation-commande.com,155,tablette,CMP0005,True,279.22
250120d1-8719-4949-aa58-d451531ce82b,2026-08-28T22:42:02.949470,CLI00163,www.jumia/blog.com,12,mobile,CMP0014,False,0.0
a6a3da5d-ef15-4bd1-b580-0ac126160ce9,2026-07-15T09:36:02.949470,CLI00360,www.jumia/panier.com,178,mobile,,False,0.0
7d4ea237-d08a-46be-b58f-6c23ba9a3e53,2026-08-18T22:06:02.949470,CLI00240,www.jumia/promo.com,230,mobile,CMP0002,False,0.0
53f9d544-8377-49f1-ad81-57c1fd8b2d6c,2026-07-10T06:12:02.949470,CLI00008,www.jumia/panier.com,60,desktop,CMP0004,False,0.0
daaf601c-8d9c-481b-8fed-c72aaa646bae,2026-07-24T08:09:02.949470,CLI00393,www.jumia/blog.com,83,desktop,,False,0.0
e8cc512c-6203-49ef-ba99-195082da0394,2026-08-10T12:13:02.949470,CLI00079,www.jumia/produits.com,130,tablette,,False,0.0
0453b486-345c-4b7d-ae91-57924234a6ae,2026-07-19T02:43:02.949470,CLI00268,www.jumia/promo.com,17,tablette,CMP0002,False,0.0
26bdc8eb-92fc-4718-bbfe-dedc9a1c3ad8,2026-08-24T06:53:02.949470,ANON0c0c021b,www.jumia/checkout.com,62,tablette,CMP0014,False,0.0
feeb48db-158d-4056-9256-ff7e28e8d67f,2026-08-30T14:14:02.949470,CLI00002,www.jumia/panier.com,45,mobile,,False,0.0
3ad5ef3d-2ecc-434c-b820-f27a010cf38a,2026-07-11T13:41:02.949470,ANON650b36d2,www.jumia/confirmation-commande.com,14,mobile,CMP0008,True,37.17
af82ffcb-f4f6-4707-b12d-fd37dc4e84b8,2026-07-14T11:23:02.949470,CLI00155,www.jumia/a-propos.com,41,mobile,CMP0011,False,0.0
0ad77976-5700-4822-90fd-5e6c06f9b6cf,2026-07-21T11:57:02.949470,ANON6fbd8b3d,www.jumia/confirmation-commande.com,6,tablette,CMP0007,True,103.85
67ed2eea-2f70-4ef7-badb-a68ae146fe32,2026-07-26T10:37:02.949470,ANONcee5a81c,www.jumia/produit/detail.com,2,tablette,,False,0.0
961c8c35-b666-4142-b142-3139b30a682d,2026-08-28T03:17:02.949470,ANONbee9df90,www.jumia/contact.com,13,tablette,CMP0007,False,0.0
5c614a4f-c484-4461-a66b-5321447157d6,2026-08-25T03:15:02.949470,CLI00179,www.jumia/produit/detail.com,296,mobile,CMP0015,False,0.0
029f3bb2-5f2e-4209-a432-2aedf5b58de6,2026-08-30T06:26:02.949470,CLI00218,www.jumia/panier.com,71,tablette,CMP0011,False,0.0
5acc72fc-4c86-44d9-a31e-492cdeafb6b1,2026-08-10T00:56:02.949470,ANON08ee3090,www.jumia/accueil.com,303,mobile,CMP0015,False,0.0
6b42c4a0-f394-4a41-b317-b17f1be0c952,2026-08-03T06:05:02.949470,CLI00049,www.jumia/confirmation-commande.com,50,tablette,CMP0010,True,276.01
a9c7474b-bff5-480f-8948-3cfd7a2cb0bc,2026-09-01T19:10:02.949470,CLI00246,www.jumia/blog.com,33,mobile,CMP0011,False,0.0
47374cfc-ad72-46b8-8fbd-52cd5d71cd30,2026-08-19T16:48:02.949470,ANONf3926280,www.jumia/accueil.com,63,tablette,CMP0001,False,0.0
48687d7a-4dd3-4451-9af3-bc0410f9c77d,2026-09-03T10:10:02.949470,CLI00243,www.jumia/a-propos.com,52,mobile,,False,0.0
70c7ced6-8997-476f-8a20-7493d3f37edd,2026-07-08T05:33:02.949470,ANON5ba464b4,www.jumia/produit/detail.com,10,mobile,,False,0.0
1ab665a8-f963-4d59-a7fb-456dcd4020f3,2026-07-11T08:25:02.949470,CLI00327,www.jumia/accueil.com,92,desktop,,False,0.0
5f2bc302-6e8b-45e9-a02c-ec817ee2cc78,2026-07-12T11:49:02.949470,CLI00315,www.jumia/accueil.com,21,desktop,,False,0.0
c7107204-0a3b-4f5b-91e3-22d669393b88,2026-08-28T16:26:02.949470,ANONebc448d4,www.jumia/produit/detail.com,86,tablette,,False,0.0
c9f56319-e16d-43c3-a48c-8bde061423aa,2026-08-21T06:05:02.949470,CLI00429,www.jumia/accueil.com,94,mobile,CMP0011,False,0.0
4e22cd51-d9c1-4cdc-954e-7cf4614b2a2c,2026-07-18T10:41:02.949470,CLI00228,www.jumia/accueil.com,14,desktop,,False,0.0
17c178a3-1bc2-40e6-86f5-578246c0ff9d,2026-08-13T01:16:02.949470,ANONc89d5367,www.jumia/accueil.com,5,desktop,CMP0003,False,0.0
425d66b2-24fa-4264-a10c-a1840a4d4df5,2026-07-23T11:54:02.949470,ANON8cf01b8b,www.jumia/produits.com,136,tablette,CMP0008,False,0.0
2a763f20-f94c-4ba5-958e-15c2925516a0,2026-09-03T08:37:02.949470,CLI00045,www.jumia/produit/detail.com,55,desktop,CMP0002,False,0.0
281c1577-a3aa-452d-8033-c1c82113d66d,2026-08-12T14:33:02.949470,ANON53eeaadb,www.jumia/panier.com,5,tablette,,False,0.0
9497968e-bbef-47fa-959b-5ac24f2fcabb,2026-07-29T08:37:02.949470,ANONf82afa85,www.jumia/checkout.com,474,tablette,,False,0.0
46756451-0c60-43f3-a645-126ddb7870d0,2026-09-04T01:19:02.949470,CLI00028,www.jumia/blog.com,5,tablette,,False,0.0
aca63f81-3424-4b6d-9725-22ff32d10ece,2026-07-23T23:49:02.949470,CLI00428,www.jumia/panier.com,106,desktop,CMP0006,False,0.0
ce360ddd-a8bb-4929-9f5b-82db36fb00b0,2026-08-31T00:43:02.949470,CLI00226,www.jumia/checkout.com,370,desktop,,True,116.22
35fde427-f1f1-4b6a-8f1f-6972806c5811,2026-07-28T15:05:02.949470,ANONfe4f696a,www.jumia/produit/detail.com,24,mobile,CMP0011,False,0.0
9e9e3267-c2af-41e3-af10-31ec90be6a97,2026-09-04T12:56:02.949470,CLI00360,www.jumia/blog.com,13,desktop,CMP0010,False,0.0
ea106ce7-0bea-4404-88ab-5a76ae9a364d,2026-08-16T16:22:02.949470,ANON04892c2a,www.jumia/a-propos.com,11,tablette,CMP0006,False,0.0
d7742328-0168-4459-b7a8-29ba694c6ac5,2026-08-28T18:22:02.949470,ANON5848eaa5,www.jumia/checkout.com,32,mobile,CMP0009,True,89.34
fabf1dbc-22e1-4fbe-ab8e-1232c3dd3c5d,2026-08-08T16:12:02.949470,CLI00166,www.jumia/confirmation-commande.com,9,tablette,CMP0003,True,175.67
ea9003b9-db10-4eba-bc71-40d3587f3064,2026-08-11T19:52:02.949470,ANON8eb49748,www.jumia/accueil.com,106,mobile,,False,0.0
1ebac3d1-01ef-46bf-b822-ac16499c9f6e,2026-08-01T09:53:02.949470,CLI00468,www.jumia/confirmation-commande.com,5,desktop,CMP0015,True,102.29
57c2d950-c45a-4e61-9169-6fd35060bb5d,2026-08-09T00:20:02.949470,ANON7c44098b,www.jumia/promo.com,64,tablette,CMP0013,False,0.0
54ddbe3a-ae51-4acd-81f6-78609a09788f,2026-08-19T08:18:02.949470,CLI00371,www.jumia/confirmation-commande.com,514,desktop,CMP0014,True,186.27
bd40e4d9-d936-459e-9746-10a0ee47a082,2026-08-18T06:51:02.949470,ANON69e78464,www.jumia/a-propos.com,151,mobile,CMP0015,False,0.0
d3687c4e-b8f0-4b84-b8a3-f5289e1a4363,2026-08-01T08:21:02.949470,CLI00015,www.jumia/produit/detail.com,85,tablette,CMP0010,False,0.0
25259f47-8ec7-4894-a0db-6070001bdf64,2026-07-16T04:28:02.949470,ANONc5939dc4,www.jumia/panier.com,32,tablette,CMP0012,False,0.0
18718a33-eb20-4ccc-92aa-bdaebf4a4615,2026-08-22T22:40:02.949470,ANON6b1e0889,www.jumia/accueil.com,88,mobile,,False,0.0
0894d5d6-faea-4c1f-81c6-46d0ec698b03,2026-07-24T23:23:02.949470,CLI00001,www.jumia/produit/detail.com,67,mobile,CMP0007,False,0.0
b0b8aeba-a1c4-412d-8e98-23c19a922c96,2026-08-30T23:51:02.949470,CLI00105,www.jumia/blog.com,49,mobile,CMP0003,False,0.0
6d83a15e-3510-4c95-a259-445fa043f849,2026-08-21T01:41:02.949470,ANON24ba7e5c,www.jumia/confirmation-commande.com,12,mobile,,True,16.41
0626dd58-020b-4daf-8dd4-a83f9de82b04,2026-07-27T22:02:02.949470,ANONf0178ef4,www.jumia/contact.com,195,tablette,CMP0007,False,0.0
49146054-5a0b-4cbf-b76e-f131924caddc,2026-07-30T09:17:02.949470,CLI00066,www.jumia/confirmation-commande.com,53,mobile,CMP0015,True,232.47
a491a341-af0c-4b59-84d1-c713ac0e9d7c,2026-07-31T05:29:02.949470,ANONb0510608,www.jumia/blog.com,19,tablette,CMP0011,False,0.0
918c4789-13f5-40af-bcfc-2431f6ef63f8,2026-07-31T11:36:02.949470,ANONdddc1cf0,www.jumia/promo.com,41,mobile,CMP0011,False,0.0
724247d6-a98b-4f27-aaa7-c65eec8f507b,2026-07-20T13:43:02.949470,CLI00175,www.jumia/a-propos.com,48,mobile,,False,0.0
fa540dc0-b96b-4016-a10f-76f5bffcf920,2026-08-14T14:20:02.949470,ANON16bb54c2,www.jumia/produit/detail.com,158,desktop,CMP0002,False,0.0
0714eb03-dc30-4c52-ad49-1db84bb00a73,2026-07-17T19:45:02.949470,CLI00335,www.jumia/produit/detail.com,119,desktop,CMP0002,False,0.0
51aa337f-f41c-4000-af60-d83fc762a8e4,2026-07-15T03:51:02.949470,CLI00134,www.jumia/blog.com,131,mobile,CMP0014,False,0.0
fad71c1e-1ca1-4f0f-a98a-7ee061dee0bd,2026-07-16T07:15:02.949470,CLI00043,www.jumia/confirmation-commande.com,1,mobile,CMP0002,True,210.53
94d33f71-7d09-4bb9-b44a-8dc014998074,2026-08-16T07:23:02.949470,CLI00066,www.jumia/promo.com,48,tablette,,False,0.0
4b0c7863-4d27-4fe3-85e9-183c59e2eee5,2026-07-30T16:01:02.949470,ANON807e04e3,www.jumia/blog.com,59,desktop,CMP0011,False,0.0
f61c902c-d9cf-4ad0-851f-7961abee4ad3,2026-08-23T19:51:02.949470,ANONcdca788b,www.jumia/promo.com,1,desktop,CMP0012,False,0.0
628ac009-ae1e-41f1-a933-2ea7a1441be2,2026-08-07T06:21:02.949470,ANON9c705136,www.jumia/confirmation-commande.com,27,mobile,CMP0006,True,46.83
34483b3f-e5a3-40d0-909c-d9f252dbcf0d,2026-08-02T12:20:02.949470,CLI00004,www.jumia/confirmation-commande.com,128,tablette,CMP0011,True,285.24
df931452-2947-41e8-8580-1e67b4e5d841,2026-08-12T02:44:02.949470,ANON20eee809,www.jumia/contact.com,13,desktop,CMP0010,False,0.0
26b89709-1913-4fca-be4f-b7638998433b,2026-07-09T08:50:02.949470,CLI00188,www.jumia/accueil.com,68,tablette,CMP0014,False,0.0
638b3874-4e28-4432-a34e-8a18ed4d44f4,2026-08-18T05:48:02.949470,CLI00420,www.jumia/accueil.com,21,tablette,CMP0011,False,0.0
ea6352ad-2bda-458d-acc0-b29033493de5,2026-07-22T23:50:02.949470,CLI00153,www.jumia/accueil.com,1,tablette,CMP0001,False,0.0
a10ae845-07f4-45ae-aea5-ec0b892ad8bd,2026-07-13T06:18:02.949470,CLI00090,www.jumia/produits.com,24,tablette,CMP0012,False,0.0
b647b3d6-a570-4f24-a8f6-48d267a01932,2026-07-11T23:18:02.949470,CLI00141,www.jumia/confirmation-commande.com,335,tablette,CMP0008,True,291.98
aee5b30d-23d9-4571-a8a7-1a453c9416a2,2026-08-14T02:30:02.949470,ANONd9989354,www.jumia/a-propos.com,145,tablette,,False,0.0
3a19fa00-bcee-4ef0-af9e-9c125ba6b76d,2026-08-03T19:36:02.949470,CLI00371,www.jumia/produits.com,288,desktop,CMP0001,False,0.0
e323cc63-ab29-4e6e-8a50-1d399765342d,2026-08-07T17:37:02.949470,ANON9fbe9ae2,www.jumia/blog.com,60,desktop,CMP0011,False,0.0
6d148c22-d6b8-4b69-93af-9a6313abcdea,2026-07-07T00:19:02.949470,ANON1ef53bd7,www.jumia/produits.com,10,desktop,CMP0011,False,0.0
a03a1091-e85f-49f2-9c82-8db64f3b5b82,2026-07-13T01:08:02.949470,ANON1abfed93,www.jumia/a-propos.com,71,mobile,CMP0005,False,0.0
7b66a0e9-045c-43e4-8c88-43c521599c6a,2026-08-18T19:55:02.949470,ANON29b01f2a,www.jumia/blog.com,54,desktop,CMP0004,False,0.0
7cacdd63-bca8-435e-9d5c-7dad85f85368,2026-08-22T17:21:02.949470,ANON93cc7f35,www.jumia/promo.com,167,desktop,CMP0009,False,0.0
f29acc6d-955b-4cce-87c7-0c2a0d20033b,2026-09-02T00:15:02.949470,CLI00010,www.jumia/blog.com,9,tablette,CMP0001,False,0.0
178592b7-379e-4144-9298-97c833f1b8d7,2026-07-14T02:49:02.949470,ANONf991b94e,www.jumia/confirmation-commande.com,60,mobile,CMP0013,True,42.69
db5fcf79-bcd8-47d4-9b80-c55a62020d27,2026-07-07T16:52:02.949470,CLI00365,www.jumia/promo.com,14,desktop,CMP0010,False,0.0
67f1bbf1-bf6b-434d-907e-1af43f6d7680,2026-08-12T08:12:02.949470,CLI00477,www.jumia/a-propos.com,35,mobile,CMP0009,False,0.0
575a4f31-165d-4e9d-a81d-9dc7b9d1efa4,2026-07-27T04:52:02.949470,CLI00438,www.jumia/contact.com,120,mobile,CMP0008,False,0.0
527f4fbf-8d34-4e7d-b78b-7f52b80d63c8,2026-08-09T16:42:02.949470,CLI00017,www.jumia/promo.com,58,mobile,,False,0.0
ba238fb6-3c6f-49fc-bccb-d576280c4b90,2026-08-15T10:07:02.949470,CLI00383,www.jumia/a-propos.com,42,desktop,,False,0.0
aa6e5ceb-22ed-43d4-b7e0-4e0c6c912d1f,2026-07-25T04:20:02.949470,CLI00080,www.jumia/promo.com,45,tablette,CMP0011,False,0.0
b493c54c-59c7-4408-b68e-0e3fd102649c,2026-07-16T13:54:02.949470,ANON301a263f,www.jumia/accueil.com,55,desktop,CMP0007,False,0.0
c0121879-4569-4fd2-9215-c9e31a0ebbfc,2026-08-10T18:03:02.949470,CLI00276,www.jumia/produit/detail.com,138,desktop,,False,0.0
5fd3e2bd-730c-4a28-bd68-ac070b0e9831,2026-08-12T21:38:02.949470,ANON207d884a,www.jumia/promo.com,200,desktop,CMP0004,False,0.0
73b4b327-a8a6-4c17-9a3b-075a68f39422,2026-07-17T00:21:02.949470,ANON146b8e9e,www.jumia/blog.com,279,tablette,,False,0.0
a6daead3-2309-4eff-ae7a-65b9837b208c,2026-08-01T06:20:02.949470,ANONf010b980,www.jumia/confirmation-commande.com,139,tablette,CMP0015,True,234.59
33464cf3-8a1a-43c4-8a90-55a93ebc2b24,2026-07-12T16:28:02.949470,ANON2054dc13,www.jumia/confirmation-commande.com,34,tablette,,True,158.16
54f34647-f43b-4434-93b2-6e7fcafb133f,2026-07-31T02:26:02.949470,CLI00423,www.jumia/contact.com,104,mobile,CMP0013,False,0.0
53f02c0d-e978-4a4a-bc39-4c63275452c5,2026-09-02T23:57:02.949470,ANON21847dc2,www.jumia/contact.com,51,tablette,CMP0009,False,0.0
5baf0175-57a7-48ec-b54f-2a0169220630,2026-07-17T16:30:02.949470,ANON3d09fb41,www.jumia/blog.com,26,desktop,CMP0010,False,0.0
18ff397c-7dd8-4128-94e7-8b6d3626aa23,2026-07-18T14:33:02.949470,CLI00318,www.jumia/a-propos.com,165,mobile,,False,0.0
c82184a6-25bf-479d-8657-d7ff1f84411e,2026-08-13T13:18:02.949470,CLI00128,www.jumia/produit/detail.com,3,tablette,CMP0001,False,0.0
39b82770-5494-4a14-88d7-d42b47fb9030,2026-08-15T10:15:02.949470,CLI00308,www.jumia/blog.com,208,tablette,CMP0006,False,0.0
c88df70e-6e80-496f-a717-c8e8f47b8789,2026-08-07T01:26:02.949470,CLI00371,www.jumia/panier.com,55,mobile,,False,0.0
edd864ae-06b2-4fa4-bffe-6b247f086ba5,2026-08-05T17:30:02.949470,CLI00458,www.jumia/accueil.com,91,mobile,CMP0003,False,0.0
573d7c4d-47aa-44f4-bc14-59880ac567dc,2026-08-11T09:01:02.949470,CLI00124,www.jumia/produit/detail.com,96,desktop,CMP0010,False,0.0
5b93537e-22ff-405a-aa0d-6e4d66dec3a2,2026-08-07T14:39:02.949470,ANONe7147988,www.jumia/produit/detail.com,202,mobile,,False,0.0
ac7553f8-83d8-4ee1-b933-1481e2e9e0e3,2026-08-04T17:36:02.949470,ANON60ee318e,www.jumia/blog.com,91,tablette,CMP0001,False,0.0
0a719a43-aacd-4e6c-a742-dd349294ed84,2026-08-05T06:36:02.949470,ANON4233543d,www.jumia/a-propos.com,85,mobile,,False,0.0
d3994321-c285-4392-bfb9-15d0efe9d3c8,2026-08-20T14:13:02.949470,ANONcf4ed285,www.jumia/contact.com,6,desktop,,False,0.0
a485719a-2629-4173-b875-b824e8ccd897,2026-08-27T17:35:02.949470,ANON1aa39010,www.jumia/accueil.com,65,desktop,CMP0007,False,0.0
00a17fb9-bdc0-4f0a-805e-cc9983ff34ab,2026-07-31T17:31:02.949470,CLI00404,www.jumia/produits.com,14,mobile,CMP0011,False,0.0
bba29d96-1124-49c3-8646-8d09da856b89,2026-07-15T03:20:02.949470,ANONfa4d9c84,www.jumia/produits.com,120,tablette,,False,0.0
2f2b59ca-50cb-45aa-bbcb-ba03f49ce74e,2026-07-16T05:58:02.949470,CLI00125,www.jumia/contact.com,64,mobile,,False,0.0
8432d7c1-bd52-4d00-9290-bb9bbc912bfb,2026-07-21T21:53:02.949470,CLI00461,www.jumia/contact.com,102,mobile,,False,0.0
bc5a2d33-93db-466b-97d4-60d381cc082b,2026-08-23T02:53:02.949470,CLI00231,www.jumia/checkout.com,3,tablette,CMP0008,False,0.0
1b2bfe70-6def-4c46-914b-56e145e9f3ba,2026-07-07T22:41:02.949470,CLI00190,www.jumia/promo.com,7,desktop,CMP0001,False,0.0
d6a127fd-d080-402b-9778-519f6ae3451b,2026-08-20T03:51:02.949470,CLI00325,www.jumia/checkout.com,113,desktop,,False,0.0
e9c94533-7211-457f-b7c3-3be9c0f670a4,2026-08-18T03:41:02.949470,ANONac018755,www.jumia/produit/detail.com,6,tablette,,False,0.0
14929a73-cdba-4637-adb7-82c7fc0863ca,2026-07-24T06:48:02.949470,CLI00109,www.jumia/promo.com,6,desktop,,False,0.0
45a30ab8-bc33-4eae-997c-073a339bad8d,2026-07-15T12:32:02.949470,CLI00446,www.jumia/a-propos.com,1,desktop,CMP0012,False,0.0
5908b870-a20c-428a-9d76-108275a34205,2026-08-05T14:29:02.949470,ANON94a6650c,www.jumia/promo.com,282,tablette,CMP0006,False,0.0
18d83939-358f-4c99-b611-0c56487c5463,2026-07-26T10:55:02.949470,CLI00087,www.jumia/a-propos.com,120,desktop,CMP0015,False,0.0
a42dbcab-9fe9-4c9e-84e5-fef6e50627cf,2026-07-17T10:29:02.949470,ANON5f04c0cc,www.jumia/confirmation-commande.com,39,mobile,CMP0011,True,79.08
590ff37a-e07f-4798-8c22-d8a08f30bc06,2026-07-19T22:49:02.949470,ANON8c1db76c,www.jumia/produits.com,31,tablette,,False,0.0
d841178c-d8a8-4d0f-a922-7202ea8bdf2e,2026-07-18T06:03:02.949470,ANON6ad859e5,www.jumia/accueil.com,38,tablette,CMP0015,False,0.0
5acf8be3-a2a5-4288-a40a-e87e5dda2900,2026-08-29T11:29:02.949470,CLI00017,www.jumia/blog.com,134,tablette,CMP0004,False,0.0
0025e789-647e-4c6b-a54e-8f56745619ef,2026-07-12T05:04:02.949470,ANON6336bb13,www.jumia/a-propos.com,97,mobile,CMP0009,False,0.0
2ab11be2-69f7-4813-8963-a724d12c16d7,2026-08-25T20:00:02.949470,CLI00409,www.jumia/produit/detail.com,18,tablette,CMP0004,False,0.0
8d6168e9-d6ed-45ec-bd9f-2eb35edcf869,2026-09-03T15:26:02.949470,ANON914c0ae1,www.jumia/produit/detail.com,17,mobile,CMP0012,False,0.0
2abc0039-d7a4-4d69-906c-0546ef31742a,2026-08-13T03:07:02.949470,CLI00426,www.jumia/produits.com,9,mobile,CMP0012,False,0.0
aa508775-4ee3-4ec0-babe-0eb0c95a794e,2026-08-08T03:35:02.949470,ANONfc243b68,www.jumia/promo.com,97,desktop,CMP0004,False,0.0
1001d3ce-3d72-448c-a965-029a3a8114a8,2026-08-03T22:06:02.949470,CLI00405,www.jumia/produits.com,130,mobile,,False,0.0
9a330dbe-4d26-43af-9f47-77aae7839590,2026-08-04T22:00:02.949470,CLI00302,www.jumia/panier.com,27,tablette,CMP0004,False,0.0
0d46d4ed-1962-45c7-8295-4c9d383923e0,2026-08-06T04:08:02.949470,ANON0a8a9cb8,www.jumia/produits.com,1,tablette,CMP0007,False,0.0
902279e6-a3a3-4934-b73c-dba0bf86c148,2026-08-31T09:21:02.949470,ANON75bd50bb,www.jumia/promo.com,7,desktop,,False,0.0
49def81b-9d6f-491f-a51a-709be8905cc4,2026-07-06T03:20:02.949470,CLI00091,www.jumia/confirmation-commande.com,309,tablette,CMP0005,True,159.58
d58c4f8d-000c-446b-8875-e0e4314b9e65,2026-07-24T14:51:02.949470,CLI00141,www.jumia/a-propos.com,31,tablette,CMP0009,False,0.0
9de9219b-bb20-4b4c-a612-d2d343b0e885,2026-07-25T15:00:02.949470,ANONc8aef91d,www.jumia/contact.com,131,mobile,CMP0013,False,0.0
efdc9192-b23d-467a-8c3a-1bf33491f7ab,2026-07-26T11:02:02.949470,CLI00222,www.jumia/checkout.com,88,desktop,CMP0003,True,260.68
341f0d8f-4b97-4912-b988-b96168330b9f,2026-08-15T16:06:02.949470,CLI00056,www.jumia/panier.com,43,mobile,,False,0.0
ef6b5a41-28bd-417e-be68-cddfaf28af1b,2026-07-25T10:51:02.949470,CLI00351,www.jumia/checkout.com,20,mobile,CMP0009,False,0.0
f225b162-fd14-4f61-ba68-651873e53039,2026-08-11T15:41:02.949470,ANON9e3248d1,www.jumia/produit/detail.com,11,mobile,CMP0004,False,0.0
a79d2d6f-b889-4f1e-9c1b-9eecbb5f660f,2026-08-14T15:42:02.949470,ANON8b13a297,www.jumia/promo.com,85,desktop,CMP0009,False,0.0
3a9a9020-7609-49d9-9c3a-1c1508b0277d,2026-08-24T17:49:02.949470,CLI00439,www.jumia/checkout.com,134,desktop,CMP0005,False,0.0
e1dc5494-e861-4829-927d-fae4cd812c94,2026-07-27T17:54:02.949470,CLI00158,www.jumia/blog.com,92,tablette,,False,0.0
04caca4e-fc2d-4b43-a312-6c69d0fb4b49,2026-07-31T07:32:02.949470,CLI00496,www.jumia/blog.com,68,desktop,,False,0.0
e1c21516-201d-44c0-9e25-1bc98927982c,2026-08-15T23:01:02.949470,CLI00361,www.jumia/panier.com,3,mobile,,False,0.0
cbf561a6-20a1-4b77-8f7a-2a4ab1e7af63,2026-08-17T16:48:02.949470,CLI00219,www.jumia/blog.com,311,desktop,CMP0006,False,0.0
75863beb-48f3-4bee-9ab4-bb0215834dcf,2026-08-10T12:19:02.949470,ANONd04d5804,www.jumia/contact.com,144,desktop,CMP0004,False,0.0
3af31bd9-919d-456a-ac81-7e8aac0094e3,2026-07-11T20:47:02.949470,CLI00370,www.jumia/promo.com,31,desktop,CMP0012,False,0.0
ce2d7f54-298b-4dc3-b5bb-0508b05a1be1,2026-09-03T20:21:02.949470,ANON0d209b7f,www.jumia/contact.com,351,mobile,,False,0.0
bf684be5-4706-44a7-9e11-c24952858ab9,2026-07-23T14:09:02.949470,CLI00176,www.jumia/checkout.com,82,desktop,CMP0002,False,0.0
0b139b09-ddd5-4661-84a5-8ace3dacc3d2,2026-09-03T03:39:02.949470,ANONd377fb5d,www.jumia/confirmation-commande.com,78,tablette,CMP0015,True,293.5
0d8bfeb7-7e6d-43d8-a206-7b52fb21eed6,2026-07-31T23:27:02.949470,ANONe899c6c1,www.jumia/a-propos.com,124,mobile,CMP0005,False,0.0
0c991f6e-2e0b-4180-9ece-fd17e97945a6,2026-08-03T01:52:02.949470,ANON20170797,www.jumia/a-propos.com,150,tablette,CMP0013,False,0.0
3e3fea3a-0145-4581-ac46-8ab236ba6959,2026-08-27T04:16:02.949470,ANON9b487435,www.jumia/confirmation-commande.com,96,desktop,CMP0013,True,287.8
52ca7b7c-c2a3-41a0-8c2f-9509b8c96dd6,2026-09-01T09:19:02.949470,CLI00240,www.jumia/panier.com,12,desktop,,False,0.0
d19bac41-3aaf-4dda-a844-8acdd7299ce6,2026-07-29T04:44:02.949470,ANON0eb90344,www.jumia/checkout.com,37,mobile,,False,0.0
298cd862-8c19-4d23-9570-d9058174ca82,2026-07-13T22:13:02.949470,ANON7ac3d780,www.jumia/accueil.com,236,tablette,CMP0007,False,0.0
a0b36635-8313-4206-8ee9-0d7c60859b14,2026-07-09T10:55:02.949470,ANON37a887a3,www.jumia/a-propos.com,22,desktop,CMP0007,False,0.0
2b4c6775-f235-4da0-be1a-fef025d0ac6c,2026-08-25T12:03:02.949470,ANON1e59b4b3,www.jumia/produits.com,41,tablette,CMP0006,False,0.0
5e2cb6c9-572c-4558-b48a-aef0a1e5948a,2026-07-11T12:21:02.949470,ANONbc2fa609,www.jumia/produits.com,50,tablette,CMP0003,False,0.0
b3fde97a-237a-4db7-baa3-ce385948a34c,2026-09-03T09:11:02.949470,CLI00038,www.jumia/blog.com,52,desktop,,False,0.0
dc4a164f-4bd7-403c-bb75-acae0afa0715,2026-08-04T09:28:02.949470,ANONc9eb05c8,www.jumia/confirmation-commande.com,85,tablette,,True,35.81
6c4cb3bd-a5be-45f9-a10c-94bef192443f,2026-08-11T05:01:02.949470,ANON3f3f2234,www.jumia/blog.com,257,mobile,CMP0012,False,0.0
246f262d-5345-40f1-afba-2bf43df6ec5e,2026-07-31T12:50:02.949470,CLI00005,www.jumia/panier.com,24,desktop,CMP0014,False,0.0
df563aeb-f12b-416f-b3b7-2a7b6c7499bb,2026-08-01T22:48:02.949470,ANONb778f464,www.jumia/confirmation-commande.com,11,tablette,,True,166.72
2653eb9c-b16a-48f8-a184-27178e1ec348,2026-08-17T01:21:02.949470,ANON91c6b047,www.jumia/promo.com,19,mobile,,False,0.0
87c32c47-e2b1-40a5-a3f6-e8a28d48e150,2026-07-17T22:45:02.949470,CLI00309,www.jumia/accueil.com,196,mobile,CMP0002,False,0.0
25a38f45-047b-4ba2-a1ea-8885211f75ce,2026-08-09T05:36:02.949470,ANON429258ed,www.jumia/panier.com,93,mobile,CMP0006,False,0.0
f9f94687-6d32-40cb-b578-6627ce01e7b3,2026-07-24T23:59:02.949470,CLI00471,www.jumia/panier.com,30,desktop,,False,0.0
41175226-0680-424c-9c2c-7006853a1061,2026-07-06T23:28:02.949470,CLI00428,www.jumia/blog.com,152,mobile,,False,0.0
5576e807-8516-4f42-a86b-55dc6a2f97aa,2026-08-03T18:26:02.949470,CLI00229,www.jumia/contact.com,177,desktop,,False,0.0
e8e57a3b-6fb0-4004-b5bb-4d2163397c62,2026-07-18T01:21:02.949470,CLI00497,www.jumia/produit/detail.com,168,tablette,CMP0014,False,0.0
134aadde-b836-4595-98aa-1e7cd0fadac9,2026-09-02T13:18:02.949470,ANONfed249a4,www.jumia/produits.com,226,desktop,CMP0003,False,0.0
91258ead-aa1e-435f-a933-7266d3caa157,2026-08-22T13:54:02.949470,CLI00098,www.jumia/panier.com,26,mobile,,False,0.0
f0d9cfdc-1ef8-4609-8777-a144ebe7a4d0,2026-08-26T10:55:02.949470,CLI00234,www.jumia/accueil.com,126,mobile,CMP0009,False,0.0
f7a5ed86-43a4-4067-adf4-42720f2a38d1,2026-07-30T07:57:02.949470,CLI00185,www.jumia/checkout.com,55,desktop,,False,0.0
71aaf83d-dce3-444e-b774-5373086f2936,2026-09-04T14:51:02.949470,CLI00330,www.jumia/blog.com,166,desktop,CMP0012,False,0.0
4fcad8ef-bed1-47ba-b04a-2ed4fec2af7d,2026-07-07T03:18:02.949470,CLI00073,www.jumia/panier.com,117,mobile,,False,0.0
b683997e-b80d-4734-9c6d-13e5d10c67da,2026-08-10T18:40:02.949470,ANONea02926c,www.jumia/accueil.com,134,mobile,CMP0003,False,0.0
3830ff6f-2eed-4501-ad96-eccd6004abdd,2026-08-13T01:27:02.949470,CLI00317,www.jumia/blog.com,96,mobile,,False,0.0
a15db50d-08cf-472c-bd59-f3e51abdf932,2026-07-31T23:43:02.949470,ANON13cd5b01,www.jumia/produit/detail.com,17,desktop,,False,0.0
9cbded8e-ff01-43c4-adbd-b1d947e29c22,2026-08-30T22:22:02.949470,CLI00207,www.jumia/confirmation-commande.com,70,desktop,CMP0008,True,274.06
7cb52c91-d515-4ce9-88a0-540195f9984d,2026-08-14T04:33:02.949470,CLI00456,www.jumia/contact.com,376,mobile,,False,0.0
8ece140b-ada8-404d-9b55-7fac9db31b68,2026-08-21T23:30:02.949470,CLI00307,www.jumia/a-propos.com,249,mobile,CMP0009,False,0.0
16e04ee0-d84c-4bd0-a6db-5248ffd4333c,2026-07-15T21:32:02.949470,CLI00034,www.jumia/produits.com,3,desktop,CMP0004,False,0.0
46918618-8bb0-4dc1-a11f-4db16970f05e,2026-08-04T08:26:02.949470,CLI00439,www.jumia/promo.com,16,tablette,,False,0.0
a3691d5c-6d4c-4ac9-b1f1-5afc176e4a66,2026-07-06T04:02:02.949470,CLI00166,www.jumia/a-propos.com,12,desktop,CMP0015,False,0.0
370092a3-a82a-42fe-8cce-88e6c6aa09ac,2026-08-14T16:17:02.949470,ANONd5005f50,www.jumia/promo.com,116,mobile,CMP0008,False,0.0
b2781a03-ecf2-46a2-9bed-534185e1e0ce,2026-07-14T02:04:02.949470,CLI00043,www.jumia/produits.com,153,tablette,CMP0003,False,0.0
9d775e2c-640a-408f-824a-6bc9cbb2600f,2026-07-31T04:28:02.949470,CLI00129,www.jumia/produit/detail.com,21,tablette,,False,0.0
885b08eb-0647-4b9f-91c0-637948fdd25b,2026-08-17T03:53:02.949470,CLI00303,www.jumia/a-propos.com,63,tablette,,False,0.0
ae1e8c89-b002-48b7-aeb2-5152ae40fc5e,2026-08-11T03:20:02.949470,CLI00192,www.jumia/produit/detail.com,165,tablette,,False,0.0
13553bde-2f40-4228-9a2a-6df3c05a64f3,2026-08-21T20:19:02.949470,CLI00025,www.jumia/panier.com,118,mobile,,False,0.0
3e007b03-791d-4ebd-896a-da6e32709aa3,2026-07-05T23:12:02.949470,CLI00204,www.jumia/confirmation-commande.com,70,desktop,CMP0013,True,18.34
a5e5bf27-5546-4040-93e8-e56631963a50,2026-08-05T05:44:02.949470,ANON5243189b,www.jumia/promo.com,80,desktop,,False,0.0
956da19e-9ee4-4a1b-93c5-9475c1d11245,2026-08-03T01:01:02.949470,CLI00061,www.jumia/checkout.com,63,tablette,,False,0.0
78ef0959-0bd2-4aff-9ec6-3eae77aca7d2,2026-09-03T04:53:02.949470,CLI00175,www.jumia/contact.com,31,tablette,,False,0.0
1ede8e55-26d4-45e9-af5e-432d05d6b3e2,2026-08-04T15:38:02.949470,CLI00266,www.jumia/checkout.com,74,tablette,,True,119.15
d6c4ecdb-8003-48c9-8d1b-e68457fb2346,2026-07-07T11:40:02.949470,ANON78cd5401,www.jumia/produits.com,105,tablette,CMP0008,False,0.0
314fbc8f-f6fa-4404-8c55-df7fa10508e8,2026-08-20T03:40:02.949470,CLI00224,www.jumia/a-propos.com,185,mobile,,False,0.0
b3ef8992-1899-49a0-9082-1d0717b08d84,2026-08-30T10:43:02.949470,ANON4ea407a1,www.jumia/panier.com,91,mobile,CMP0015,False,0.0
6d29971a-6e42-4f0e-9122-2a03a54ece1e,2026-08-28T15:46:02.949470,CLI00382,www.jumia/confirmation-commande.com,128,mobile,,True,164.79
43a257e5-4f8a-4743-a7df-751d8347595b,2026-08-11T11:05:02.949470,CLI00118,www.jumia/a-propos.com,15,mobile,CMP0009,False,0.0
ed4dc1e9-7c52-41aa-b029-aa9518b13809,2026-07-28T23:38:02.949470,ANON0d2607bf,www.jumia/promo.com,55,mobile,,False,0.0
b8bef8e1-f648-4248-9b8a-7826b904daf3,2026-08-28T16:41:02.949470,CLI00104,www.jumia/checkout.com,1,desktop,CMP0010,True,291.21
37a09fe5-b928-42e6-a124-d95e79927191,2026-07-24T07:29:02.949470,ANONace03150,www.jumia/contact.com,25,desktop,CMP0007,False,0.0
612f3643-a0b1-423c-b789-91043929ffdf,2026-07-14T17:51:02.949470,ANON824d452d,www.jumia/checkout.com,116,tablette,CMP0005,True,224.04
d659d96f-9015-475b-8a90-10b1c0f92a60,2026-07-09T20:20:02.949470,CLI00083,www.jumia/panier.com,432,desktop,CMP0003,False,0.0
3036abaf-69c6-496a-b811-1670bbf08740,2026-08-25T00:13:02.949470,CLI00428,www.jumia/confirmation-commande.com,9,desktop,CMP0010,True,35.1
a9e5aa11-d991-4559-bd8b-01d8d760be3b,2026-07-14T06:39:02.949470,ANON227e343f,www.jumia/produit/detail.com,46,mobile,,False,0.0
c2214a67-28b2-4a4b-aeca-aa85455b1bb3,2026-08-02T23:15:02.949470,CLI00061,www.jumia/a-propos.com,144,desktop,CMP0006,False,0.0
409e9ce7-1ade-4a4a-8778-504fc1a524d2,2026-08-07T22:21:02.949470,CLI00339,www.jumia/contact.com,20,desktop,,False,0.0
3726c31c-0550-42d7-b2c7-915ace045210,2026-08-26T22:06:02.949470,CLI00037,www.jumia/confirmation-commande.com,72,mobile,,True,264.44
e1696f59-9a8b-4046-917d-3067d6919632,2026-07-30T02:39:02.949470,CLI00087,www.jumia/contact.com,118,desktop,,False,0.0
3ada1f1e-ef9f-4572-908a-9bd2511277b8,2026-07-20T10:38:02.949470,ANON61d90bee,www.jumia/promo.com,86,desktop,CMP0012,False,0.0
d389afbd-32ed-4512-91aa-a9b230d2aa27,2026-07-21T16:03:02.949470,ANONd7fb7d10,www.jumia/blog.com,18,mobile,,False,0.0
462b28c0-80ed-4ff7-9f46-b0f767ca6020,2026-08-14T22:27:02.949470,ANONf81397c5,www.jumia/checkout.com,39,tablette,,False,0.0
9cf3a121-3063-4e61-824b-991e2edb744c,2026-08-07T04:58:02.949470,CLI00183,www.jumia/produits.com,137,mobile,,False,0.0
8296f5d9-f74b-4dc0-9816-7fecbdab5da5,2026-07-12T17:23:02.949470,CLI00303,www.jumia/blog.com,72,tablette,CMP0010,False,0.0
d1ef8104-ff95-4b0c-8b7c-734c072bfcd4,2026-07-22T22:21:02.949470,CLI00311,www.jumia/promo.com,1,desktop,,False,0.0
93942bf4-744e-4a8e-aeb7-27b2c4e9c689,2026-08-13T11:27:02.949470,CLI00309,www.jumia/produits.com,128,tablette,,False,0.0
5918897a-48b9-4bcd-b697-6707b6d78c87,2026-08-28T14:38:02.949470,ANON2fd93fbd,www.jumia/panier.com,3,desktop,CMP0002,False,0.0
491ef92e-637b-4ba1-999d-b88d8cfa5764,2026-08-12T16:17:02.949470,CLI00202,www.jumia/accueil.com,123,desktop,,False,0.0
46e37661-cb09-4327-b905-0feb4407f179,2026-08-16T09:26:02.949470,CLI00482,www.jumia/blog.com,20,tablette,CMP0014,False,0.0
6225363c-c56d-4314-85aa-12ec895a011c,2026-08-22T08:14:02.949470,CLI00093,www.jumia/accueil.com,285,tablette,,False,0.0
72c88003-80a9-4021-9556-4fb56017aa7f,2026-09-04T04:38:02.949470,ANON2c1e2e25,www.jumia/contact.com,41,desktop,CMP0007,False,0.0
2a131b9d-d479-4c5e-8153-d207675e41c4,2026-07-28T15:54:02.949470,CLI00402,www.jumia/accueil.com,35,desktop,CMP0004,False,0.0
69755ed3-ca45-49e1-bc6c-76ed0c4dda9a,2026-08-04T17:12:02.949470,CLI00286,www.jumia/a-propos.com,14,tablette,CMP0013,False,0.0
b6e25e41-7152-4303-ab03-b7a8a2093d83,2026-07-26T17:57:02.949470,ANONadd29cdb,www.jumia/produit/detail.com,32,desktop,,False,0.0
d32786ad-66d2-4504-8a50-4971439fb590,2026-08-28T20:53:02.949470,ANONef9bfc96,www.jumia/panier.com,188,desktop,CMP0009,False,0.0
e920cb12-c0a1-41b2-aed8-d9f926e07911,2026-08-28T03:38:02.949470,CLI00208,www.jumia/confirmation-commande.com,504,tablette,,True,192.21
c538f70d-3f7e-4b07-9d0c-1ad5416dd96c,2026-07-17T06:44:02.949470,CLI00173,www.jumia/contact.com,41,desktop,CMP0012,False,0.0
fc6f3aa3-705e-43ba-9b74-fb81f4934367,2026-08-22T23:42:02.949470,CLI00159,www.jumia/a-propos.com,53,tablette,CMP0002,False,0.0
fb839fc0-380e-4aa8-b481-e3c0a9d194e1,2026-08-16T11:50:02.949470,CLI00204,www.jumia/promo.com,115,tablette,,False,0.0
38251b92-df16-4201-9e0a-819db09ee50e,2026-07-10T00:37:02.949470,ANON2fbbe0d2,www.jumia/blog.com,195,desktop,CMP0010,False,0.0
d1fb81cb-4909-4efa-bc16-d6bd099487eb,2026-07-15T16:53:02.949470,CLI00198,www.jumia/produits.com,80,tablette,CMP0007,False,0.0
656b342c-1cb7-49b7-bd57-c4e1c3f6272b,2026-08-27T04:11:02.949470,CLI00116,www.jumia/contact.com,44,mobile,CMP0002,False,0.0
1ae35d1b-317b-43ab-a73d-af55a81cd0a6,2026-07-21T11:41:02.949470,CLI00254,www.jumia/panier.com,47,tablette,,False,0.0
f6661de2-8a9d-499f-b305-f54b183acd1a,2026-07-20T02:28:02.949470,ANONae7254a4,www.jumia/produit/detail.com,107,mobile,CMP0011,False,0.0
e0cbd866-b120-4330-be69-fccd27c86245,2026-07-24T01:33:02.949470,CLI00225,www.jumia/blog.com,1,tablette,,False,0.0
108d806c-e934-461d-8e89-a281e678be49,2026-08-10T12:44:02.949470,CLI00205,www.jumia/promo.com,86,desktop,CMP0014,False,0.0
06584f82-a804-47f6-9592-03241a46daae,2026-08-22T03:17:02.949470,CLI00411,www.jumia/checkout.com,39,desktop,,False,0.0
b3afe43c-55cc-4dc5-a0c5-baec15d8ec6b,2026-09-01T01:52:02.949470,ANONcb99b8e3,www.jumia/produit/detail.com,142,desktop,CMP0002,False,0.0
954b14d6-1bbe-46d7-b7dd-af517c202d8f,2026-08-30T16:47:02.949470,ANONd8817860,www.jumia/produits.com,8,tablette,,False,0.0
04c7e0de-da89-4ec4-8097-04e10cfc1f69,2026-08-20T10:06:02.949470,ANON38bce49c,www.jumia/panier.com,79,tablette,CMP0013,False,0.0
ef07aeb0-c138-4c91-a6f4-76087138bd20,2026-07-28T17:16:02.949470,ANONd1a8e360,www.jumia/panier.com,59,desktop,,False,0.0
bed0a555-45f7-4dd2-8903-15a469d101c6,2026-07-23T13:25:02.949470,CLI00303,www.jumia/blog.com,92,mobile,CMP0010,False,0.0
eb0faf7f-80f9-4a49-939c-3a6903a929bb,2026-07-15T19:07:02.949470,CLI00178,www.jumia/contact.com,6,tablette,CMP0011,False,0.0
38080aff-6d23-4665-93bf-4bcd1c923a44,2026-07-14T21:15:02.949470,CLI00130,www.jumia/accueil.com,78,tablette,CMP0012,False,0.0
ea897f09-57f9-4b49-9346-7f650c28175a,2026-08-13T09:59:02.949470,ANON6d46fb3f,www.jumia/blog.com,74,mobile,,False,0.0
38f569fc-b1b5-4160-ab67-781b34f3233b,2026-08-17T08:51:02.949470,CLI00120,www.jumia/promo.com,74,tablette,CMP0011,False,0.0
b95767dc-376a-4420-8467-a33ea81bb848,2026-09-04T07:41:02.949470,ANON704252c1,www.jumia/promo.com,83,desktop,,False,0.0
59f3e860-b1c3-4922-a0fd-2285de534e60,2026-08-29T19:11:02.949470,CLI00062,www.jumia/produits.com,101,tablette,CMP0013,False,0.0
54c69a7d-da38-4c93-95b2-c95d89588b7b,2026-07-10T10:58:02.949470,ANONff6e011c,www.jumia/panier.com,147,tablette,,False,0.0
28dad1b2-cdac-48dc-b0b7-21ae0c1e0424,2026-08-24T00:25:02.949470,ANONec8d177b,www.jumia/produits.com,28,desktop,CMP0011,False,0.0
708277bf-4415-4df2-8746-d76c770fa05b,2026-07-10T21:57:02.949470,CLI00209,www.jumia/blog.com,156,tablette,CMP0011,False,0.0
7142976d-ea5f-4667-86c1-8328c9b48251,2026-08-04T23:26:02.949470,CLI00091,www.jumia/blog.com,62,desktop,CMP0002,False,0.0
2027869d-46a3-425e-8b1d-8ce3f19ed62d,2026-08-05T20:43:02.949470,CLI00332,www.jumia/produits.com,7,desktop,CMP0004,False,0.0
5af11878-1a31-47e2-b763-7b90d097e0ff,2026-08-02T22:05:02.949470,ANON8ec7bbf3,www.jumia/a-propos.com,5,mobile,CMP0015,False,0.0
1d685027-2f84-45cc-b7fb-7e3ff6eab765,2026-08-18T05:38:02.949470,CLI00168,www.jumia/blog.com,36,desktop,CMP0009,False,0.0
bc9af8c9-eaf9-4417-8001-a524acc5e492,2026-07-07T13:08:02.949470,ANONc3ea9fbe,www.jumia/panier.com,138,tablette,CMP0002,False,0.0
406219e0-507e-436b-bed3-ad0d21778a83,2026-08-14T09:43:02.949470,CLI00350,www.jumia/produit/detail.com,110,tablette,CMP0006,False,0.0
9f0e1721-e4e5-4abe-bc71-97608146e46a,2026-07-29T12:43:02.949470,ANONe58f32da,www.jumia/produit/detail.com,139,tablette,,False,0.0
bd432921-bfcd-4a82-b093-b85f360eb379,2026-07-15T08:33:02.949470,ANONb832f564,www.jumia/produits.com,65,desktop,,False,0.0
30b4f680-a46c-41f8-a85d-142615e6b262,2026-09-03T03:38:02.949470,ANON69c7fd8a,www.jumia/produit/detail.com,52,mobile,CMP0003,False,0.0
616521ca-a9e0-453a-952d-5cadf4f9237a,2026-08-06T01:10:02.949470,ANON9190bc94,www.jumia/contact.com,14,tablette,CMP0010,False,0.0
33248dd8-ada5-4770-a648-83c43d133d2f,2026-08-10T07:22:02.949470,ANON1ee79e9e,www.jumia/produits.com,35,desktop,CMP0002,False,0.0
839c554d-2df4-43f9-a6a0-84774981835e,2026-07-21T05:41:02.949470,CLI00407,www.jumia/blog.com,51,mobile,CMP0014,False,0.0
ee484ccb-caf6-4271-b290-b8e460958ecc,2026-07-27T20:30:02.949470,CLI00432,www.jumia/promo.com,8,mobile,,False,0.0
6c161517-f3d4-4805-b23c-7fd293a6a255,2026-08-29T10:37:02.949470,CLI00270,www.jumia/promo.com,22,tablette,,False,0.0
cac29777-e605-4604-888c-1e895ef71c76,2026-08-19T12:05:02.949470,ANONff7015da,www.jumia/checkout.com,82,desktop,CMP0009,False,0.0
52a17323-c9ed-4679-9f67-8c46bc5361c6,2026-08-23T00:50:02.949470,CLI00223,www.jumia/blog.com,119,mobile,,False,0.0
bf6fb9f5-c181-4729-9eda-944d22870574,2026-08-05T19:03:02.949470,CLI00200,www.jumia/checkout.com,576,desktop,CMP0009,False,0.0
10e4e084-f484-40ca-9bb9-c3c9e25c803a,2026-08-24T16:16:02.949470,CLI00485,www.jumia/produits.com,243,desktop,CMP0014,False,0.0
969312e5-c070-443c-a296-39f279371655,2026-09-01T13:19:02.949470,CLI00329,www.jumia/confirmation-commande.com,92,tablette,,True,225.69
198e9f86-4c57-42cd-9728-1b58321839e8,2026-07-06T19:51:02.949470,ANON37b7ad48,www.jumia/accueil.com,49,tablette,CMP0006,False,0.0
42ee894d-fb6b-4b43-b889-4bf01b9af863,2026-08-30T08:19:02.949470,CLI00190,www.jumia/accueil.com,90,mobile,CMP0014,False,0.0
9ab82f1a-44e1-4efa-905c-8c4e82cd4707,2026-07-12T08:43:02.949470,ANONf967fdb6,www.jumia/produits.com,138,tablette,,False,0.0
2dfd1715-4775-4040-ae5f-65626f13690f,2026-07-19T09:45:02.949470,CLI00473,www.jumia/blog.com,11,mobile,CMP0010,False,0.0
19547bae-14ba-4737-abd2-a581b6c4f40e,2026-09-01T16:39:02.949470,CLI00124,www.jumia/confirmation-commande.com,47,desktop,,True,295.55
5bb45fc1-70ed-431a-9cab-e53abe58083b,2026-08-27T01:55:02.949470,CLI00080,www.jumia/produit/detail.com,164,tablette,,False,0.0
df678e36-471a-42ac-b83e-9ba5e28aedea,2026-07-21T14:14:02.949470,CLI00293,www.jumia/checkout.com,43,tablette,CMP0015,True,265.42
4019c2ed-8122-4a25-9786-3976ee9f84e0,2026-09-02T02:58:02.949470,CLI00212,www.jumia/blog.com,76,desktop,,False,0.0
bae7c4d2-eedb-46ec-95c2-a8b536a005b7,2026-08-28T01:24:02.949470,CLI00006,www.jumia/blog.com,79,mobile,,False,0.0
29d8f023-a7a2-494b-bca7-d7ad18082a3e,2026-08-19T08:40:02.949470,CLI00327,www.jumia/produits.com,18,mobile,,False,0.0
0fb239b6-075e-43de-93ef-0604b34f0b4e,2026-07-16T09:36:02.949470,CLI00379,www.jumia/checkout.com,40,tablette,CMP0006,False,0.0
2cd90a47-d9f8-45bc-a2a4-97aeb3fc5bcd,2026-09-03T16:57:02.949470,CLI00292,www.jumia/checkout.com,36,mobile,CMP0005,True,49.03
77bb382f-eed9-4933-ab1e-0569e14ef0dd,2026-09-03T21:07:02.949470,CLI00266,www.jumia/accueil.com,2,desktop,,False,0.0
33d26bcf-1f11-4bef-9301-f4f1df4d5a33,2026-08-04T21:39:02.949470,CLI00043,www.jumia/produits.com,2,mobile,CMP0014,False,0.0
8c10fe49-087b-4df9-809b-a6452231065f,2026-08-02T13:55:02.949470,CLI00394,www.jumia/accueil.com,160,tablette,CMP0003,False,0.0
243ea07e-a02e-49b6-8d3e-474e02b823df,2026-09-03T11:21:02.949470,ANONdaffdd60,www.jumia/confirmation-commande.com,28,mobile,,True,27.47
72d6a936-ed94-4312-a256-bb2877fcc1de,2026-09-03T22:53:02.949470,CLI00090,www.jumia/confirmation-commande.com,65,tablette,,True,146.68
4264879b-53ab-4234-91e3-5ac230336dc9,2026-07-09T06:56:02.949470,CLI00116,www.jumia/produit/detail.com,31,tablette,CMP0005,False,0.0
5e6392d4-fd32-4459-884a-108e5887b037,2026-07-18T05:14:02.949470,CLI00226,www.jumia/produits.com,254,mobile,,False,0.0
4904e009-3d45-4247-9284-1621626a2531,2026-08-13T10:50:02.949470,CLI00163,www.jumia/accueil.com,27,mobile,CMP0003,False,0.0
98c31b03-fd26-4338-a602-d01fa4c1999e,2026-08-17T20:58:02.949470,ANON475cd912,www.jumia/produit/detail.com,50,tablette,CMP0001,False,0.0
b3f7685d-328e-4058-b60e-03e6d13b91b6,2026-09-03T04:55:02.949470,CLI00120,www.jumia/accueil.com,185,desktop,CMP0015,False,0.0
1955469c-8f52-4c7a-8f5a-b2b9991abc9a,2026-07-06T12:35:02.949470,ANON94ee409a,www.jumia/produits.com,166,mobile,,False,0.0
d5d5647a-a2c3-4cfb-bcb5-e4ce9ed0e6b0,2026-08-23T14:34:02.949470,CLI00422,www.jumia/contact.com,18,tablette,CMP0002,False,0.0
e2315670-d8aa-49f7-90bc-87b2c2afce97,2026-08-16T06:50:02.949470,CLI00467,www.jumia/panier.com,146,tablette,,False,0.0
82c4b853-1d89-4c68-9a4f-2bcfd62671bd,2026-08-06T13:48:02.949470,CLI00471,www.jumia/produit/detail.com,55,desktop,CMP0011,False,0.0
31efc6a3-c7e7-4fc1-8d23-9d8ddcea9e44,2026-08-09T05:46:02.949470,ANON5b6fb47e,www.jumia/blog.com,59,desktop,CMP0011,False,0.0
60ef8ec0-819e-492d-936a-63b648f02779,2026-08-30T23:55:02.949470,CLI00154,www.jumia/produit/detail.com,12,mobile,,False,0.0
2eea8dd1-391e-41c9-bd1a-d59ad6c9e836,2026-08-04T08:17:02.949470,ANON776de56c,www.jumia/blog.com,7,mobile,,False,0.0
e80b2386-67af-43c3-b0d3-fe6a35352698,2026-08-28T14:54:02.949470,CLI00214,www.jumia/contact.com,117,tablette,CMP0007,False,0.0
8f5710da-69e7-4328-abc0-3eb2c1136c1c,2026-08-03T08:56:02.949470,CLI00205,www.jumia/produit/detail.com,61,tablette,CMP0006,False,0.0
948cd4ee-a3ba-40a3-8895-f1e3bb571849,2026-08-08T00:47:02.949470,ANONc04fc62b,www.jumia/promo.com,51,desktop,CMP0004,False,0.0
12c2bc99-f780-4e26-974a-9965b2242102,2026-09-01T09:07:02.949470,ANONde442450,www.jumia/confirmation-commande.com,117,mobile,,True,198.54
25a5a01b-392e-4a8f-a46f-af79b153150a,2026-07-30T23:02:02.949470,CLI00464,www.jumia/promo.com,130,desktop,CMP0011,False,0.0
f3723824-5244-4925-bead-a944b1e53971,2026-07-09T00:45:02.949470,CLI00197,www.jumia/a-propos.com,15,desktop,CMP0015,False,0.0
2c77ed7a-39b3-47ec-888a-595636dd1239,2026-07-17T08:33:02.949470,CLI00342,www.jumia/produit/detail.com,84,desktop,,False,0.0
67ea21c8-27e8-47ba-9f2b-29957ba7b8b3,2026-08-22T16:08:02.949470,ANONbad8ead1,www.jumia/promo.com,13,mobile,,False,0.0
9a4d8a5c-161e-4609-9d48-2318435c859a,2026-07-15T07:52:02.949470,ANON54ee67bb,www.jumia/contact.com,125,desktop,CMP0014,False,0.0
0405a407-120b-40c8-836e-40c6801f70d9,2026-08-14T14:05:02.949470,ANONf3c8823f,www.jumia/produits.com,96,mobile,,False,0.0
acfbe000-e9c0-4b79-9515-e75c7f38319b,2026-07-10T18:32:02.949470,ANONf6747ec7,www.jumia/confirmation-commande.com,282,desktop,,True,257.99
aa3614d6-f2ff-4fdf-bdfb-2ebf9d1572fb,2026-09-03T05:44:02.949470,ANON537e3d4e,www.jumia/checkout.com,6,desktop,,False,0.0
a8b26ec8-4efb-4056-9382-a55bf4926ef2,2026-08-14T05:09:02.949470,CLI00174,www.jumia/produit/detail.com,5,desktop,,False,0.0
1d6f833b-2349-4064-bab6-3981fe2e17c7,2026-07-24T22:23:02.949470,ANON2318762e,www.jumia/produit/detail.com,29,desktop,CMP0015,False,0.0
13e437f5-348d-4c78-9cc1-17c50d521f27,2026-07-13T12:30:02.949470,CLI00283,www.jumia/contact.com,27,tablette,,False,0.0
a99ed72c-3cfe-4fbc-a25c-45181c33fe9f,2026-07-23T17:26:02.949470,ANONdd8cccfa,www.jumia/produit/detail.com,25,desktop,,False,0.0
577b43d8-05f0-4857-81c8-3ae1b9271280,2026-07-11T19:40:02.949470,CLI00245,www.jumia/produit/detail.com,213,mobile,,False,0.0
d6e1a1d8-b696-4381-8d3c-766fd4598b7e,2026-08-12T17:24:02.949470,ANON8b32cc93,www.jumia/produit/detail.com,25,desktop,CMP0008,False,0.0
d695f751-58be-4439-b8c6-2e7f3f36d1c3,2026-08-31T19:03:02.949470,ANONe6623ae8,www.jumia/confirmation-commande.com,28,desktop,,True,296.53
6ce173e0-f4e9-41f7-ad6d-3d9470b522a5,2026-07-09T23:40:02.949470,ANON0d4bc7aa,www.jumia/produit/detail.com,128,mobile,,False,0.0
b420f5b9-371f-4b5d-b486-bdfb70d36a9c,2026-09-03T15:44:02.949470,CLI00365,www.jumia/produits.com,53,desktop,,False,0.0
6d000391-3eb7-4799-9bb3-b34b960ad087,2026-08-13T09:33:02.949470,ANON2b64c1be,www.jumia/produit/detail.com,134,desktop,,False,0.0
460bab00-cd31-42ff-8b56-f9cbf32a4a06,2026-08-29T02:44:02.949470,ANON984c37eb,www.jumia/accueil.com,6,desktop,CMP0009,False,0.0
8c1604a4-1548-4f29-838b-687d4dbd95d1,2026-07-25T23:35:02.949470,ANONe7bf7bdc,www.jumia/checkout.com,60,desktop,,False,0.0
34f9a70b-eccd-4f9d-9c16-e54f7d066a40,2026-07-26T19:49:02.949470,ANON18cc125d,www.jumia/contact.com,3,tablette,,False,0.0
77db2ac0-694c-4124-8325-3cedf5dd0f5d,2026-07-11T05:07:02.949470,ANON555b4e7f,www.jumia/promo.com,5,mobile,CMP0014,False,0.0
919bc57e-ead5-46ae-a3e3-704865391ef6,2026-08-22T12:33:02.949470,ANON83a9357b,www.jumia/blog.com,213,desktop,CMP0004,False,0.0
7201d33e-2233-4681-bd4a-f3cb7ff60cc0,2026-07-08T17:15:02.949470,CLI00412,www.jumia/a-propos.com,13,desktop,CMP0007,False,0.0
89091430-f0b5-4a56-93cd-9e27cc16d685,2026-08-01T16:53:02.949470,ANON239e545a,www.jumia/a-propos.com,68,mobile,CMP0006,False,0.0
5abeab6f-77f2-4ebf-a885-f16dee3af860,2026-08-06T03:49:02.949470,ANON495d18ff,www.jumia/produits.com,47,tablette,CMP0008,False,0.0
eae7d255-69c5-4c54-bc07-0e55c21d2388,2026-09-02T05:27:02.949470,CLI00066,www.jumia/produits.com,38,mobile,CMP0002,False,0.0
7abd30da-9697-45f5-bc24-9ea20eeb8a5d,2026-07-09T23:55:02.949470,ANON46924c99,www.jumia/produits.com,207,mobile,CMP0010,False,0.0
3766ea36-1a74-476e-a29a-deba23f777e1,2026-07-06T17:32:02.949470,CLI00466,www.jumia/promo.com,1,mobile,,False,0.0
f1c99317-76ad-4146-969e-7dd9f08d0ee8,2026-07-15T13:12:02.949470,ANONb8b44741,www.jumia/confirmation-commande.com,98,mobile,,True,239.05
cfb4f902-fbdb-49ff-ac37-12c4e34436d4,2026-08-13T21:35:02.949470,CLI00382,www.jumia/produits.com,297,mobile,,False,0.0
dc81e995-031f-4ddd-8f84-2210b8a0ecb3,2026-07-11T16:37:02.949470,ANON31ce67e1,www.jumia/panier.com,73,mobile,CMP0013,False,0.0
bd43a055-ccd0-490e-a3b8-259527693790,2026-08-19T20:56:02.949470,CLI00419,www.jumia/panier.com,248,tablette,CMP0009,False,0.0
ca06cd93-faf9-4e6b-a50d-22085db8f565,2026-08-06T14:17:02.949470,ANON7134a133,www.jumia/promo.com,4,mobile,CMP0005,False,0.0
b1d752e9-6b62-4cdf-8f72-12e5e6ded168,2026-08-03T00:04:02.949470,ANON290b75f9,www.jumia/checkout.com,48,mobile,CMP0003,True,169.47
b04c9d03-5eff-4d86-89c4-63d018a4ddf8,2026-08-18T22:16:02.949470,CLI00435,www.jumia/confirmation-commande.com,27,mobile,,True,230.54
e7a5a679-781d-46b2-b266-a2833515f30b,2026-07-16T07:12:02.949470,CLI00212,www.jumia/a-propos.com,118,tablette,,False,0.0
40363c43-40a0-4fb7-8bed-969a12a73e10,2026-07-24T00:59:02.949470,ANON074d6334,www.jumia/a-propos.com,358,mobile,CMP0006,False,0.0
ccd517fe-313a-4b06-bb10-9808dc41aab8,2026-08-16T15:48:02.949470,CLI00033,www.jumia/contact.com,26,desktop,CMP0003,False,0.0
aa6dd4ed-ae61-4631-a09f-9a0e8586679a,2026-09-01T17:35:02.949470,ANONabacac1c,www.jumia/produits.com,95,tablette,,False,0.0
3fb0a275-fc22-486f-8ccf-a798d9e33646,2026-08-23T17:00:02.949470,ANON76bbbc0d,www.jumia/confirmation-commande.com,19,desktop,CMP0012,True,182.62
26ae227b-32b8-4a99-a2fd-8908cb746b31,2026-08-19T16:10:02.949470,CLI00135,www.jumia/confirmation-commande.com,74,tablette,,True,143.47
d72f6c0b-d892-4f4c-9a34-a2b9e4de1dc9,2026-08-26T09:55:02.949470,CLI00280,www.jumia/panier.com,56,mobile,CMP0013,False,0.0
39fb8b21-ecc2-400b-856c-3f41119c7cbd,2026-08-11T23:34:02.949470,CLI00451,www.jumia/contact.com,321,desktop,,False,0.0
10ae5404-1bab-429e-977f-c8376cdd9d23,2026-09-03T07:01:02.949470,CLI00079,www.jumia/produit/detail.com,84,tablette,,False,0.0
08a51bf4-e36f-40dc-a370-1b699ee82a07,2026-08-23T06:58:02.949470,ANON28db1475,www.jumia/confirmation-commande.com,38,tablette,,True,123.72
6b5ca5f2-c995-49a7-8a77-86b346cd910f,2026-07-15T06:55:02.949470,ANON8586fa98,www.jumia/produit/detail.com,10,mobile,CMP0013,False,0.0
e5b3cb2c-510e-45a9-8490-50077688d42a,2026-08-11T23:45:02.949470,CLI00139,www.jumia/confirmation-commande.com,14,desktop,CMP0007,True,71.36
182a2142-4c13-4f21-bd14-be01d8d01520,2026-07-30T23:51:02.949470,ANONdefadc23,www.jumia/checkout.com,22,tablette,,True,153.66
96f6b77a-3792-4f72-a906-f2c0ec1cb93c,2026-08-06T07:59:02.949470,CLI00497,www.jumia/accueil.com,26,desktop,,False,0.0
2a70e805-de88-4267-9799-9eaaf429bc71,2026-07-11T20:52:02.949470,ANON52166cdb,www.jumia/produit/detail.com,171,mobile,,False,0.0
4a37e511-edf2-4cb5-9edb-4629903ead23,2026-08-08T10:23:02.949470,CLI00158,www.jumia/produit/detail.com,74,desktop,CMP0008,False,0.0
a638a425-91f0-40f7-9be5-20022474e4c6,2026-08-15T04:15:02.949470,ANONb029f7e4,www.jumia/promo.com,66,mobile,,False,0.0
4196ef44-1bbd-4241-8737-68e3f4b9cd10,2026-08-08T03:53:02.949470,ANON4e846eca,www.jumia/produit/detail.com,10,desktop,,False,0.0
4125ee92-3f6c-432d-b8b7-2f29200a1b6c,2026-08-11T09:36:02.949470,CLI00108,www.jumia/confirmation-commande.com,177,desktop,CMP0006,True,211.16
48e4c9e8-db01-442c-bffc-74eacc1e71ba,2026-08-15T10:22:02.949470,ANONdb4f4971,www.jumia/confirmation-commande.com,115,mobile,CMP0006,True,214.02
b5214485-05a9-47d8-8d6e-2581cf594ebd,2026-07-26T15:08:02.949470,CLI00304,www.jumia/promo.com,6,mobile,,False,0.0
77765881-f03f-4644-b025-ee07313aea97,2026-08-27T02:03:02.949470,CLI00262,www.jumia/produits.com,110,desktop,CMP0015,False,0.0
009996a8-e9e0-406f-aebc-e27566d747d8,2026-08-22T23:11:02.949470,CLI00309,www.jumia/checkout.com,70,mobile,CMP0009,True,126.03
e1639264-960c-4e4a-bc66-27cf4fed3555,2026-08-25T03:17:02.949470,ANONc8d2be27,www.jumia/contact.com,7,mobile,CMP0014,False,0.0
66221fa1-6f2f-481a-814c-9dafd4b53637,2026-07-20T14:32:02.949470,ANON87408e74,www.jumia/a-propos.com,55,mobile,CMP0014,False,0.0
aa9317a1-a757-4aa5-ba61-4fbbfdb7e9e1,2026-08-25T02:52:02.949470,ANONac3f6f03,www.jumia/a-propos.com,59,mobile,CMP0006,False,0.0
4910f705-157a-4ee4-9f92-8b5026c7d421,2026-08-27T14:44:02.949470,ANONab06ae21,www.jumia/produits.com,16,desktop,,False,0.0
0093eb18-18b0-4554-8071-5cf2aae948e2,2026-08-20T20:19:02.949470,CLI00259,www.jumia/checkout.com,262,tablette,,True,122.16
40087788-a167-40ec-bfd4-cbe06a13c8bf,2026-08-26T18:51:02.949470,CLI00015,www.jumia/blog.com,170,mobile,CMP0003,False,0.0
61509624-d49a-4e4a-a7f2-b1fc91794b3a,2026-07-29T09:21:02.949470,CLI00321,www.jumia/blog.com,99,tablette,,False,0.0
feb57575-497c-4281-9076-650d31b62809,2026-07-16T14:00:02.949470,CLI00141,www.jumia/contact.com,55,desktop,,False,0.0
c3c7d1b3-e5a3-4ab0-9565-daee05929c5a,2026-07-18T17:10:02.949470,ANON9642a2b6,www.jumia/confirmation-commande.com,47,mobile,CMP0003,True,287.49
ce668598-cdb7-4652-a89c-00abc9d9ff24,2026-07-09T05:07:02.949470,CLI00369,www.jumia/blog.com,94,tablette,CMP0003,False,0.0
59bea102-894a-402e-af0e-a215e540255b,2026-07-07T14:59:02.949470,CLI00168,www.jumia/promo.com,70,mobile,,False,0.0
c57a2aee-b93b-4436-9a6b-1119f5ee3ffa,2026-08-16T03:52:02.949470,CLI00262,www.jumia/accueil.com,5,tablette,CMP0010,False,0.0
567bb850-4344-4535-a08d-d52baf6c77f0,2026-08-20T16:40:02.949470,CLI00078,www.jumia/produits.com,64,tablette,CMP0015,False,0.0
4b5e2ee0-027a-4ed9-9cf4-7ad42be8f52c,2026-07-16T16:47:02.949470,ANONe1cacc34,www.jumia/confirmation-commande.com,147,desktop,CMP0006,True,38.13
cb5be376-eda2-482c-b504-cd0eb7998097,2026-08-22T21:03:02.949470,CLI00329,www.jumia/blog.com,55,tablette,CMP0001,False,0.0
6e3a2f0b-b9cd-4e7b-ae83-8b743202bc81,2026-07-15T12:24:02.949470,CLI00060,www.jumia/checkout.com,4,tablette,CMP0004,True,31.11
26fc7883-0fc6-41f2-a850-8b2fd7140110,2026-08-09T18:35:02.949470,ANONeeebd6d4,www.jumia/contact.com,138,mobile,,False,0.0
eec2df6e-c287-4d76-a497-cfab55930b9a,2026-07-08T02:20:02.949470,ANONb0bdd1ed,www.jumia/produit/detail.com,20,tablette,CMP0003,False,0.0
8af2078b-327a-4b49-a8cc-f20a39f0e9f9,2026-07-26T04:56:02.949470,ANON0b63fd09,www.jumia/accueil.com,26,tablette,,False,0.0
eda8242b-a6a8-4f58-8cce-e22ce4160b68,2026-08-23T04:03:02.949470,ANON5e16f1d0,www.jumia/a-propos.com,16,mobile,CMP0012,False,0.0
0c630b7d-3aa9-43cd-bc30-186c1c021d02,2026-07-08T01:09:02.949470,ANON0535a0a3,www.jumia/accueil.com,36,desktop,CMP0004,False,0.0
91eafea1-7d37-4a25-8f56-4ef216377b7d,2026-08-18T21:09:02.949470,CLI00425,www.jumia/produit/detail.com,127,desktop,,False,0.0
112708a2-066b-4353-9ac1-1b6233a50cc9,2026-07-18T23:06:02.949470,ANONc992c60f,www.jumia/checkout.com,65,desktop,CMP0011,True,121.68
817ab20b-ea3c-4609-b876-e80fbc7936aa,2026-07-16T01:20:02.949470,CLI00168,www.jumia/checkout.com,20,tablette,,False,0.0
da8ef1a0-fc95-494a-9cac-c3d9ca8f039b,2026-07-24T08:33:02.949470,ANON1688ad99,www.jumia/blog.com,189,mobile,CMP0011,False,0.0
b896c488-75fd-4d7b-ad14-902e4e38b99c,2026-07-16T21:34:02.949470,ANONd0af0f2e,www.jumia/panier.com,190,mobile,CMP0002,False,0.0
9deb5853-f75c-49cb-8aaa-375a3a9dec44,2026-08-23T13:19:02.949470,ANON95b4a841,www.jumia/panier.com,184,tablette,,False,0.0
982212e0-fd7a-41c6-96ff-58126e7732c6,2026-08-27T03:55:02.949470,ANONac2c7190,www.jumia/promo.com,24,desktop,CMP0011,False,0.0
71310aed-09bb-4a8a-80b3-4054fc435949,2026-07-19T10:33:02.949470,ANONa5257020,www.jumia/confirmation-commande.com,54,tablette,CMP0004,True,73.81
2cb3cfbc-9202-4c55-ab7d-4e6cfa59b02f,2026-07-30T17:52:02.949470,ANON5bf8a600,www.jumia/produit/detail.com,377,desktop,CMP0007,False,0.0
2d5b7c9c-fedf-4d9d-afbc-a2b141fe7d8a,2026-08-05T12:10:02.949470,ANONbf0cf228,www.jumia/panier.com,133,mobile,CMP0011,False,0.0
4ebd908a-0b59-442d-92b2-cc01d2a7159b,2026-08-13T22:28:02.949470,ANON00e81740,www.jumia/accueil.com,2,desktop,CMP0001,False,0.0
633a6daf-34cc-45c9-9b2e-38f141198892,2026-09-02T18:51:02.949470,ANON6d1c41a0,www.jumia/produit/detail.com,6,mobile,CMP0012,False,0.0
bb74d46c-ef45-4bd1-bcf8-5c8ad90bd017,2026-07-09T05:45:02.949470,ANONdee579dd,www.jumia/confirmation-commande.com,56,desktop,,True,36.69
24c37e3b-9146-40ab-b1ba-2ef9ec4c4091,2026-08-15T18:51:02.949470,ANONa7faeec1,www.jumia/checkout.com,215,mobile,,True,145.22
ba6c6b3a-84f0-49b3-a611-a30c13a288d7,2026-07-13T15:19:02.949470,ANON7efb7c1f,www.jumia/contact.com,69,mobile,,False,0.0
32bdec49-5634-440b-aa1c-b65abd43aeeb,2026-07-05T21:37:02.949470,CLI00454,www.jumia/promo.com,61,tablette,,False,0.0
49004f32-397d-46d6-9aad-a3e3f4876e64,2026-08-10T02:49:02.949470,CLI00375,www.jumia/produit/detail.com,10,mobile,CMP0010,False,0.0
c067fc46-1271-4ef7-8011-44e874d8068c,2026-07-10T07:15:02.949470,CLI00426,www.jumia/contact.com,96,desktop,CMP0001,False,0.0
09b02c9d-675b-4785-890a-2184eda75147,2026-07-16T19:08:02.949470,ANON7ef9d96c,www.jumia/checkout.com,155,tablette,,False,0.0
a1a8b681-8220-4c04-a4d1-2fe17d261251,2026-08-05T01:23:02.949470,CLI00447,www.jumia/panier.com,43,mobile,CMP0011,False,0.0
37cba0b7-f6b0-42e1-a71d-703abf8b4fbb,2026-08-19T09:23:02.949470,CLI00289,www.jumia/blog.com,134,tablette,CMP0011,False,0.0
462d88b2-570c-41bf-ab33-60cce9bb12d1,2026-09-04T17:03:02.949470,ANON231dc27f,www.jumia/accueil.com,300,desktop,,False,0.0
7ee7685c-d822-4dbd-aa82-42e465747a29,2026-07-28T21:10:02.949470,CLI00084,www.jumia/confirmation-commande.com,20,desktop,CMP0014,True,202.7
25396ece-e8fb-48b2-9ae6-1dc2ea6c0afa,2026-08-21T12:06:02.949470,ANONf0a0926b,www.jumia/blog.com,66,mobile,CMP0012,False,0.0
27348c0e-68d7-4db1-a695-bba859d66570,2026-08-12T06:55:02.949470,ANON9951fe8e,www.jumia/produit/detail.com,30,tablette,CMP0006,False,0.0
f38788f9-d265-403c-814d-b8affed235e2,2026-08-23T10:15:02.949470,ANON7a31ddee,www.jumia/produits.com,141,tablette,CMP0006,False,0.0
2072febe-80ed-454f-90e4-e30974e68bea,2026-07-21T22:53:02.949470,ANONb45d059d,www.jumia/contact.com,77,tablette,,False,0.0
016240a4-d7b7-4151-8a86-bfc2a68a923b,2026-08-30T15:42:02.949470,CLI00471,www.jumia/produit/detail.com,90,tablette,,False,0.0
405355ff-6368-40e2-9008-311d8c9437c8,2026-07-27T12:12:02.949470,CLI00409,www.jumia/promo.com,143,mobile,,False,0.0
2f5e7233-091f-487e-b6e4-878d0d1908e5,2026-08-27T01:24:02.949470,CLI00215,www.jumia/produits.com,45,tablette,,False,0.0
15d3b8e0-e51b-4e49-b058-a92963dfb8ac,2026-08-08T20:05:02.949470,CLI00282,www.jumia/produit/detail.com,221,tablette,CMP0001,False,0.0
929eb6fa-4ac3-4b28-879d-9f2c8d8911fc,2026-07-20T16:17:02.949470,CLI00167,www.jumia/confirmation-commande.com,68,desktop,,True,171.31
afac8fbf-08f6-48ea-a609-dde2dd6e93ef,2026-08-08T16:24:02.949470,CLI00209,www.jumia/produits.com,15,mobile,CMP0010,False,0.0
d460c9ea-5a38-4aa8-b010-4ca2dd9948fa,2026-08-15T15:01:02.949470,ANON4b7c07a3,www.jumia/panier.com,107,tablette,CMP0012,False,0.0
83726072-64c1-426d-99c6-76761f129901,2026-07-06T11:23:02.949470,ANONebbf0b18,www.jumia/checkout.com,141,mobile,CMP0003,True,130.74
ae6d562c-c7db-42d1-ba62-4a50804653a8,2026-08-09T14:38:02.949470,CLI00009,www.jumia/accueil.com,34,desktop,,False,0.0
1ada715d-f13d-41ec-8658-63990e0aefdd,2026-07-13T00:43:02.949470,ANON7771832d,www.jumia/produits.com,175,desktop,,False,0.0
20848c98-c4e2-4a27-858d-b538a2e192a5,2026-08-02T21:59:02.949470,ANON1789ac2a,www.jumia/accueil.com,212,tablette,,False,0.0
1d61ac98-4bc9-489e-8d2c-58dfbdc6681f,2026-08-13T03:53:02.949470,CLI00318,www.jumia/promo.com,29,desktop,CMP0004,False,0.0
001264e1-8593-4665-8222-e36e7b06b902,2026-08-15T14:09:02.949470,ANON4cb45705,www.jumia/contact.com,369,desktop,CMP0008,False,0.0
37b6cb4e-9462-48a7-ab99-09208d5bdfcd,2026-07-27T18:48:02.949470,ANON14cd26f0,www.jumia/blog.com,13,tablette,,False,0.0
380e381a-dcca-4466-964a-8a25eb299c04,2026-08-23T21:59:02.949470,ANON81f60e97,www.jumia/confirmation-commande.com,20,tablette,,True,285.5
e222b110-b653-4939-9da2-c07a38fb26c3,2026-08-05T18:56:02.949470,ANONe43df8f9,www.jumia/produits.com,18,desktop,CMP0008,False,0.0
dc3c0f92-25a2-4a5d-a6d7-44460318dbe2,2026-07-22T11:37:02.949470,ANONf487137b,www.jumia/produits.com,201,desktop,CMP0012,False,0.0
0948ce86-6bfe-4081-8154-efc8d87ea644,2026-07-30T17:53:02.949470,CLI00159,www.jumia/a-propos.com,95,tablette,CMP0008,False,0.0
717d0520-4f00-4919-adb9-ab8654df93f4,2026-08-29T08:45:02.949470,CLI00351,www.jumia/produit/detail.com,14,tablette,,False,0.0
5730383e-abcd-4619-bdb9-e7f3849e4c64,2026-08-30T16:21:02.949470,CLI00258,www.jumia/produit/detail.com,52,desktop,CMP0009,False,0.0
187fcd10-4ac1-495b-80a9-4b3e691f2579,2026-07-23T17:08:02.949470,CLI00371,www.jumia/accueil.com,85,desktop,CMP0015,False,0.0
79f213e4-9072-4086-aa53-3c92377f8041,2026-08-11T22:16:02.949470,ANON0416b6e9,www.jumia/checkout.com,7,mobile,CMP0003,False,0.0
50389752-ac11-4ce0-ad35-22301660987b,2026-07-24T13:53:02.949470,CLI00429,www.jumia/produits.com,192,mobile,CMP0011,False,0.0
2c971275-3ddf-463a-b9fe-947ed4306e08,2026-08-05T09:47:02.949470,ANONb38f0bf6,www.jumia/produit/detail.com,146,desktop,CMP0013,False,0.0
81e4ddbb-9943-4591-b98f-eff520df2763,2026-07-08T03:43:02.949470,ANONec889010,www.jumia/contact.com,63,mobile,CMP0014,False,0.0
f6616827-a85d-427d-85d2-ce0fa2d0697c,2026-08-20T09:23:02.949470,ANON21a2fc9e,www.jumia/produits.com,307,mobile,,False,0.0
02abfe68-6359-418a-9ede-1926588412cf,2026-07-13T23:19:02.949470,ANONbb6ba332,www.jumia/accueil.com,48,desktop,,False,0.0
7b21d93c-edf5-44fb-984c-8a689d1a6a02,2026-08-06T06:22:02.949470,CLI00269,www.jumia/confirmation-commande.com,372,mobile,,True,195.93
f48c31f5-440d-43c5-8c50-5db930a23fdd,2026-08-01T09:34:02.949470,ANONd8f0dc62,www.jumia/produits.com,99,mobile,CMP0009,False,0.0
14c8c19f-1e71-4517-9f5f-93a39fe23307,2026-07-11T03:28:02.949470,CLI00206,www.jumia/a-propos.com,90,mobile,,False,0.0
12373510-72d2-488c-b111-783b93f12c1f,2026-09-01T22:39:02.949470,ANON097a1adc,www.jumia/panier.com,16,desktop,CMP0002,False,0.0
92962074-d3f1-4cff-8a5a-deb2e689a4f8,2026-08-17T11:55:02.949470,CLI00405,www.jumia/produit/detail.com,192,tablette,CMP0008,False,0.0
bb515635-9f6d-4ee9-9bb6-7d4592af8f0a,2026-07-31T22:07:02.949470,CLI00069,www.jumia/blog.com,50,mobile,CMP0004,False,0.0
020a3fe6-f50f-46ff-a679-710b3bf0fe2a,2026-07-28T20:04:02.949470,CLI00341,www.jumia/checkout.com,15,mobile,,False,0.0
1e6e022f-d225-4f09-af98-73885777f6d7,2026-07-24T22:52:02.949470,ANON6eae671b,www.jumia/panier.com,1,mobile,,False,0.0
99b4feee-099f-483d-baf9-5cc6b36ab456,2026-08-17T10:02:02.949470,CLI00284,www.jumia/a-propos.com,73,mobile,CMP0002,False,0.0
0d7d60aa-bf03-4c43-b500-502e3b30ab4f,2026-07-15T15:40:02.949470,CLI00390,www.jumia/produits.com,67,desktop,,False,0.0
7aa7e896-1c14-4dfc-bcf0-a2b56e01f941,2026-08-06T21:08:02.949470,ANON3576d37b,www.jumia/confirmation-commande.com,114,desktop,CMP0011,True,282.22
d0c5b25c-1271-4a16-ad40-7d2f267fea78,2026-07-31T20:20:02.949470,CLI00203,www.jumia/accueil.com,198,mobile,CMP0014,False,0.0
04b2f552-a212-46b9-a857-317f4c93b834,2026-08-17T18:31:02.949470,ANON518426a6,www.jumia/panier.com,7,tablette,CMP0008,False,0.0
765595f1-184d-438b-8030-4e823564927c,2026-09-01T23:02:02.949470,ANONc9180273,www.jumia/blog.com,118,tablette,,False,0.0
ecf4b5fe-b670-450a-91c1-46e71ec45c54,2026-08-30T14:42:02.949470,CLI00396,www.jumia/produits.com,18,desktop,CMP0009,False,0.0
4c5ac3d0-f577-4dfc-a952-6997664ebeb5,2026-08-12T18:58:02.949470,ANONce8022d0,www.jumia/produit/detail.com,175,tablette,CMP0002,False,0.0
794ff5a4-ac3f-4475-9113-2a68a17bd559,2026-07-08T05:49:02.949470,ANON24d80e2e,www.jumia/confirmation-commande.com,153,tablette,CMP0008,True,101.5
702c491b-3f71-43c9-a183-2f98fae015d7,2026-08-13T05:30:02.949470,CLI00198,www.jumia/promo.com,70,tablette,CMP0008,False,0.0
7c99a990-7639-4e27-8309-0c465a2869d4,2026-08-10T16:10:02.949470,ANON41885491,www.jumia/contact.com,111,desktop,CMP0013,False,0.0
c7f6662d-05f5-4073-9ec7-af142f0a6cde,2026-07-11T17:03:02.949470,CLI00316,www.jumia/produits.com,33,desktop,,False,0.0
ef8ef1c9-521b-496e-85ca-56dfdadf1b91,2026-08-15T03:31:02.949470,ANON25047983,www.jumia/panier.com,57,desktop,CMP0005,False,0.0
9b343eac-081d-4b4f-8cbe-63fc2b988715,2026-09-03T05:30:02.949470,CLI00157,www.jumia/panier.com,155,desktop,CMP0004,False,0.0
e0c09c9b-5efd-468e-b26a-a8b17a659f33,2026-08-08T15:58:02.949470,CLI00338,www.jumia/panier.com,55,tablette,CMP0010,False,0.0
704de160-5899-4d93-b895-d71a455f3408,2026-08-30T23:23:02.949470,CLI00352,www.jumia/confirmation-commande.com,39,tablette,,True,218.1
5c57e436-fd5f-498d-9381-e0230e98bd33,2026-07-26T01:23:02.949470,CLI00371,www.jumia/checkout.com,61,mobile,CMP0009,False,0.0
74ff445a-4f4d-4a00-9500-2b3d7bd0c4fb,2026-08-13T15:25:02.949470,ANON38b7cfd7,www.jumia/contact.com,158,desktop,CMP0015,False,0.0
6f7ac044-a7a0-401c-8ea0-1590cbc8f5ec,2026-07-21T07:02:02.949470,ANONf1544ca9,www.jumia/contact.com,36,tablette,,False,0.0
35a5a097-908e-47bd-b1b7-83ec020dd9fb,2026-07-26T22:48:02.949470,CLI00495,www.jumia/blog.com,17,tablette,,False,0.0
f0e98275-8e43-4eaf-aa39-184d23935d97,2026-07-30T18:36:02.949470,CLI00254,www.jumia/contact.com,112,tablette,CMP0015,False,0.0
70b3e36a-6c0a-4f9e-9511-0061ba71ec51,2026-08-12T03:04:02.949470,CLI00219,www.jumia/contact.com,157,tablette,CMP0004,False,0.0
459a2411-9760-446b-95cc-c4e7b33aac31,2026-07-12T09:59:02.949470,CLI00063,www.jumia/confirmation-commande.com,9,mobile,CMP0002,True,231.64
a1421c2b-2be1-4682-93d6-bb7d62805d54,2026-07-07T20:49:02.949470,CLI00402,www.jumia/produits.com,24,tablette,CMP0009,False,0.0
56dea222-2bf5-4212-add6-890e83dd2885,2026-08-18T07:45:02.949470,ANONbfff6fe2,www.jumia/accueil.com,13,mobile,CMP0011,False,0.0
458b13fb-d4b1-424f-8da8-7611a1bcc270,2026-07-27T14:18:02.949470,CLI00113,www.jumia/promo.com,38,tablette,CMP0007,False,0.0
8616ee30-7583-41ae-8c13-1c03c78fbddc,2026-08-11T03:31:02.949470,CLI00012,www.jumia/a-propos.com,53,tablette,CMP0014,False,0.0
7d8b6bc8-79e3-4793-a18a-1121fc153cfc,2026-07-26T01:42:02.949470,ANON83f5ec53,www.jumia/panier.com,124,tablette,,False,0.0
340cc53b-656c-4241-931b-a15e382832f9,2026-08-13T18:42:02.949470,ANONfcf7fbb1,www.jumia/checkout.com,94,mobile,CMP0012,False,0.0
8f73143e-a13a-469e-8eb3-2c203d12144a,2026-07-12T02:26:02.949470,CLI00085,www.jumia/produit/detail.com,87,mobile,CMP0004,False,0.0
7a79f511-c8f6-4596-ab97-0e1d3ab9d5b5,2026-07-22T21:32:02.949470,CLI00441,www.jumia/promo.com,39,desktop,CMP0005,False,0.0
67c2ae71-6926-412e-9a2a-6246d58e5ad2,2026-08-03T00:46:02.949470,CLI00228,www.jumia/contact.com,165,mobile,CMP0002,False,0.0
438b01ca-cb64-443c-8d00-95fe3f916337,2026-08-22T07:26:02.949470,CLI00278,www.jumia/checkout.com,57,desktop,,True,206.89
ff83ca71-91ba-43cf-b99a-48b26022cc9f,2026-08-25T10:53:02.949470,CLI00199,www.jumia/contact.com,348,tablette,CMP0008,False,0.0
582a165a-0d1b-414e-8cf9-3024843725b3,2026-07-19T05:41:02.949470,ANON21ec4b2b,www.jumia/blog.com,90,mobile,,False,0.0
6516c6bf-2c51-42ee-9cf2-60880d973ea8,2026-08-25T06:45:02.949470,CLI00128,www.jumia/checkout.com,12,desktop,CMP0006,False,0.0
86f4aa50-56df-4f3e-b7e5-85fc2682daef,2026-08-13T09:33:02.949470,ANON992ae9d6,www.jumia/produits.com,101,desktop,,False,0.0
91f119d7-003a-411f-ae9a-39a55e01985d,2026-08-19T18:56:02.949470,CLI00252,www.jumia/blog.com,35,tablette,CMP0006,False,0.0
47383239-295f-49cc-822c-ed678d64b0d5,2026-08-03T07:37:02.949470,CLI00188,www.jumia/checkout.com,104,mobile,CMP0006,False,0.0
96d292f3-4297-4c38-b077-dcfbf788fcf3,2026-07-20T13:13:02.949470,ANONc438fb75,www.jumia/accueil.com,6,desktop,CMP0009,False,0.0
157329ed-a6fb-4e9a-82c2-e910912a0eb2,2026-07-28T20:20:02.949470,ANONd53ba046,www.jumia/produits.com,17,tablette,CMP0012,False,0.0
108b3e45-0f72-4e4e-a416-0cd289ed344a,2026-08-19T11:35:02.949470,ANON5c203e62,www.jumia/contact.com,174,mobile,CMP0009,False,0.0
7be3697e-ca1d-42d4-8628-65b62b5ecd08,2026-07-23T23:26:02.949470,ANONeb163c23,www.jumia/panier.com,23,desktop,CMP0014,False,0.0
40961207-b359-4eca-832b-245722b302bf,2026-07-25T00:05:02.949470,CLI00027,www.jumia/promo.com,163,tablette,CMP0014,False,0.0
0b4b2701-d6a1-417c-909d-c1d5d4fabd45,2026-08-25T17:43:02.949470,ANON95e882c2,www.jumia/produit/detail.com,29,mobile,CMP0008,False,0.0
c5314d89-2ece-4f63-ad38-5c1be4a93501,2026-07-07T01:10:02.949470,CLI00052,www.jumia/checkout.com,92,mobile,,False,0.0
9b434c4b-20d8-4a84-9a08-2b49c4ca1cfa,2026-08-08T22:21:02.949470,CLI00092,www.jumia/produit/detail.com,106,tablette,CMP0013,False,0.0
c34e4a97-1055-40e6-8c7e-9c1da15183c8,2026-09-02T23:47:02.949470,CLI00088,www.jumia/checkout.com,64,mobile,,False,0.0
90ced5d9-e69d-4191-b571-395f0635cb69,2026-08-07T11:29:02.949470,CLI00241,www.jumia/produit/detail.com,32,mobile,CMP0003,False,0.0
91f2e381-2c29-4235-8075-7c8255bd24f5,2026-07-21T14:25:02.949470,CLI00126,www.jumia/contact.com,21,mobile,CMP0013,False,0.0
6c1020c3-3fe0-4977-8bec-04d42abb58c7,2026-08-19T22:17:02.949470,ANON4eb83ea8,www.jumia/accueil.com,3,mobile,CMP0011,False,0.0
70273848-30f4-460d-b542-e0bbc46e1435,2026-07-29T22:32:02.949470,ANON2195f2eb,www.jumia/blog.com,32,tablette,CMP0009,False,0.0
9b3e072c-85e2-4804-ab12-d046bc0f6d2a,2026-08-09T17:57:02.949470,CLI00332,www.jumia/a-propos.com,95,desktop,,False,0.0
b2eb61fd-ba1f-4a34-bcaf-098bddc260c0,2026-08-25T14:08:02.949470,ANON186bb09e,www.jumia/checkout.com,250,desktop,,False,0.0
f2312423-32ea-4a3b-95c1-5c5034542745,2026-07-16T11:26:02.949470,CLI00038,www.jumia/promo.com,184,desktop,CMP0013,False,0.0
7282eb50-013f-4b8d-bd84-ad3039b9a63f,2026-08-28T03:39:02.949470,CLI00193,www.jumia/checkout.com,130,desktop,,False,0.0
95d9bc13-c4e2-4234-b603-364ddb232e3d,2026-08-06T01:20:02.949470,ANON9730b7b4,www.jumia/produit/detail.com,139,desktop,CMP0007,False,0.0
48b4a915-faef-411f-8c2e-899f48563f0b,2026-08-30T13:22:02.949470,CLI00407,www.jumia/checkout.com,98,mobile,,False,0.0
138be344-c256-43cd-9b40-442ef7206b11,2026-07-07T02:29:02.949470,CLI00365,www.jumia/contact.com,27,desktop,CMP0008,False,0.0
aadf2c88-522a-4562-ac23-4a6227be7f07,2026-08-31T01:01:02.949470,CLI00075,www.jumia/produits.com,213,desktop,CMP0001,False,0.0
5a826d0b-e9dc-4b57-becd-c0d90aae167c,2026-07-28T19:54:02.949470,ANONcbb56537,www.jumia/blog.com,99,mobile,CMP0007,False,0.0
ba2c246b-f0f3-4476-b5fd-15df451d3e4c,2026-08-13T03:54:02.949470,ANONd941df0b,www.jumia/accueil.com,73,desktop,,False,0.0
71a095a9-53fc-4520-840c-d1dcecc0bfe5,2026-07-10T05:53:02.949470,CLI00006,www.jumia/produits.com,10,mobile,CMP0015,False,0.0
d0177491-5843-408c-927a-2a745bfa9f1e,2026-08-22T17:07:02.949470,CLI00323,www.jumia/a-propos.com,53,desktop,CMP0001,False,0.0
0115a6ad-8b14-4d76-86c2-7bdb6addbea0,2026-07-07T08:57:02.949470,CLI00319,www.jumia/confirmation-commande.com,55,mobile,CMP0010,True,96.2
1e23213a-5a52-49d5-af2c-e2ace6f04e59,2026-08-26T11:09:02.949470,ANONba96a0e8,www.jumia/blog.com,179,tablette,CMP0008,False,0.0
4c982834-77a6-4bfc-819c-ecd2612103f3,2026-07-08T16:21:02.949470,ANON7ca08619,www.jumia/produits.com,71,mobile,CMP0012,False,0.0
51dd7644-22a4-4b89-a1ec-933ce740bd60,2026-09-03T06:53:02.949470,CLI00370,www.jumia/checkout.com,43,mobile,,True,232.2
ac7dd1ba-fc09-4021-8e27-b6d6f6e26b38,2026-07-11T13:56:02.949470,CLI00156,www.jumia/accueil.com,338,mobile,CMP0004,False,0.0
325cf032-3c8b-4fe3-b6e9-6d0083f5f3a2,2026-07-18T08:08:02.949470,ANON322663f9,www.jumia/produit/detail.com,10,desktop,CMP0013,False,0.0
9e946883-642e-4dfd-bcec-facc87e6b83f,2026-08-10T12:48:02.949470,CLI00034,www.jumia/produit/detail.com,49,mobile,,False,0.0
5b89e7d8-bc23-4c00-97fd-a1cd2b143159,2026-07-22T18:02:02.949470,CLI00469,www.jumia/produit/detail.com,3,tablette,,False,0.0
82f178a5-f566-4d04-8bfd-06133d384f8a,2026-08-05T21:37:02.949470,ANON8da187cd,www.jumia/confirmation-commande.com,121,desktop,,True,190.79
0540b9f9-597e-4307-ada3-1357563db88d,2026-08-29T09:48:02.949470,ANONf28f8261,www.jumia/confirmation-commande.com,225,desktop,CMP0009,True,194.98
31666156-284d-4f82-b898-64ead2c14566,2026-08-07T23:14:02.949470,ANON140cabcc,www.jumia/a-propos.com,29,tablette,,False,0.0
c9e5c4a6-dfac-431c-bd6c-cfaa0a0889d8,2026-07-23T14:21:02.949470,CLI00012,www.jumia/blog.com,175,desktop,,False,0.0
a0d963f7-f1e7-40d6-b94d-218dbc5cb0af,2026-07-23T05:04:02.949470,ANONf48aee0c,www.jumia/accueil.com,31,tablette,CMP0012,False,0.0
cea6b5ba-c161-4c23-9979-781b42b01b58,2026-07-25T02:38:02.949470,ANON28aae609,www.jumia/panier.com,217,mobile,,False,0.0
093253c4-246e-4744-bd45-99936b980cb1,2026-08-03T23:31:02.949470,CLI00212,www.jumia/blog.com,126,desktop,CMP0009,False,0.0
e5f41dfe-34a1-44bd-9368-bb44bf1b5d74,2026-08-11T04:51:02.949470,ANONeab761fd,www.jumia/produits.com,147,desktop,CMP0003,False,0.0
85f8f212-ac9c-4517-a332-d3a222b65775,2026-09-02T19:59:02.949470,CLI00243,www.jumia/accueil.com,1,desktop,CMP0007,False,0.0
67a19c89-1cb6-4169-8a5d-a2d16e3e86c5,2026-09-04T05:39:02.949470,ANON994094d8,www.jumia/contact.com,296,desktop,CMP0008,False,0.0
a91e2e3e-fe7d-47de-9e38-20c8d0d27b48,2026-08-12T00:57:02.949470,CLI00313,www.jumia/produit/detail.com,116,desktop,CMP0004,False,0.0
d7c3a85b-fa3b-4f17-8f53-d39473865a18,2026-07-16T13:52:02.949470,CLI00043,www.jumia/produits.com,32,tablette,CMP0014,False,0.0
8dc05593-ca61-4bcd-9ed9-2a3ed237d311,2026-07-05T23:06:02.949470,CLI00497,www.jumia/produit/detail.com,159,mobile,CMP0015,False,0.0
41b9870b-bfe7-4075-8f1f-306edb7f923f,2026-07-06T09:43:02.949470,ANONad2bc25d,www.jumia/confirmation-commande.com,29,tablette,CMP0005,True,208.44
66ca6e86-7910-4ead-b988-8db179149dd0,2026-07-28T16:08:02.949470,ANON82326fd6,www.jumia/confirmation-commande.com,185,tablette,CMP0003,True,43.49
06913f92-dc09-4383-8ebc-6e85f321b347,2026-07-10T20:11:02.949470,CLI00088,www.jumia/blog.com,10,desktop,CMP0015,False,0.0
70e73b56-de75-4fd1-a247-4549b0d014f5,2026-07-12T03:09:02.949470,CLI00426,www.jumia/promo.com,109,desktop,CMP0014,False,0.0
e40e0ab3-376f-4731-ab1f-ce820c00b043,2026-07-13T21:01:02.949470,CLI00330,www.jumia/a-propos.com,70,mobile,,False,0.0
2f808b87-7f72-47bf-ad02-9e4f658b9413,2026-08-06T13:46:02.949470,CLI00437,www.jumia/confirmation-commande.com,9,tablette,,True,204.53
7de10bdb-6df3-4cf9-b8e7-14afe1045d56,2026-08-05T08:54:02.949470,CLI00335,www.jumia/blog.com,24,desktop,,False,0.0
d97e2dd8-cb6f-4cb7-8791-ec06e7f20f13,2026-08-26T02:22:02.949470,CLI00168,www.jumia/panier.com,1,mobile,,False,0.0
6e5efd6a-4670-4024-b8c8-0f4d8656a0c3,2026-08-03T23:17:02.949470,CLI00449,www.jumia/produits.com,56,mobile,CMP0002,False,0.0
bf9877c8-abf5-407b-851a-7791e89e07b0,2026-07-12T08:40:02.949470,CLI00171,www.jumia/confirmation-commande.com,32,tablette,CMP0002,True,180.09
55ddac63-2c84-4d5e-955c-2d747b4bc5be,2026-08-05T07:58:02.949470,ANON5d698075,www.jumia/a-propos.com,82,tablette,CMP0011,False,0.0
e4ea3e00-380c-41ab-b2b5-130fbf823a6a,2026-08-12T04:31:02.949470,ANON537bc064,www.jumia/accueil.com,31,desktop,,False,0.0
da4328c7-d3ad-4d6a-adb9-cea9d3503082,2026-07-16T06:44:02.949470,CLI00437,www.jumia/checkout.com,32,desktop,CMP0001,False,0.0
140722df-1156-47a6-933a-93e849a0bcfe,2026-08-04T15:57:02.949470,ANONe7768702,www.jumia/contact.com,122,mobile,,False,0.0
d99b1d5c-bc44-41d7-8ba5-3ec17a4e3de8,2026-08-27T05:19:02.949470,CLI00162,www.jumia/promo.com,4,tablette,,False,0.0
919a1ffc-855d-4be3-a9bc-52cf0831bf0b,2026-07-16T19:27:02.949470,ANON36824752,www.jumia/blog.com,209,mobile,,False,0.0
defd0ba0-ea42-4daa-8280-1be19c1ce638,2026-08-06T04:41:02.949470,CLI00310,www.jumia/contact.com,172,desktop,CMP0003,False,0.0
1fcb605e-7582-417d-887e-0a21cb652049,2026-09-02T01:18:02.949470,ANON92f3f248,www.jumia/confirmation-commande.com,99,tablette,CMP0001,True,217.74
108ede04-6790-41a3-956e-1c1d5f69843a,2026-07-29T04:32:02.949470,ANON9caf264e,www.jumia/a-propos.com,80,mobile,CMP0013,False,0.0
333cd12e-0a0d-4560-bc8a-da98d9f4baa6,2026-07-18T22:53:02.949470,ANON9bee111b,www.jumia/a-propos.com,200,desktop,,False,0.0
07436438-cb1a-4aff-8e34-8abe1a57f700,2026-08-08T07:28:02.949470,ANON4463a026,www.jumia/promo.com,18,mobile,CMP0010,False,0.0
a7bd064b-87ce-4eb4-87a4-9b1b61a226f5,2026-08-02T18:23:02.949470,ANON79da3ebe,www.jumia/checkout.com,7,desktop,CMP0012,False,0.0
72a86afb-b6d0-4baf-8fe1-43f65dbb1d07,2026-07-08T03:53:02.949470,ANON1a9847a8,www.jumia/produits.com,24,desktop,CMP0010,False,0.0
565fc696-bfdd-4536-b734-15bc8dd74025,2026-08-28T08:31:02.949470,ANONae3dffdc,www.jumia/panier.com,142,desktop,CMP0015,False,0.0
fad47f91-a559-4b7d-beba-e926b6df30f5,2026-08-28T12:46:02.949470,ANON63c6d11f,www.jumia/accueil.com,3,mobile,CMP0005,False,0.0
8b020b08-737e-4346-9742-644cfe1ddffc,2026-08-17T12:48:02.949470,CLI00021,www.jumia/panier.com,78,desktop,CMP0001,False,0.0
0c5f9dc0-7f0d-4e66-aded-fb27596b1792,2026-07-21T06:32:02.949470,ANONfe60449f,www.jumia/checkout.com,485,tablette,CMP0002,False,0.0
3916060e-883c-4a6a-bd05-c12b3ee063c3,2026-09-04T07:33:02.949470,ANON50c20dbe,www.jumia/checkout.com,174,tablette,CMP0012,False,0.0
4865b68f-c2ef-4205-b344-923f1deb7e20,2026-07-09T10:09:02.949470,ANON8218fe19,www.jumia/produits.com,66,mobile,CMP0011,False,0.0
76e89a4f-62df-4cbe-9a43-448b9da54a37,2026-09-03T07:07:02.949470,CLI00336,www.jumia/panier.com,5,mobile,,False,0.0
3045ee36-6896-4cc4-ae18-f1f2836c2fa9,2026-08-18T07:37:02.949470,ANONecf1f367,www.jumia/accueil.com,160,mobile,CMP0004,False,0.0
64aac22b-040e-40bc-bc25-8e7339d34c77,2026-07-14T18:18:02.949470,CLI00132,www.jumia/blog.com,82,mobile,CMP0011,False,0.0
a1de5717-c52e-4f50-a8c1-ce0e9934d9e5,2026-09-01T07:45:02.949470,CLI00392,www.jumia/checkout.com,10,tablette,,False,0.0
8d49ce23-ed36-4617-97ad-3100d2ae64cd,2026-08-19T12:12:02.949470,ANONf15835b2,www.jumia/accueil.com,8,mobile,CMP0003,False,0.0
3244c031-5811-4f7b-b173-4706febef81c,2026-07-10T02:43:02.949470,CLI00257,www.jumia/a-propos.com,216,desktop,CMP0008,False,0.0
19a752fa-f149-4496-8500-e4b381d19717,2026-08-06T22:02:02.949470,CLI00043,www.jumia/confirmation-commande.com,99,desktop,,True,239.87
ae768535-b045-4eda-bac2-1b0a22cfcea6,2026-07-17T07:23:02.949470,ANONff2dabce,www.jumia/promo.com,159,mobile,CMP0005,False,0.0
e7347400-3163-4f2a-b7ad-f524cbf32184,2026-07-09T23:41:02.949470,ANON7ef47118,www.jumia/a-propos.com,190,mobile,CMP0009,False,0.0
9b8dbd8c-472c-40ee-ac61-23b70de289fc,2026-08-05T14:54:02.949470,CLI00388,www.jumia/blog.com,76,mobile,CMP0014,False,0.0
30103bcd-c27f-4ea0-b1b9-33ea753cd277,2026-08-26T11:21:02.949470,CLI00098,www.jumia/promo.com,65,tablette,,False,0.0
c3134d43-c5a7-4b9f-86a4-5b3336fac6f1,2026-08-05T13:19:02.949470,ANON6200849e,www.jumia/panier.com,50,tablette,,False,0.0
881bdc3e-0e08-4b2e-a177-3756f0a341aa,2026-09-03T10:07:02.949470,CLI00329,www.jumia/confirmation-commande.com,34,mobile,,True,71.75
e636dfe7-a92c-4cb3-9031-9ff9dfc33b71,2026-07-08T08:44:02.949470,CLI00341,www.jumia/confirmation-commande.com,51,desktop,CMP0006,True,199.88
e9538d31-406d-445f-89b3-0dcd80b2c84b,2026-08-21T18:52:02.949470,CLI00432,www.jumia/produits.com,133,tablette,,False,0.0
17c2d833-28ef-4a86-943d-db440ba15311,2026-08-08T12:21:02.949470,CLI00284,www.jumia/a-propos.com,82,tablette,CMP0003,False,0.0
efc2b773-ceab-49a0-8a6d-26d04d966d12,2026-08-23T04:39:02.949470,CLI00428,www.jumia/confirmation-commande.com,200,tablette,,True,85.12
fc2a2636-926c-49e4-af6f-e7ff77396f04,2026-08-27T07:50:02.949470,CLI00154,www.jumia/produit/detail.com,52,tablette,CMP0002,False,0.0
1ebfc208-4b6c-4df3-91da-91ab33b613d9,2026-07-22T06:41:02.949470,CLI00039,www.jumia/a-propos.com,84,desktop,CMP0014,False,0.0
ddd10158-3006-45cc-8a88-bc944b1d01a8,2026-07-10T09:51:02.949470,CLI00014,www.jumia/checkout.com,89,tablette,,False,0.0
df7528de-d254-4ec1-bea8-a7a5e04d7dab,2026-07-10T23:31:02.949470,ANONe64da6ee,www.jumia/confirmation-commande.com,80,desktop,CMP0010,True,47.31
a4c88995-e730-47d9-a9c8-d463b9235fe7,2026-08-24T04:52:02.949470,CLI00109,www.jumia/promo.com,109,mobile,,False,0.0
f8e3ad29-8f76-4a2d-a58b-56daace4e3ca,2026-07-19T19:49:02.949470,ANON814c6c30,www.jumia/a-propos.com,24,mobile,CMP0013,False,0.0
a5816d0a-4a04-46a7-a222-5e72a2e194a8,2026-08-26T17:07:02.949470,ANONd1ef3e2f,www.jumia/a-propos.com,64,desktop,,False,0.0
d09b196f-2073-4ee8-b8a8-f7033bba22bd,2026-09-02T12:14:02.949470,CLI00477,www.jumia/accueil.com,9,desktop,CMP0015,False,0.0
32d48346-7bbf-4f29-9de5-e807998b9dd8,2026-09-02T07:37:02.949470,CLI00027,www.jumia/produit/detail.com,43,mobile,,False,0.0
ad1c2051-11d0-4b8b-8747-8d36b0cb978d,2026-07-12T12:32:02.949470,CLI00415,www.jumia/confirmation-commande.com,60,mobile,CMP0008,True,130.71
052ce121-f7eb-41e8-9db4-13c2be2b13c1,2026-07-22T00:09:02.949470,ANONa4b29602,www.jumia/panier.com,95,mobile,,False,0.0
20cfa962-50e2-42a1-80df-14c0f99c3363,2026-07-26T23:43:02.949470,ANON07ec6b9d,www.jumia/produits.com,270,tablette,,False,0.0
8bbd9854-6da6-43b0-8312-29ff413c56b8,2026-08-25T19:02:02.949470,CLI00378,www.jumia/a-propos.com,82,mobile,CMP0012,False,0.0
f424870e-8560-40bd-a913-d52558d4a859,2026-07-31T19:15:02.949470,ANON83701acf,www.jumia/panier.com,122,desktop,CMP0005,False,0.0
1c928f8c-fa0f-4830-b93d-af396a8b06b2,2026-08-10T01:35:02.949470,ANON42a4438a,www.jumia/panier.com,63,tablette,CMP0010,False,0.0
77849add-73aa-42ec-91fb-28cbb02b308f,2026-07-24T05:40:02.949470,CLI00297,www.jumia/checkout.com,90,mobile,CMP0010,True,190.67
f3b02b42-d4fc-402c-b6dd-b48e923c2028,2026-08-20T07:48:02.949470,CLI00059,www.jumia/blog.com,6,tablette,,False,0.0
c27c3281-c06e-4f66-b557-02a8584c2d8c,2026-07-18T17:48:02.949470,ANON1ad121e2,www.jumia/promo.com,26,mobile,,False,0.0
9341fa98-c3fa-41db-8371-460ecb7614d5,2026-08-17T01:40:02.949470,CLI00128,www.jumia/accueil.com,40,tablette,,False,0.0
fa5cf5ae-b108-4413-afca-4e9d0ad24393,2026-07-10T15:57:02.949470,CLI00058,www.jumia/promo.com,57,mobile,CMP0004,False,0.0
6d3f6a89-c17f-46b6-bad8-04240523b359,2026-08-16T01:17:02.949470,CLI00055,www.jumia/confirmation-commande.com,4,mobile,CMP0012,True,73.81
eb77af78-e90e-4453-9b16-6693f9ed18b9,2026-07-15T18:13:02.949470,ANON560c5fbf,www.jumia/confirmation-commande.com,13,desktop,,True,293.52
b8b698c1-b2e2-4fe5-89b1-395a23c2809c,2026-08-17T11:15:02.949470,CLI00326,www.jumia/produit/detail.com,29,mobile,CMP0011,False,0.0
234e749f-edb5-4cae-9c51-e698a51cc376,2026-07-30T05:44:02.949470,ANON16ff33b5,www.jumia/panier.com,320,desktop,,False,0.0
23722b5b-174e-490c-bc29-4d6aca7716d4,2026-08-06T02:59:02.949470,CLI00082,www.jumia/accueil.com,36,mobile,CMP0001,False,0.0
9e681fec-7e66-4330-9211-9f959ac4fbc4,2026-08-22T09:05:02.949470,CLI00148,www.jumia/produit/detail.com,59,desktop,CMP0007,False,0.0
db4a5a43-2eb0-473d-a433-66d31c152cc0,2026-07-22T23:59:02.949470,CLI00391,www.jumia/a-propos.com,19,mobile,,False,0.0
dd16614b-02fd-43d8-aa20-25a9767cab7c,2026-08-12T08:54:02.949470,CLI00353,www.jumia/checkout.com,84,desktop,CMP0004,False,0.0
85575d57-9d24-41fa-a60f-6caac3c7b46b,2026-07-23T00:02:02.949470,CLI00400,www.jumia/panier.com,29,tablette,CMP0015,False,0.0
4cacf889-ae39-419f-8441-8367c57226d9,2026-08-06T06:46:02.949470,ANONe9917769,www.jumia/produit/detail.com,20,mobile,,False,0.0
6c3389d5-41af-4e4a-882a-8fa6fd293bca,2026-07-23T17:55:02.949470,CLI00442,www.jumia/a-propos.com,65,desktop,CMP0012,False,0.0
9e34b8c4-2014-4a91-806e-03b686737969,2026-08-22T06:33:02.949470,CLI00461,www.jumia/checkout.com,1,tablette,CMP0015,True,84.62
2c00df82-4149-47ba-b4d1-12486525d4cd,2026-09-03T12:26:02.949470,ANON084235ab,www.jumia/a-propos.com,1,mobile,,False,0.0
a9e385ef-0f82-467f-9f64-89fa473b09f0,2026-08-15T10:05:02.949470,CLI00354,www.jumia/a-propos.com,22,desktop,CMP0001,False,0.0
118545b7-ee84-44fb-a697-b6718d50b8b2,2026-08-11T04:32:02.949470,CLI00157,www.jumia/blog.com,3,desktop,CMP0003,False,0.0
4b077641-b60e-4c29-9511-716f38390771,2026-08-19T03:09:02.949470,ANONb1e523ba,www.jumia/promo.com,10,tablette,CMP0007,False,0.0
15753969-6118-473d-93f1-033598846294,2026-08-11T05:38:02.949470,CLI00126,www.jumia/confirmation-commande.com,37,desktop,CMP0010,True,28.05
c9555877-7809-43fa-a7c8-9f4616579507,2026-07-28T10:20:02.949470,CLI00221,www.jumia/a-propos.com,146,mobile,CMP0006,False,0.0
f90e6469-3393-41e3-9fdb-ae89103ecb28,2026-08-18T20:38:02.949470,CLI00444,www.jumia/accueil.com,76,mobile,CMP0003,False,0.0
ea5323c9-f21d-487f-9506-013298629a35,2026-08-04T08:06:02.949470,CLI00349,www.jumia/a-propos.com,64,desktop,,False,0.0
af1f4752-e663-4f40-bd30-93bfe010a93e,2026-08-19T22:46:02.949470,CLI00050,www.jumia/accueil.com,31,desktop,,False,0.0
d34d8b88-e88c-4777-ad0b-93e315d176f8,2026-07-06T12:58:02.949470,ANONf8615154,www.jumia/contact.com,241,mobile,CMP0005,False,0.0
fd169308-0c56-4b9a-bb8b-f250dc8b4623,2026-07-11T05:31:02.949470,CLI00129,www.jumia/promo.com,45,tablette,CMP0002,False,0.0
79013149-3a35-4252-bd72-3e7fbb66d828,2026-08-22T15:20:02.949470,ANON22367ceb,www.jumia/a-propos.com,8,mobile,CMP0008,False,0.0
ce640299-0f82-4556-9592-4245e72ea3da,2026-08-17T17:18:02.949470,CLI00111,www.jumia/blog.com,86,desktop,CMP0014,False,0.0
ad7b859c-5089-4e3d-ab9c-32f8951dcb25,2026-07-11T21:04:02.949470,ANON109791a8,www.jumia/accueil.com,10,desktop,CMP0015,False,0.0
9b147b43-06f5-414b-83ec-6e852f7bac20,2026-08-19T06:31:02.949470,ANONde9ea011,www.jumia/produit/detail.com,38,mobile,CMP0008,False,0.0
0fa4d5c5-9274-4a29-b94a-b324f0aa8759,2026-08-21T22:12:02.949470,CLI00089,www.jumia/produit/detail.com,63,mobile,CMP0011,False,0.0
5e4bc59f-372a-458a-b734-5e983d6b547b,2026-08-21T20:18:02.949470,CLI00068,www.jumia/checkout.com,186,tablette,CMP0014,False,0.0
bb613ee1-5ecb-43af-ab4b-80927a9ce184,2026-08-03T02:11:02.949470,ANONeaa456b7,www.jumia/panier.com,61,desktop,CMP0002,False,0.0
8d8278ce-4e83-400d-86cd-1772a7ba6392,2026-08-15T04:25:02.949470,CLI00033,www.jumia/produit/detail.com,109,desktop,,False,0.0
6b071fd5-d80e-4949-b782-4315686c91e8,2026-07-29T18:42:02.949470,CLI00432,www.jumia/blog.com,444,mobile,CMP0009,False,0.0
30ebb06f-7d26-49aa-ae56-f83e93011603,2026-07-10T23:45:02.949470,CLI00118,www.jumia/produit/detail.com,12,desktop,CMP0007,False,0.0
fea90a12-9ade-4541-bffb-ef2703e8cc5c,2026-08-20T11:17:02.949470,CLI00462,www.jumia/promo.com,28,tablette,CMP0011,False,0.0
ec629b61-eb1f-49c5-89c6-6f49c7e02dc8,2026-07-27T08:42:02.949470,ANONd01c6212,www.jumia/promo.com,45,mobile,,False,0.0
9906dbf9-3968-4a6c-8e4c-d8fcb8b1001e,2026-08-03T07:43:02.949470,ANON98b3950b,www.jumia/checkout.com,49,tablette,,False,0.0
a81526df-8d26-4801-9033-1e48c237b239,2026-07-19T18:23:02.949470,CLI00208,www.jumia/checkout.com,47,tablette,,False,0.0
a8edba45-5c1f-4dfb-b021-6e85d419aae5,2026-08-03T21:27:02.949470,ANONc721a9b5,www.jumia/accueil.com,214,mobile,CMP0013,False,0.0
543aade7-cdba-4a20-9476-8538a7e5bbe7,2026-08-22T17:06:02.949470,CLI00246,www.jumia/blog.com,112,tablette,,False,0.0
d61ea2a0-d1a2-4a91-9a6f-4008904741b6,2026-08-12T17:19:02.949470,CLI00093,www.jumia/a-propos.com,84,mobile,,False,0.0
3a200ca3-6541-4303-aa03-7e47db5ad99c,2026-08-25T22:47:02.949470,CLI00311,www.jumia/a-propos.com,33,mobile,,False,0.0
74d0505a-04eb-4ead-b3ef-bc61e52afa77,2026-07-21T12:07:02.949470,CLI00133,www.jumia/checkout.com,156,mobile,CMP0009,False,0.0
26e7a13d-1fd6-4dee-ba91-e5182669b72f,2026-08-26T23:34:02.949470,ANON7bf621ab,www.jumia/produit/detail.com,279,mobile,CMP0014,False,0.0
ce6bc725-b3ef-4a1c-a9ab-72f9f824cd0e,2026-08-19T14:37:02.949470,CLI00217,www.jumia/a-propos.com,154,mobile,CMP0010,False,0.0
4a97984a-a7eb-4ddb-9a4f-9f5724cd29f7,2026-08-22T05:01:02.949470,ANONd8d26977,www.jumia/confirmation-commande.com,1,mobile,CMP0005,True,23.54
20a9e01a-5093-4c88-93a0-1b13d64236b1,2026-08-23T19:21:02.949470,CLI00415,www.jumia/accueil.com,91,mobile,,False,0.0
f72c8f68-7a26-4cf2-85b7-7226c21ce638,2026-07-26T00:20:02.949470,ANON295e51ae,www.jumia/produits.com,4,mobile,,False,0.0
40132a05-a62b-451e-9741-888ff313c9dd,2026-08-19T01:02:02.949470,CLI00402,www.jumia/a-propos.com,26,tablette,,False,0.0
5ab25dff-9c79-4a15-bcb2-d867b1d1170d,2026-07-28T20:22:02.949470,ANON950079de,www.jumia/accueil.com,5,tablette,,False,0.0
822d6f00-4bd4-479e-bee1-a522ce96b2ae,2026-07-15T05:52:02.949470,ANONdc5d9387,www.jumia/a-propos.com,83,tablette,CMP0002,False,0.0
478b116a-7aeb-4f8a-bee2-def8a26858c0,2026-07-24T03:48:02.949470,ANONc7b0f89d,www.jumia/promo.com,104,tablette,CMP0009,False,0.0
e9807ea9-4c1c-4d79-a7f6-2323a735d01d,2026-08-11T12:02:02.949470,ANONbfbf5bc5,www.jumia/produits.com,10,mobile,CMP0009,False,0.0
3319b3ca-c4f9-4d22-8623-3e9f9fe8a4fe,2026-07-17T04:04:02.949470,CLI00195,www.jumia/contact.com,43,mobile,,False,0.0
85e414be-078e-453c-86c0-332e26236f04,2026-08-07T08:01:02.949470,CLI00339,www.jumia/checkout.com,54,desktop,CMP0010,False,0.0
f84eabe4-62cb-445c-8257-d8f267939145,2026-07-28T14:53:02.949470,CLI00272,www.jumia/produit/detail.com,41,desktop,CMP0012,False,0.0
b23ba455-c5fc-47bc-af95-3ec20f173749,2026-07-30T12:39:02.949470,ANONffd22f24,www.jumia/a-propos.com,11,mobile,CMP0003,False,0.0
b26d4994-b76d-44d3-8dc3-8c6cce491483,2026-07-26T06:14:02.949470,ANONdf3f4631,www.jumia/promo.com,48,desktop,CMP0005,False,0.0
2fc1b288-8541-4981-b3f4-4db6456ee0b7,2026-08-20T20:07:02.949470,ANON622c64ce,www.jumia/accueil.com,125,desktop,,False,0.0
fea56d56-4e39-4301-97e6-ed0a8d036caf,2026-07-19T01:58:02.949470,ANON95c93141,www.jumia/contact.com,6,tablette,,False,0.0
ce9bf83f-9f9d-46c2-b0dd-b735ef60d41b,2026-07-27T19:21:02.949470,ANON143f9d66,www.jumia/a-propos.com,7,mobile,,False,0.0
c6513592-7788-4a7f-ae70-3e2bb166b798,2026-07-13T20:35:02.949470,ANON9f8d73b6,www.jumia/blog.com,39,desktop,CMP0001,False,0.0
c46147ef-0f5f-4c56-82c5-04dd9ce90cd7,2026-08-28T10:39:02.949470,ANONc120d8c8,www.jumia/accueil.com,255,desktop,,False,0.0
a7adefc1-fd1f-4b35-b946-46500fcc1e94,2026-08-15T17:48:02.949470,ANON72d4d7d9,www.jumia/a-propos.com,99,desktop,,False,0.0
36ed7f5f-8824-4cd8-97d7-99744f2fcab1,2026-08-06T02:05:02.949470,ANON268924c4,www.jumia/a-propos.com,102,tablette,CMP0012,False,0.0
77424d76-5004-4c20-bc09-336907e2841f,2026-07-10T06:49:02.949470,CLI00357,www.jumia/blog.com,40,tablette,CMP0011,False,0.0
c1c94075-2571-4f75-933f-c98ae1b11b8e,2026-08-18T04:18:02.949470,ANON50064025,www.jumia/checkout.com,81,mobile,CMP0010,False,0.0
ebe80f7c-6a25-4c48-8987-d0ce58f31a48,2026-07-07T02:28:02.949470,CLI00370,www.jumia/a-propos.com,1,desktop,CMP0012,False,0.0
118ba50c-d893-4fa4-87bc-7c66d0615365,2026-07-18T21:51:02.949470,CLI00237,www.jumia/accueil.com,90,desktop,,False,0.0
bbd8cd6c-8d99-4db6-bb98-081455b2ee67,2026-07-24T14:56:02.949470,CLI00149,www.jumia/accueil.com,220,mobile,CMP0013,False,0.0
b85d6bea-115f-43c6-8e85-7c1506038565,2026-07-31T02:18:02.949470,CLI00350,www.jumia/produit/detail.com,85,desktop,,False,0.0
cf704b64-d904-4edb-aa45-c1dbccc12375,2026-07-18T17:33:02.949470,CLI00158,www.jumia/blog.com,186,desktop,,False,0.0
dee9dc79-a670-4b3d-8372-fe1bcd72d070,2026-08-30T04:04:02.949470,CLI00470,www.jumia/accueil.com,115,mobile,CMP0014,False,0.0
bf4b8f34-cde2-47f6-92e5-8113f30e704a,2026-08-20T21:55:02.949470,CLI00092,www.jumia/checkout.com,11,mobile,CMP0012,False,0.0
4d0a7346-6e02-4b7b-a8bf-66fc8a1fe17b,2026-08-04T14:25:02.949470,ANON0d5bf899,www.jumia/confirmation-commande.com,209,tablette,,True,25.7
4b8b626e-0bd2-426f-a370-025fbc440b87,2026-08-14T20:26:02.949470,ANONda68121f,www.jumia/panier.com,6,desktop,CMP0004,False,0.0
10c44f4f-f0ca-4086-895e-db175dcb72fb,2026-07-18T10:48:02.949470,ANONd8401776,www.jumia/blog.com,68,tablette,CMP0015,False,0.0
f6233197-74fa-4283-8e50-8244e20095b8,2026-07-19T23:23:02.949470,ANON11fcb4ff,www.jumia/contact.com,13,tablette,CMP0002,False,0.0
a3045e86-9603-4aec-898f-6c295880c6b6,2026-08-04T18:28:02.949470,CLI00311,www.jumia/panier.com,1,mobile,,False,0.0
4d40c9f3-4021-49cd-a9cb-613d7098f408,2026-08-11T21:12:02.949470,CLI00069,www.jumia/blog.com,49,tablette,,False,0.0
32145174-1eb1-47d4-bace-f2f7a2b98ba7,2026-07-26T01:34:02.949470,ANON5657831c,www.jumia/produits.com,31,mobile,,False,0.0
3e89e4b9-5ada-4adf-9b60-6eb5189f02e2,2026-09-02T14:20:02.949470,ANON6fe5c0b0,www.jumia/blog.com,59,mobile,CMP0013,False,0.0
ced36c20-5df4-41e2-a119-551e3f8b374e,2026-08-04T11:26:02.949470,ANON73140f46,www.jumia/a-propos.com,77,mobile,CMP0009,False,0.0
c89d2798-bde9-4670-bf86-c452a8179a56,2026-07-05T23:45:02.949470,ANONbf5a3806,www.jumia/accueil.com,4,tablette,,False,0.0
5cb8471a-925f-47d2-892c-606d41a26e9c,2026-07-12T05:21:02.949470,CLI00306,www.jumia/a-propos.com,11,mobile,CMP0009,False,0.0
6fe9d176-1ed5-4322-b27f-c84922e940b9,2026-07-21T16:56:02.949470,ANON9fb4f82d,www.jumia/checkout.com,73,tablette,CMP0011,False,0.0
b57ffb14-eff8-43c4-8dae-64f1e76514d3,2026-07-13T18:30:02.949470,ANON40ec0e67,www.jumia/panier.com,37,desktop,CMP0001,False,0.0
c5152e47-f99b-4af5-8718-ce4d99db8b1b,2026-07-29T14:22:02.949470,CLI00160,www.jumia/promo.com,117,mobile,CMP0015,False,0.0
64fdcb86-e53c-444e-9ade-a5756b2621d6,2026-08-25T22:27:02.949470,ANON57ea5d30,www.jumia/produits.com,95,tablette,CMP0013,False,0.0
19db8e03-96f4-4522-a09e-e59f2bfb1663,2026-07-24T01:46:02.949470,CLI00014,www.jumia/promo.com,168,mobile,CMP0008,False,0.0
a0f1373c-1e71-4a80-a672-34812b6e9507,2026-08-23T07:44:02.949470,CLI00111,www.jumia/promo.com,106,tablette,CMP0012,False,0.0
5388c9fb-7cc9-42b6-869d-bc7b7df9ea51,2026-08-06T22:36:02.949470,CLI00215,www.jumia/produits.com,50,mobile,CMP0005,False,0.0
7a9d0fc6-2da9-4a1b-a7b9-ef32a53636ab,2026-07-21T20:16:02.949470,ANON255995f8,www.jumia/produit/detail.com,100,tablette,,False,0.0
46bd4ea1-3b06-4a96-968f-95d3b1eba142,2026-08-09T08:19:02.949470,ANON27e05c01,www.jumia/confirmation-commande.com,28,desktop,CMP0006,True,82.73
f70f8203-acaf-4af1-afd5-c941915318ba,2026-08-02T08:22:02.949470,CLI00050,www.jumia/produits.com,32,tablette,,False,0.0
73416abc-3476-4c83-bd91-112194403a56,2026-07-14T08:21:02.949470,ANON5e494b37,www.jumia/panier.com,140,mobile,,False,0.0
b60f20be-d085-40f8-b9ff-d6d050fd9aa1,2026-08-08T00:55:02.949470,ANON03e2abd5,www.jumia/accueil.com,53,desktop,CMP0015,False,0.0
57bea577-6f48-4176-8bf9-6fb9ab2772fb,2026-07-15T16:01:02.949470,CLI00488,www.jumia/produit/detail.com,144,mobile,CMP0012,False,0.0
3227ee3e-f32f-414a-9ade-c76e06c674ad,2026-07-22T04:54:02.949470,CLI00094,www.jumia/blog.com,155,tablette,CMP0007,False,0.0
7de7bb06-1f62-468e-ac58-6f38e505fbfe,2026-07-12T10:12:02.949470,CLI00288,www.jumia/produit/detail.com,175,tablette,,False,0.0
87f71997-60e0-42bd-8a6b-3fe6cd367d1d,2026-07-19T11:25:02.949470,ANON67d9963d,www.jumia/produits.com,223,mobile,CMP0012,False,0.0
5651921b-6275-43a1-9768-99e76f00a11d,2026-07-25T11:32:02.949470,ANON7ed94533,www.jumia/panier.com,50,desktop,,False,0.0
9908c67a-bfed-4e66-ac55-468d2815601e,2026-07-25T02:02:02.949470,ANON80059afc,www.jumia/a-propos.com,34,mobile,,False,0.0
b19ad83c-35c8-4c52-a789-79de64eea100,2026-07-31T19:45:02.949470,ANONd022867d,www.jumia/produits.com,78,mobile,CMP0006,False,0.0
fdaca7fc-ed26-4a73-9f5e-277b87d7e92d,2026-07-12T15:55:02.949470,CLI00421,www.jumia/accueil.com,41,tablette,CMP0012,False,0.0
6fe4ea49-0419-461a-932a-061d8a5b2684,2026-07-29T13:09:02.949470,ANON8fd9daca,www.jumia/checkout.com,82,mobile,,False,0.0
6df802d2-7743-42e6-82f4-7519f45efd7f,2026-08-20T08:48:02.949470,CLI00307,www.jumia/promo.com,110,tablette,CMP0003,False,0.0
16f71758-c0d9-42b7-ab17-e2c795bed38b,2026-09-04T14:58:02.949470,ANONe95bc416,www.jumia/blog.com,104,tablette,,False,0.0
d95e3118-c128-4f2d-af11-61881618a26a,2026-07-24T12:13:02.949470,ANON9ee4f626,www.jumia/contact.com,42,mobile,,False,0.0
87439fec-a067-4138-9e28-549da75f8d94,2026-08-31T10:50:02.949470,CLI00197,www.jumia/promo.com,16,mobile,CMP0013,False,0.0
57a5485e-4f69-4ed1-9239-c8eebe68fd9f,2026-07-15T05:08:02.949470,ANON1c7aad69,www.jumia/checkout.com,50,mobile,CMP0001,False,0.0
fbb96007-6161-402e-8af9-abb7c04e92b8,2026-07-17T00:38:02.949470,ANONff3bd9cb,www.jumia/panier.com,13,desktop,CMP0013,False,0.0
22ce1645-18b4-4788-bfd4-df9d368e6712,2026-08-23T23:21:02.949470,CLI00287,www.jumia/accueil.com,198,desktop,,False,0.0
edd01589-7a57-4a48-8c8c-21fe7deb4544,2026-08-14T16:33:02.949470,CLI00204,www.jumia/produits.com,38,desktop,,False,0.0
3fad29bb-8578-46bc-a3e3-6cf68a5c73d3,2026-08-23T08:29:02.949470,CLI00111,www.jumia/checkout.com,15,tablette,CMP0008,False,0.0
98fd9b19-0518-4a3f-a208-edf9c5cae75d,2026-07-20T11:10:02.949470,ANON10813b5d,www.jumia/confirmation-commande.com,2,tablette,CMP0011,True,200.3
1b77fcd1-8d09-44cc-aa38-31b6bc1a35f6,2026-07-14T16:29:02.949470,ANON9305110e,www.jumia/checkout.com,93,desktop,CMP0001,False,0.0
57623843-3b2d-429e-b485-0d14280603a2,2026-08-01T15:39:02.949470,ANONe0009f92,www.jumia/promo.com,91,tablette,,False,0.0
9ace6c5f-4320-4ba6-8b27-d6dae3774afe,2026-08-02T04:33:02.949470,ANON091f5186,www.jumia/blog.com,37,tablette,CMP0014,False,0.0
f16ae99c-71e6-405c-b240-f2214664ee4e,2026-08-23T06:06:02.949470,CLI00137,www.jumia/produits.com,6,tablette,,False,0.0
942c0938-e268-4cd5-8251-2129e34be57e,2026-07-30T12:56:02.949470,CLI00425,www.jumia/panier.com,47,mobile,CMP0011,False,0.0
6124228e-4d5c-46a1-bc36-bb0bbc0f6c48,2026-08-10T10:23:02.949470,ANON73eb4845,www.jumia/produit/detail.com,33,mobile,CMP0011,False,0.0
383c7c1e-dd64-4050-a511-18ba76b1ba93,2026-08-26T10:52:02.949470,ANONba012831,www.jumia/checkout.com,101,desktop,CMP0015,False,0.0
23a06f80-2475-4703-92c9-5dee9f6a28dd,2026-07-31T11:41:02.949470,ANONdb77782e,www.jumia/a-propos.com,83,desktop,CMP0013,False,0.0
0c4d5564-f82f-4ade-9a62-f1a2346fd6fc,2026-08-14T20:26:02.949470,CLI00115,www.jumia/accueil.com,40,mobile,CMP0003,False,0.0
893570f2-d1f1-49b8-b7f3-b1e943774cd4,2026-08-17T10:59:02.949470,ANONb9bbb7d0,www.jumia/blog.com,22,mobile,,False,0.0
184622b9-a3fe-4d30-92cf-2a9ef37c3762,2026-07-08T22:25:02.949470,CLI00104,www.jumia/produits.com,398,mobile,,False,0.0
2bc01bf7-8625-4e5d-9a47-bdb7aef414af,2026-08-17T01:24:02.949470,ANON05a56df8,www.jumia/accueil.com,54,mobile,,False,0.0
e2de6901-ce7f-49ba-99ef-920bcf0d2a1b,2026-09-03T20:56:02.949470,ANONdf490c9e,www.jumia/produits.com,104,desktop,CMP0010,False,0.0
24d9d0cd-a664-4a43-830f-d0303843931d,2026-08-15T13:36:02.949470,CLI00233,www.jumia/blog.com,13,mobile,,False,0.0
4a582611-040b-4cce-b138-26b0f5af4bd9,2026-08-30T15:05:02.949470,ANONa8f8ff95,www.jumia/blog.com,59,tablette,CMP0010,False,0.0
e7f31f9c-2eb7-4cf2-adbd-98b141d952fd,2026-07-14T20:18:02.949470,CLI00009,www.jumia/contact.com,2,desktop,CMP0011,False,0.0
ea77a552-1e0e-4b8c-a48a-d64af3978b2f,2026-08-03T13:50:02.949470,ANON8edfa6b7,www.jumia/contact.com,63,mobile,CMP0001,False,0.0
b4417d04-1aa4-44d2-a85c-885de6346ed6,2026-08-21T07:20:02.949470,ANONef44ae9e,www.jumia/promo.com,299,mobile,,False,0.0
f68ad085-8e06-44ab-8356-453ac8180e99,2026-07-27T19:07:02.949470,ANON59afb2e7,www.jumia/contact.com,43,tablette,,False,0.0
6e420635-3a3c-4930-8894-8e8525098039,2026-08-15T10:31:02.949470,ANON1d91c7f8,www.jumia/promo.com,3,tablette,CMP0001,False,0.0
15f10b48-33d7-460c-9374-a26ba670cfbf,2026-09-03T13:36:02.949470,CLI00204,www.jumia/a-propos.com,2,tablette,,False,0.0
dbdc1700-29ea-43e8-8f30-b86fe5c83fa0,2026-08-09T02:36:02.949470,CLI00233,www.jumia/panier.com,44,mobile,,False,0.0
28d2b717-141a-4c0d-95f7-0a923d1b0d23,2026-09-02T23:31:02.949470,ANON503ddaef,www.jumia/panier.com,15,desktop,CMP0012,False,0.0
aa6b9c5b-b436-47e2-884d-957e1f0d1b71,2026-09-02T06:38:02.949470,CLI00006,www.jumia/panier.com,2,mobile,CMP0015,False,0.0
3792acc3-79f0-4754-ab41-ba252ac20a36,2026-08-17T21:37:02.949470,CLI00058,www.jumia/panier.com,127,desktop,,False,0.0
f03c5021-505f-438e-9a67-4fab2eb6cbb3,2026-07-21T11:14:02.949470,CLI00294,www.jumia/confirmation-commande.com,55,mobile,CMP0008,True,122.15
337cdcb5-f1fe-4e26-bdd4-82937750fc19,2026-07-19T08:36:02.949470,CLI00158,www.jumia/checkout.com,30,tablette,,False,0.0
4406197b-1b54-42f4-be20-9b27b310e0f2,2026-07-16T12:52:02.949470,CLI00262,www.jumia/accueil.com,207,mobile,CMP0014,False,0.0
f9bb55bd-6d8c-4077-a105-d153f6949cdc,2026-08-02T02:50:02.949470,CLI00105,www.jumia/checkout.com,11,desktop,,False,0.0
0efd6df3-2368-4e34-9a7b-21dde5b94d1d,2026-08-05T11:38:02.949470,ANONce5b2451,www.jumia/contact.com,280,tablette,,False,0.0
b2b5a427-ef67-423c-9ef2-649d559940fc,2026-08-07T00:30:02.949470,ANONcb89ae19,www.jumia/produits.com,33,desktop,CMP0001,False,0.0
2a3f72aa-4cc4-4c05-8b14-d38dc2515b57,2026-09-01T13:06:02.949470,CLI00100,www.jumia/checkout.com,197,desktop,,False,0.0
6fd03add-11b7-4171-ab8a-684f1927bd68,2026-07-16T13:06:02.949470,CLI00375,www.jumia/promo.com,83,desktop,CMP0014,False,0.0
7074dbaf-f546-4938-bda9-ae10c7878428,2026-07-20T08:27:02.949470,ANONeeeb2f99,www.jumia/a-propos.com,157,mobile,,False,0.0
4384a804-1540-4f6e-bcee-3b93fa420b8c,2026-08-30T22:26:02.949470,ANON24e92cab,www.jumia/confirmation-commande.com,372,desktop,CMP0009,True,131.4
42086edd-1967-40f7-98c6-16f30872c81b,2026-07-20T13:20:02.949470,CLI00403,www.jumia/promo.com,30,tablette,CMP0012,False,0.0
61624a20-0b5b-4bf5-b695-6da1edf56841,2026-08-21T14:59:02.949470,ANONcb1fdee3,www.jumia/contact.com,292,desktop,CMP0015,False,0.0
a5c691dd-8a8e-46e9-a86c-2070820b9f65,2026-08-18T19:57:02.949470,CLI00461,www.jumia/blog.com,44,tablette,,False,0.0
b7e9ca3e-ae67-480f-b22c-698ab29879e5,2026-08-23T23:27:02.949470,CLI00002,www.jumia/blog.com,43,tablette,,False,0.0
207a40b6-a189-477c-a7a3-f421950507eb,2026-07-14T21:14:02.949470,CLI00323,www.jumia/confirmation-commande.com,37,mobile,,True,108.45
312b9ce0-2ed0-479d-9d91-c563b84a3353,2026-07-11T07:15:02.949470,CLI00398,www.jumia/confirmation-commande.com,70,desktop,,True,168.64
82f3faa9-ba13-489d-b9c3-a5ca30a2d6af,2026-09-02T22:15:02.949470,CLI00038,www.jumia/a-propos.com,15,tablette,CMP0010,False,0.0
7cd40af1-377d-4bf3-8ab7-9334b9f3bbae,2026-08-23T23:36:02.949470,CLI00291,www.jumia/blog.com,72,desktop,,False,0.0
a22b6ddf-0916-4e3b-b82a-a6e5a862d120,2026-08-23T13:34:02.949470,ANON6faa5669,www.jumia/checkout.com,70,tablette,CMP0009,True,192.68
6871864e-a76f-453c-877e-407d8d513e26,2026-07-24T12:27:02.949470,CLI00471,www.jumia/accueil.com,129,desktop,CMP0003,False,0.0
8c7ffbd1-354f-4bc0-ab16-54766f9d15dd,2026-08-25T20:10:02.949470,CLI00431,www.jumia/a-propos.com,161,desktop,,False,0.0
12315c4b-e77d-4a7e-9c85-7ef10844ff30,2026-08-21T14:17:02.949470,CLI00150,www.jumia/produit/detail.com,52,desktop,,False,0.0
4f0ac781-553c-4ce0-a129-263b4b1f70ec,2026-08-31T13:53:02.949470,ANONd3b4e14b,www.jumia/a-propos.com,32,tablette,,False,0.0
afa4edf5-711e-4b6e-a8e3-8367918d319e,2026-07-10T14:37:02.949470,ANONa0bf18cb,www.jumia/a-propos.com,27,desktop,CMP0008,False,0.0
0841d5a1-c1c1-454a-8abc-1dc417a747c3,2026-08-25T20:16:02.949470,CLI00473,www.jumia/produit/detail.com,19,mobile,,False,0.0
c6742ce6-c8c9-46ba-91cc-4ff54faf7ff3,2026-09-01T11:57:02.949470,CLI00394,www.jumia/produit/detail.com,5,mobile,CMP0008,False,0.0
510c43ea-1ea3-4ec7-be65-1ba76de6f16d,2026-09-03T14:00:02.949470,CLI00315,www.jumia/produits.com,37,tablette,CMP0013,False,0.0
8382cf27-5eb4-4dfe-b908-6f845f79ca21,2026-08-15T16:01:02.949470,CLI00278,www.jumia/produit/detail.com,28,tablette,CMP0009,False,0.0
be930dc8-88b3-4f43-9a2a-58faa0cf85ae,2026-08-11T08:04:02.949470,CLI00428,www.jumia/produit/detail.com,305,desktop,CMP0014,False,0.0
d350441f-73f4-49fe-86d7-a9e9a9041f91,2026-08-08T12:44:02.949470,CLI00330,www.jumia/a-propos.com,73,desktop,CMP0012,False,0.0
905bd2a7-eccd-463e-a454-a9e38111ceb2,2026-08-18T10:32:02.949470,ANON83e83e84,www.jumia/panier.com,38,desktop,CMP0003,False,0.0
3251dbb0-3ba2-4007-bb5f-88b8254c4563,2026-07-09T16:49:02.949470,ANON5c83e5d4,www.jumia/confirmation-commande.com,78,desktop,,True,230.34
03d30a7c-a7d5-47d7-8182-aed0ed25b265,2026-07-30T18:11:02.949470,ANON704493ec,www.jumia/accueil.com,13,tablette,CMP0008,False,0.0
9cbd6e45-b08f-4410-8f26-0b0b0727a642,2026-07-12T23:49:02.949470,CLI00383,www.jumia/confirmation-commande.com,52,desktop,,True,257.96
119eb724-8edf-4a2f-b6b3-0eee24cd567e,2026-07-22T00:31:02.949470,ANONab85da68,www.jumia/panier.com,88,mobile,CMP0008,False,0.0
d3330665-2ac7-4178-9d1e-0d004d09790f,2026-07-28T13:50:02.949470,ANONc35cc14a,www.jumia/produit/detail.com,60,tablette,CMP0004,False,0.0
f40df598-0f81-46b7-bbdb-0346547e2493,2026-08-09T18:08:02.949470,ANON55ce0123,www.jumia/panier.com,46,mobile,,False,0.0
1699a516-0756-49c0-9cbe-7622a5568565,2026-08-09T13:31:02.949470,CLI00041,www.jumia/confirmation-commande.com,458,desktop,CMP0007,True,68.18
714b257a-15b1-4adc-aac7-8af29186885c,2026-08-21T09:43:02.949470,CLI00086,www.jumia/promo.com,191,mobile,,False,0.0
8133d5ab-01fd-4624-aa91-807a05841ca7,2026-07-31T12:46:02.949470,CLI00272,www.jumia/promo.com,87,tablette,,False,0.0
0f6d0f99-f756-42be-9364-4645970754ec,2026-07-28T21:46:02.949470,ANON0772fbc4,www.jumia/produits.com,75,tablette,,False,0.0
51f3cad6-2af6-41fe-aed9-be371018d41e,2026-08-20T06:55:02.949470,CLI00135,www.jumia/blog.com,87,tablette,CMP0011,False,0.0
4b31a604-156f-4c4d-af47-5cb722cbf38d,2026-07-25T19:11:02.949470,ANON597bc10a,www.jumia/checkout.com,20,mobile,CMP0008,False,0.0
ca925cfb-628b-47c0-86a7-beae8aac4e55,2026-07-06T00:51:02.949470,CLI00346,www.jumia/a-propos.com,45,tablette,,False,0.0
fe37334e-3feb-405f-9c26-696bddbb165a,2026-07-09T22:30:02.949470,CLI00102,www.jumia/a-propos.com,3,tablette,CMP0008,False,0.0
fa40ff3a-6f3f-4312-a0bf-42e1787482e3,2026-07-27T12:47:02.949470,CLI00187,www.jumia/panier.com,58,desktop,CMP0001,False,0.0
3943bde3-29f0-423b-848f-4c3ac156c0c6,2026-07-24T20:52:02.949470,CLI00168,www.jumia/panier.com,70,mobile,CMP0002,False,0.0
091e9cc7-776f-425d-b9fb-a0e0f773087b,2026-07-19T17:43:02.949470,CLI00215,www.jumia/contact.com,23,tablette,CMP0015,False,0.0
469372f0-5f91-4ad5-81b7-62fc4b19c9dd,2026-08-29T10:38:02.949470,CLI00163,www.jumia/accueil.com,299,mobile,CMP0007,False,0.0
1cfffe6a-27cd-4559-8c09-1dde9938b9ad,2026-08-14T03:26:02.949470,ANONaf0acbdc,www.jumia/produits.com,216,desktop,CMP0014,False,0.0
0d0e4752-cf00-4fa2-87fb-55afc7e9b1ef,2026-09-03T20:34:02.949470,CLI00197,www.jumia/promo.com,115,tablette,,False,0.0
b5536d6f-10e0-4d28-8567-4db9fd587a02,2026-09-03T22:16:02.949470,ANON860fefd3,www.jumia/promo.com,68,tablette,CMP0008,False,0.0
4cd0317e-e9ae-4a1a-abed-661ae6fea5e7,2026-08-27T23:20:02.949470,CLI00121,www.jumia/a-propos.com,183,tablette,CMP0005,False,0.0
d6362785-9268-448e-8d97-7257660652c8,2026-08-10T05:57:02.949470,ANON27d8c10a,www.jumia/a-propos.com,12,desktop,CMP0003,False,0.0
49fd2463-cdb1-4b3b-a39e-efa0ea0d1387,2026-07-31T19:52:02.949470,ANON3fe031c3,www.jumia/blog.com,140,desktop,,False,0.0
77752082-0d8f-474a-8f72-0c296270196b,2026-08-09T08:49:02.949470,CLI00362,www.jumia/confirmation-commande.com,11,tablette,CMP0003,True,160.41
d4d2e026-fc8f-4fe6-93fb-503ce28f005e,2026-09-01T15:49:02.949470,ANON1e9f738c,www.jumia/blog.com,142,desktop,CMP0006,False,0.0
f14ae017-d9f8-40b3-95e9-9c11bf30ab62,2026-08-25T05:22:02.949470,ANON0d8bc9c0,www.jumia/produit/detail.com,29,tablette,,False,0.0
d74982f2-924f-4240-a978-d8841b3587fe,2026-07-14T04:11:02.949470,ANON28664286,www.jumia/blog.com,188,desktop,,False,0.0
256efaa6-1cd3-41de-8bff-b27d0527d443,2026-07-06T23:31:02.949470,ANON668412b5,www.jumia/accueil.com,259,mobile,,False,0.0
3dd9e215-01d8-4183-9c2f-85560e28d1d7,2026-08-26T03:55:02.949470,ANON9303779f,www.jumia/panier.com,14,mobile,,False,0.0
a0fd5066-b03d-4d44-9dea-2a082561d710,2026-07-20T23:13:02.949470,ANON85e4ed6f,www.jumia/produits.com,55,desktop,,False,0.0
13e2f466-396b-447b-9ef4-b1defd06b4f6,2026-08-30T04:36:02.949470,CLI00018,www.jumia/a-propos.com,356,mobile,CMP0006,False,0.0
6fe3ea29-e9b3-4228-9457-e0bafb543220,2026-08-15T14:59:02.949470,ANON1d7d82b4,www.jumia/checkout.com,59,tablette,CMP0003,False,0.0
d3cd41bc-0abe-4f46-9542-835b66d7c42f,2026-08-08T13:56:02.949470,ANONea3e60c8,www.jumia/contact.com,179,mobile,CMP0010,False,0.0
1ba457b8-9a53-45f2-a4c5-01eb696502d0,2026-08-06T17:31:02.949470,ANON638076dc,www.jumia/contact.com,79,tablette,CMP0008,False,0.0
979b5dce-9403-404f-8e01-299f81219e14,2026-09-04T04:13:02.949470,CLI00188,www.jumia/a-propos.com,42,tablette,CMP0012,False,0.0
ea639741-1c12-4509-a620-42939f9cb9ad,2026-08-20T00:30:02.949470,ANON4d61edef,www.jumia/produits.com,30,tablette,CMP0004,False,0.0
13f7f07b-1f5e-49f2-ab8c-566b80cb5c77,2026-07-19T00:17:02.949470,CLI00069,www.jumia/panier.com,20,mobile,CMP0014,False,0.0
e7ae4b7e-2b26-481b-a8b0-26d928f14d2e,2026-07-14T01:10:02.949470,ANON5429c0be,www.jumia/checkout.com,129,mobile,CMP0014,False,0.0
cecd9c9d-231d-4015-be0c-32070841dbf5,2026-07-30T17:32:02.949470,CLI00213,www.jumia/checkout.com,43,mobile,,False,0.0
a94f6464-4954-4451-87be-ed6d09af9fb1,2026-08-20T12:01:02.949470,CLI00242,www.jumia/blog.com,64,tablette,CMP0009,False,0.0
c5c5ff5f-348a-48ca-8791-7f01eb0af00b,2026-08-19T21:14:02.949470,CLI00180,www.jumia/contact.com,61,desktop,CMP0013,False,0.0
cfe3621f-37ce-4791-b92f-8cb92314b738,2026-07-26T03:19:02.949470,ANON25fa6b84,www.jumia/checkout.com,77,desktop,,False,0.0
33cd2c10-2d9b-42c8-bd85-86b568ec2eae,2026-07-15T12:34:02.949470,CLI00419,www.jumia/contact.com,180,desktop,CMP0010,False,0.0
90e94cf3-a3fe-4ba1-a63e-a051d4c1bc97,2026-09-01T16:07:02.949470,CLI00282,www.jumia/produit/detail.com,355,tablette,CMP0002,False,0.0
8c576cb8-0fc0-406f-82d2-ee97be30b55b,2026-08-02T22:13:02.949470,CLI00111,www.jumia/panier.com,47,desktop,CMP0002,False,0.0
4b5504e2-6a74-451f-a5cc-34b5f1601b35,2026-08-25T17:18:02.949470,ANON4aaaad1d,www.jumia/produit/detail.com,158,mobile,CMP0010,False,0.0
702d7d81-cd39-4ef3-af34-6f3eb8bae671,2026-07-25T23:43:02.949470,ANONac15417d,www.jumia/panier.com,130,tablette,CMP0010,False,0.0
d49ab0cd-e289-4219-b624-d1ab652fb41c,2026-07-31T23:38:02.949470,ANONd05ed6a0,www.jumia/promo.com,76,mobile,,False,0.0
fa824f39-3254-421e-bea8-7dac1fc3e20a,2026-08-15T03:47:02.949470,CLI00086,www.jumia/confirmation-commande.com,281,tablette,CMP0003,True,201.2
2a6da237-22b1-4210-97db-56c92e70fb2d,2026-07-21T13:26:02.949470,CLI00285,www.jumia/checkout.com,20,tablette,,True,49.81
cb37ab44-4b2d-467e-bdaf-f87d5dd9dc66,2026-08-16T09:19:02.949470,CLI00083,www.jumia/blog.com,10,desktop,,False,0.0
255dd3f1-d45d-4b5b-b950-7ac59d069bb7,2026-07-20T19:08:02.949470,CLI00416,www.jumia/contact.com,173,tablette,CMP0014,False,0.0
5496e786-b8b7-47a5-b0f3-bd5b65e23911,2026-08-20T17:39:02.949470,ANON1dc0bb36,www.jumia/promo.com,52,desktop,CMP0008,False,0.0
08e559eb-642a-4ade-a6b3-867fd01e2af3,2026-07-06T00:08:02.949470,CLI00170,www.jumia/panier.com,168,tablette,CMP0002,False,0.0
24b5a8ad-c061-4893-a199-f769adf5e849,2026-09-01T14:01:02.949470,ANONf133bd97,www.jumia/produits.com,201,mobile,,False,0.0
aff7f716-eac3-4e8a-8de4-7151d615b2cb,2026-08-06T17:29:02.949470,CLI00488,www.jumia/a-propos.com,5,tablette,,False,0.0
13a45017-d577-49a9-87ba-8645ec96a31c,2026-07-20T22:41:02.949470,ANON2453f293,www.jumia/produits.com,193,mobile,CMP0011,False,0.0
aa130a56-0f4b-4a14-931b-3981e673a20e,2026-08-25T05:57:02.949470,ANON8e77e533,www.jumia/accueil.com,53,tablette,,False,0.0
6d57c64b-081b-4a26-9c9d-faa0b5d22dc0,2026-07-17T23:34:02.949470,CLI00284,www.jumia/contact.com,64,tablette,,False,0.0
00efe8a9-2d15-4f97-97a3-2fdce3700578,2026-08-26T16:28:02.949470,CLI00292,www.jumia/contact.com,88,desktop,CMP0009,False,0.0
d4ff3b36-ba64-4549-ab06-ded82d9a4a3d,2026-08-18T01:16:02.949470,ANON7b517572,www.jumia/confirmation-commande.com,234,desktop,,True,205.19
74e2fa6d-e1e7-4d0b-a387-04a2fd6cace0,2026-07-17T02:12:02.949470,CLI00429,www.jumia/accueil.com,1,mobile,CMP0015,False,0.0
1bfaba29-f72a-4029-82fa-5e7d9aa3b459,2026-07-07T02:51:02.949470,ANON07ed4f02,www.jumia/promo.com,58,tablette,CMP0007,False,0.0
e15f6d2b-0518-45a9-9d6c-ac69f0e0cad3,2026-07-25T22:01:02.949470,ANON0810f5b0,www.jumia/panier.com,104,tablette,CMP0014,False,0.0
d9f53318-f838-43e7-b2c3-b1b30a3aeb2d,2026-08-10T20:33:02.949470,ANON1d9825da,www.jumia/produit/detail.com,115,tablette,,False,0.0
1af37a8e-fb3a-4b0d-9581-61c0d0d1f0c1,2026-09-04T13:19:02.949470,CLI00102,www.jumia/contact.com,106,desktop,CMP0001,False,0.0
5d427a2b-041c-4ac0-8b1a-cac79458f4cb,2026-08-16T18:04:02.949470,ANONccd7454a,www.jumia/accueil.com,12,tablette,CMP0010,False,0.0
99a91ba8-6f02-468d-9c12-da15f0ab02c3,2026-08-01T09:37:02.949470,CLI00312,www.jumia/produits.com,32,mobile,CMP0010,False,0.0
9cfcd5f2-a28f-440b-a4e7-a1bdbc18cf10,2026-07-30T20:12:02.949470,CLI00081,www.jumia/produits.com,39,tablette,CMP0003,False,0.0
589d25ae-0e60-4ec3-9230-f4f0b65c77d6,2026-09-03T17:01:02.949470,ANON4dd82a0d,www.jumia/accueil.com,146,mobile,CMP0013,False,0.0
1b1d00d3-4f49-4884-b0a5-8e53e08c9cfb,2026-08-13T18:15:02.949470,CLI00054,www.jumia/produit/detail.com,29,mobile,CMP0002,False,0.0
d3cfe10d-1ce0-49d7-9cd5-78bf62a27590,2026-07-07T22:11:02.949470,CLI00371,www.jumia/confirmation-commande.com,21,tablette,,True,203.59
8294210c-4f52-4109-81ee-899df7ca1be5,2026-08-23T09:31:02.949470,ANON3212b97e,www.jumia/panier.com,284,mobile,CMP0015,False,0.0
aa94b1e8-ec52-4d63-a60b-db5c9a8d0e74,2026-07-24T12:44:02.949470,CLI00007,www.jumia/produit/detail.com,1,desktop,CMP0006,False,0.0
ec92be95-45f8-4eef-a703-cb861651b029,2026-08-16T16:23:02.949470,CLI00392,www.jumia/checkout.com,551,mobile,CMP0009,True,40.68
b4730dab-f741-4beb-afba-752af3dbc802,2026-08-25T12:15:02.949470,CLI00173,www.jumia/accueil.com,101,tablette,CMP0009,False,0.0
214b91aa-53fe-4e9b-9cd4-dc6d65db1bbe,2026-08-17T04:40:02.949470,CLI00009,www.jumia/promo.com,158,mobile,CMP0005,False,0.0
01e601d1-4aa1-4b70-b889-2cf0274a5e2c,2026-08-19T05:54:02.949470,ANON0b70d2d4,www.jumia/produits.com,31,tablette,,False,0.0
611075c4-7e28-4b3a-986c-8edbfc5cf25a,2026-08-22T14:32:02.949470,CLI00342,www.jumia/promo.com,1,tablette,,False,0.0
3c4400e1-284e-46d5-b569-feab298a0f19,2026-07-27T23:21:02.949470,CLI00009,www.jumia/produits.com,120,mobile,,False,0.0
dd9f95c1-8c69-4e04-a47b-450b264d93b5,2026-08-03T21:41:02.949470,ANONe6122707,www.jumia/a-propos.com,161,desktop,CMP0007,False,0.0
9741b4b5-db9c-41de-9dc0-5aa98ce88762,2026-08-09T05:56:02.949470,CLI00434,www.jumia/accueil.com,121,desktop,CMP0015,False,0.0
714c8327-80a0-4e27-b275-057451decb72,2026-09-03T21:28:02.949470,CLI00073,www.jumia/contact.com,13,mobile,,False,0.0
a251fe81-078e-4d5e-9017-cc55f1573025,2026-08-01T21:55:02.949470,CLI00286,www.jumia/contact.com,126,desktop,,False,0.0
961036aa-5297-4d6d-8d00-3f1bde981bdb,2026-07-09T00:10:02.949470,CLI00370,www.jumia/produits.com,131,desktop,,False,0.0
2fca53fe-700f-4c47-b766-b5e339d34131,2026-08-02T12:33:02.949470,CLI00145,www.jumia/a-propos.com,96,tablette,CMP0003,False,0.0
39caba5a-b557-4972-a7ec-de176d0430c7,2026-09-03T21:53:02.949470,CLI00450,www.jumia/accueil.com,130,mobile,CMP0014,False,0.0
f12e6f6b-14b8-413f-a098-c7cc8e738f4c,2026-08-19T17:27:02.949470,CLI00009,www.jumia/promo.com,168,desktop,CMP0004,False,0.0
285e5ad1-21a7-4738-a1e7-0f8af9dadb34,2026-09-02T07:03:02.949470,ANONd50eddc7,www.jumia/confirmation-commande.com,85,desktop,CMP0013,True,135.61
a5ea9e8c-b007-4eec-9bd8-7159734ab883,2026-08-13T20:55:02.949470,ANONd8cdfd9e,www.jumia/confirmation-commande.com,8,desktop,CMP0011,True,121.01
e0bd99e3-0fe8-4c4f-bd3d-d72d189e08aa,2026-08-27T23:47:02.949470,CLI00429,www.jumia/checkout.com,60,mobile,CMP0014,False,0.0
12630a98-da34-453c-a61e-d42273275be7,2026-07-12T20:07:02.949470,ANON8a6a09c5,www.jumia/a-propos.com,7,mobile,CMP0002,False,0.0
b65c66a3-40d8-4267-a541-e6670c06c42a,2026-07-08T00:33:02.949470,ANON86f402da,www.jumia/blog.com,47,tablette,,False,0.0
66dd1d4e-d22d-459c-b0a0-5ba443eae42c,2026-07-19T22:00:02.949470,ANONbbd0e9f6,www.jumia/contact.com,47,mobile,CMP0013,False,0.0
7a89435f-4621-48cf-9c50-428c49b1b514,2026-08-02T10:34:02.949470,CLI00373,www.jumia/confirmation-commande.com,6,mobile,CMP0009,True,142.61
7af92d8a-32e8-4498-b2e2-7be262cd0b4b,2026-08-11T19:27:02.949470,ANONdb888989,www.jumia/accueil.com,38,desktop,,False,0.0
2b0ef764-7809-46de-89fb-92b3674c48ff,2026-07-11T01:04:02.949470,CLI00028,www.jumia/contact.com,10,tablette,CMP0008,False,0.0
aeb2b16a-0330-4645-960c-e54dbdbb529c,2026-07-20T04:37:02.949470,ANONf3b18749,www.jumia/checkout.com,148,tablette,,False,0.0
2f8057c4-2b09-4617-b386-9e7e4d9b8e2d,2026-07-23T09:51:02.949470,CLI00361,www.jumia/panier.com,265,mobile,CMP0007,False,0.0
af8322d3-6bb8-465a-9906-a05b672aca7c,2026-07-07T12:59:02.949470,ANON8aae124e,www.jumia/confirmation-commande.com,6,tablette,CMP0009,True,142.34
76838aee-85d1-4f30-b482-009bac7d19a8,2026-08-02T13:48:02.949470,CLI00003,www.jumia/confirmation-commande.com,279,tablette,CMP0004,True,71.7
70862ce3-7b11-4b65-80f3-7acb5d513166,2026-08-26T01:10:02.949470,ANONe6684bd7,www.jumia/contact.com,66,desktop,CMP0014,False,0.0
fda8dfd1-d3db-4c48-85a1-f28aade97066,2026-08-28T08:28:02.949470,CLI00181,www.jumia/promo.com,32,mobile,CMP0014,False,0.0
080296c2-c606-4e79-8eb5-a80e73921e62,2026-08-08T02:25:02.949470,CLI00017,www.jumia/accueil.com,7,desktop,CMP0014,False,0.0
6fa8df7a-019c-4461-8f4e-6f1c0f4b77cc,2026-07-31T07:59:02.949470,ANON46562029,www.jumia/accueil.com,62,mobile,CMP0006,False,0.0
db1f71fc-7610-4dd2-8758-ed0241aef52b,2026-08-24T21:35:02.949470,ANONaa9fe4a6,www.jumia/produits.com,142,desktop,CMP0008,False,0.0
6b2edf9d-fb03-4053-8a11-5b28199801b0,2026-07-07T19:19:02.949470,ANONf8c90361,www.jumia/a-propos.com,110,tablette,,False,0.0
5538358a-2698-4df6-9ea1-44c01b78da73,2026-07-10T17:08:02.949470,ANON8cbefa66,www.jumia/checkout.com,4,desktop,,False,0.0
dfb47ff1-7638-41b7-b1be-f4e8922d77e2,2026-07-21T16:17:02.949470,CLI00131,www.jumia/promo.com,6,tablette,CMP0013,False,0.0
6f38848a-def8-4768-8146-0ac1e08ad72e,2026-08-06T20:23:02.949470,ANON569460f0,www.jumia/contact.com,46,desktop,CMP0011,False,0.0
d65f5bda-ed8b-447b-bcee-8e0d3b04a4ed,2026-08-25T14:05:02.949470,ANONee6ee664,www.jumia/produits.com,31,mobile,,False,0.0
40d95f2c-d955-499e-98fe-7bdeeead0f67,2026-08-04T13:00:02.949470,ANONf08c5b16,www.jumia/blog.com,23,tablette,,False,0.0
326c77c6-bf4a-447e-9252-fa80a1b32c0e,2026-08-10T17:50:02.949470,CLI00051,www.jumia/produit/detail.com,29,mobile,CMP0015,False,0.0
335ec39b-77c7-4afb-aa11-beceb1d5f1cd,2026-08-06T03:35:02.949470,CLI00120,www.jumia/produit/detail.com,146,desktop,CMP0010,False,0.0
1be86bc1-0e6c-4c3f-bbdf-cb2cee8d07a3,2026-08-01T23:45:02.949470,ANON92dec3f3,www.jumia/promo.com,238,tablette,,False,0.0
083af67c-d601-469b-beef-42036882aa6d,2026-07-24T13:08:02.949470,ANONc0b5f8ef,www.jumia/contact.com,46,mobile,,False,0.0
4a6f330a-ccd5-4f66-9c32-8e502c902db4,2026-07-10T17:24:02.949470,CLI00221,www.jumia/produit/detail.com,212,mobile,,False,0.0
61239350-ad7c-4fdd-a82b-d19fa5c5f2b5,2026-07-19T08:35:02.949470,ANONae379260,www.jumia/produit/detail.com,34,mobile,CMP0014,False,0.0
07fe51f8-a57c-4b55-bb51-66494bfdb22d,2026-07-11T07:35:02.949470,ANON661d22f6,www.jumia/accueil.com,58,tablette,,False,0.0
f08dc14e-5866-48e1-9820-87015deec921,2026-08-26T16:12:02.949470,ANONf0f1cf27,www.jumia/a-propos.com,23,mobile,CMP0014,False,0.0
0cfed523-6e2f-4254-bd90-18f915827794,2026-07-21T06:15:02.949470,ANON77c709f0,www.jumia/a-propos.com,92,tablette,,False,0.0
423596ff-b419-4a54-9fc8-085f39f52f3b,2026-08-07T13:00:02.949470,ANON2e1f9a3d,www.jumia/produits.com,347,desktop,,False,0.0
b15aa51f-232a-4f6b-b8be-981675306549,2026-07-07T18:25:02.949470,ANON09f40c4e,www.jumia/checkout.com,83,tablette,CMP0011,False,0.0
6f56c050-3090-41b0-a436-f452e22a6410,2026-07-06T21:06:02.949470,ANONf5cbf2c5,www.jumia/checkout.com,39,mobile,,False,0.0
ada0c4fc-d202-4714-9e3c-887252f193c5,2026-08-22T22:00:02.949470,ANON820e3d23,www.jumia/a-propos.com,93,tablette,,False,0.0
1add8cdc-0789-41c3-8f32-ac1a6423d60c,2026-08-22T02:08:02.949470,ANON07f80717,www.jumia/confirmation-commande.com,11,mobile,,True,139.74
62398197-ebf8-45dd-b910-bf98218f5d17,2026-08-08T23:35:02.949470,CLI00024,www.jumia/blog.com,197,desktop,,False,0.0
8abc0d1f-8850-411e-a9eb-470d3fdb1978,2026-07-26T10:14:02.949470,CLI00097,www.jumia/blog.com,62,tablette,CMP0014,False,0.0
39ad95fb-9d40-49bf-a7b8-70c363cf3046,2026-07-11T04:10:02.949470,ANONfc3d9ffd,www.jumia/produits.com,53,mobile,CMP0013,False,0.0
871785a9-4df7-4ff4-a24e-46103a3c0ebd,2026-08-07T10:15:02.949470,CLI00085,www.jumia/promo.com,79,tablette,,False,0.0
1820b54d-ccfa-49c9-8343-9c82a45276b2,2026-08-02T12:29:02.949470,ANONb3b5e16b,www.jumia/blog.com,88,tablette,CMP0008,False,0.0
d31fddee-a8d9-4b48-bded-e03c26c80296,2026-09-04T16:31:02.949470,ANON0fc4ddb6,www.jumia/accueil.com,6,desktop,,False,0.0
a26f4e50-a73c-46c0-8d48-f613f108afb0,2026-07-08T12:54:02.949470,CLI00405,www.jumia/produits.com,103,tablette,CMP0002,False,0.0
1146b22f-7379-4341-8ee7-ba776b22c494,2026-08-01T21:54:02.949470,ANON422399db,www.jumia/panier.com,24,mobile,CMP0008,False,0.0
2839eaa9-2cf3-45ba-884f-79a5204b39a9,2026-08-06T04:15:02.949470,ANON782ce79f,www.jumia/a-propos.com,112,mobile,,False,0.0
b08c1500-241b-4e16-9683-e18ae2cb9f71,2026-07-27T17:56:02.949470,ANON9fb00a79,www.jumia/promo.com,155,tablette,CMP0013,False,0.0
e1df31fe-da1b-4fb8-9d2f-d5dcc4a6a97a,2026-08-17T14:57:02.949470,CLI00310,www.jumia/blog.com,146,tablette,CMP0011,False,0.0
25486243-c00d-45a2-aa2f-3b890ad877b4,2026-08-15T04:25:02.949470,CLI00128,www.jumia/checkout.com,72,desktop,,False,0.0
cdff9934-8316-488f-8611-289eb3d66a65,2026-07-07T03:00:02.949470,CLI00006,www.jumia/produit/detail.com,66,tablette,CMP0003,False,0.0
d3fb7302-ce69-4910-a423-ac4397589044,2026-07-26T21:56:02.949470,CLI00390,www.jumia/panier.com,13,tablette,CMP0015,False,0.0
59be703e-452f-44db-83c6-b7673c782aef,2026-08-01T03:06:02.949470,CLI00294,www.jumia/panier.com,134,desktop,CMP0001,False,0.0
c3fc8bf2-8479-4c39-883b-148c9e6c2772,2026-08-09T07:06:02.949470,CLI00022,www.jumia/blog.com,28,mobile,,False,0.0
0ab73f39-2a57-4a3b-96a5-7a43f31570c6,2026-07-22T07:02:02.949470,CLI00309,www.jumia/promo.com,61,mobile,CMP0013,False,0.0
b56474b5-0673-4859-ae6e-8c2f3fb489f3,2026-08-01T19:11:02.949470,CLI00038,www.jumia/panier.com,30,mobile,,False,0.0
ad1bede7-8044-4b8e-be6d-c743a79077a8,2026-08-12T17:47:02.949470,ANON73202c12,www.jumia/produit/detail.com,12,mobile,CMP0013,False,0.0
ff16ca7d-6f8a-4bdc-a7bd-dbe89212b0a0,2026-08-20T07:38:02.949470,ANON5a8181d0,www.jumia/accueil.com,89,desktop,CMP0008,False,0.0
72d49369-30e7-4066-851d-3191f239e26a,2026-07-17T01:34:02.949470,CLI00262,www.jumia/produits.com,5,desktop,,False,0.0
417496b2-f32c-4735-a9f3-156e181876a8,2026-07-27T16:33:02.949470,CLI00490,www.jumia/checkout.com,124,desktop,,False,0.0
ce87726f-49ce-42e5-84b4-079932e3f199,2026-07-15T02:39:02.949470,CLI00333,www.jumia/accueil.com,34,mobile,,False,0.0
bac97cef-d813-4788-85a2-d0b63590c985,2026-08-19T03:49:02.949470,CLI00433,www.jumia/produits.com,1,desktop,CMP0010,False,0.0
39b8f116-f0a0-4ea1-b066-f1389f1caf0d,2026-08-23T18:02:02.949470,ANON91394d1a,www.jumia/produits.com,64,tablette,,False,0.0
0a4cda6d-4cd2-4797-8780-aba44d0926df,2026-07-14T16:48:02.949470,ANONabd257cf,www.jumia/accueil.com,4,tablette,CMP0010,False,0.0
87db27cb-e336-4d8a-a880-de8dceac5681,2026-08-09T17:32:02.949470,CLI00283,www.jumia/produit/detail.com,29,mobile,,False,0.0
a4d6e0c4-220c-4473-bfb9-f5f72d8dec7d,2026-07-22T21:00:02.949470,ANON8d8f223e,www.jumia/produits.com,110,mobile,CMP0009,False,0.0
04c86b59-4ebb-483c-9335-5711d285afe6,2026-08-28T05:11:02.949470,ANON1c61507a,www.jumia/checkout.com,5,tablette,CMP0007,False,0.0
9a922a66-98d9-484a-b84b-4892e50c3008,2026-08-17T12:11:02.949470,CLI00500,www.jumia/promo.com,164,desktop,,False,0.0
4311f7b0-9987-4625-978c-d3be97bf200d,2026-08-19T14:07:02.949470,CLI00291,www.jumia/checkout.com,1,mobile,CMP0015,False,0.0
6e18e006-0bec-4fed-b370-ffb6ad61643d,2026-07-26T05:09:02.949470,ANON3bb7d6af,www.jumia/accueil.com,25,mobile,CMP0006,False,0.0
f1737fc6-bfe9-4a19-b147-1cab598b3ba7,2026-07-13T13:40:02.949470,ANON8dad6fcd,www.jumia/accueil.com,121,tablette,,False,0.0
11b130f6-0e24-4bf2-a433-64908b96e9d2,2026-08-24T09:55:02.949470,CLI00356,www.jumia/accueil.com,34,desktop,CMP0015,False,0.0
e1593e7b-fc4a-437b-ab6b-d27f10391b2c,2026-07-12T21:02:02.949470,ANON589cf251,www.jumia/panier.com,9,tablette,CMP0011,False,0.0
e3b40590-baaf-4bc1-92fc-a87e2aeedfad,2026-08-09T12:23:02.949470,CLI00211,www.jumia/produit/detail.com,40,mobile,CMP0007,False,0.0
0d1370db-9b26-49f4-bd63-16dde3919754,2026-08-07T12:48:02.949470,CLI00249,www.jumia/accueil.com,28,mobile,CMP0010,False,0.0
9a2088f9-463e-45da-9b4c-e9f63c913092,2026-07-07T14:13:02.949470,CLI00070,www.jumia/checkout.com,166,tablette,,False,0.0
c9551e1f-572e-43c3-ac4e-35e7afed92f6,2026-07-21T23:35:02.949470,ANON3269e2e6,www.jumia/checkout.com,33,tablette,CMP0007,False,0.0
e602081a-88e8-4097-946e-94e8105fc3fc,2026-08-30T12:11:02.949470,CLI00168,www.jumia/blog.com,140,desktop,CMP0008,False,0.0
9a82f411-9dfa-4303-ad11-041ec1c7c077,2026-07-15T19:24:02.949470,CLI00217,www.jumia/confirmation-commande.com,200,desktop,,True,154.66
2ec560fb-bb23-4a37-85e1-741cc4435ffb,2026-07-27T12:29:02.949470,ANON0307515d,www.jumia/checkout.com,51,mobile,CMP0008,False,0.0
282125ca-6b01-41f5-80d1-3f4a15b9dc25,2026-07-18T11:23:02.949470,CLI00125,www.jumia/confirmation-commande.com,216,desktop,,True,88.56
2e1a5877-a7ff-47a8-9770-23e6c168de48,2026-08-31T07:22:02.949470,CLI00215,www.jumia/confirmation-commande.com,42,mobile,CMP0011,True,214.67
c52033e7-5832-43fd-9ead-ca75575586fc,2026-07-12T07:12:02.949470,CLI00474,www.jumia/accueil.com,299,mobile,CMP0010,False,0.0
9c9f9d20-982c-4699-8a83-81e62d74993a,2026-08-19T15:59:02.949470,CLI00078,www.jumia/checkout.com,8,desktop,CMP0003,True,232.18
1cac79eb-be5b-4107-bb2d-afcd74eaf235,2026-08-02T10:16:02.949470,CLI00069,www.jumia/confirmation-commande.com,104,desktop,,True,189.78
3ab84a7c-7e51-4c5b-a799-667ab32c3ae4,2026-07-06T21:37:02.949470,ANON57f9c635,www.jumia/produits.com,61,desktop,CMP0012,False,0.0
3ead1e95-c4cd-4b44-9ed1-dc6749d8f12e,2026-09-02T11:24:02.949470,CLI00265,www.jumia/blog.com,44,mobile,,False,0.0
12fbdb45-fed9-4d33-a408-4b200dcf25a7,2026-07-06T11:32:02.949470,CLI00203,www.jumia/contact.com,90,tablette,CMP0010,False,0.0
7f10dad9-a4fb-4ffb-a9c8-2a9a5ab84c30,2026-08-06T11:40:02.949470,CLI00305,www.jumia/confirmation-commande.com,109,mobile,CMP0002,True,141.57
232f0c2d-7ec6-4e12-bac6-b051d3d30c8d,2026-09-03T03:00:02.949470,CLI00135,www.jumia/produit/detail.com,1,tablette,CMP0012,False,0.0
ac35d974-9380-4b52-af6a-4aa372452d53,2026-08-26T07:36:02.949470,ANON4a37c2d1,www.jumia/accueil.com,16,mobile,CMP0002,False,0.0
a3897e4a-757c-47df-a37c-d552446860cb,2026-08-08T02:46:02.949470,ANON9db87a6a,www.jumia/confirmation-commande.com,112,desktop,,True,79.97
0b07348c-ae11-4f13-8516-71f61743c1d5,2026-08-19T13:18:02.949470,CLI00237,www.jumia/a-propos.com,98,desktop,CMP0013,False,0.0
2a103b76-9620-4d77-b13e-b7b0ebd86b0a,2026-08-27T14:42:02.949470,ANONe3581864,www.jumia/produit/detail.com,304,desktop,CMP0005,False,0.0
af97b96e-f914-4f0a-bc86-1184c3305058,2026-07-13T22:14:02.949470,CLI00167,www.jumia/checkout.com,128,desktop,CMP0013,False,0.0
392024a5-32eb-43d0-b3eb-ca6f0208c30a,2026-07-08T20:15:02.949470,CLI00335,www.jumia/confirmation-commande.com,271,desktop,,True,96.28
3a91e615-77c2-41d4-9ba2-ecf1c6e6f033,2026-07-27T17:41:02.949470,ANON6d4dd365,www.jumia/produits.com,109,mobile,,False,0.0
223d5377-730f-4e9c-ac61-f269569949fd,2026-07-14T00:41:02.949470,ANON9d6c44a9,www.jumia/checkout.com,31,tablette,,False,0.0
5d54dbf6-c7f6-4587-a491-8c1f7ea77c17,2026-08-23T18:18:02.949470,ANONe098cb39,www.jumia/promo.com,10,tablette,,False,0.0
92d3a4c2-95ec-467d-8ced-65bdb9d71230,2026-08-26T21:00:02.949470,CLI00106,www.jumia/panier.com,137,tablette,CMP0013,False,0.0
3807dc38-7fee-48af-9103-131cf101fb59,2026-07-24T15:13:02.949470,CLI00087,www.jumia/accueil.com,92,mobile,,False,0.0
09647df9-e1f6-4a7c-aa8f-d2a4febe918c,2026-08-30T12:06:02.949470,ANON46d216f8,www.jumia/contact.com,4,desktop,CMP0003,False,0.0
687f53b5-1f6a-4241-877b-0e05a1f48c0a,2026-08-19T19:13:02.949470,ANON864b2e8e,www.jumia/promo.com,40,desktop,CMP0013,False,0.0
92f0bd6b-d11f-4e15-80b8-40844a5e9187,2026-07-20T19:48:02.949470,CLI00198,www.jumia/promo.com,282,mobile,CMP0011,False,0.0
bfb9b685-24f7-4de0-a1e3-8b6b2bb7664d,2026-07-26T18:06:02.949470,CLI00458,www.jumia/panier.com,62,desktop,CMP0003,False,0.0
0cc36297-e709-4ed4-a09f-6d92f31999c6,2026-08-29T02:28:02.949470,ANONaa57e17b,www.jumia/produits.com,51,tablette,CMP0001,False,0.0
d90b2245-a4bf-44ec-b001-88b2adc0aeb9,2026-07-10T17:27:02.949470,CLI00264,www.jumia/produits.com,55,desktop,CMP0008,False,0.0
85c6d33c-34b1-4eb0-a07b-5e3e87314cf0,2026-07-27T23:49:02.949470,ANONcf415fa8,www.jumia/confirmation-commande.com,21,desktop,CMP0015,True,89.57
7d5ed9d4-b0a1-4f2e-ba31-c69a9d8e01cb,2026-07-09T11:45:02.949470,ANON339cadf3,www.jumia/produits.com,41,desktop,,False,0.0
3a0d507a-5a9b-4013-b2c8-a9de59ba71fb,2026-08-13T13:45:02.949470,ANONb70633af,www.jumia/accueil.com,41,tablette,CMP0013,False,0.0
a2e9cc63-8164-4a2a-911a-3b8f9e8de418,2026-08-18T15:20:02.949470,ANON687426fd,www.jumia/confirmation-commande.com,4,tablette,,True,83.66
6cb5b959-ea12-4c4e-9140-148fe307a553,2026-07-12T23:06:02.949470,CLI00131,www.jumia/a-propos.com,131,tablette,CMP0009,False,0.0
941f2805-41e2-4c51-93fb-6ab2d932c6e4,2026-07-30T14:08:02.949470,CLI00398,www.jumia/produit/detail.com,48,tablette,CMP0010,False,0.0
5a53875e-80e6-4626-a1d9-4a1c0d555644,2026-08-12T19:51:02.949470,CLI00297,www.jumia/produit/detail.com,155,desktop,,False,0.0
bf83a04f-3644-4b47-9d11-a6b556e3f7a7,2026-07-12T03:25:02.949470,CLI00120,www.jumia/accueil.com,170,mobile,CMP0003,False,0.0
69dfa06a-c780-4193-b7e5-0249e037d12e,2026-08-30T18:10:02.949470,ANON2cbf8c30,www.jumia/produit/detail.com,21,desktop,CMP0007,False,0.0
92e265f6-dab1-45e5-88b7-0aaa261e40e0,2026-07-14T01:25:02.949470,ANONfdbe5118,www.jumia/produit/detail.com,96,tablette,CMP0004,False,0.0
fdf9cf9f-13c1-4af1-a528-1f4b48e9ae11,2026-07-21T02:08:02.949470,CLI00058,www.jumia/a-propos.com,57,desktop,,False,0.0
b156ce5d-ad16-498b-92d4-875bd629790a,2026-07-07T07:30:02.949470,ANONd70c913b,www.jumia/promo.com,190,mobile,,False,0.0
3fdaf4af-b336-455f-98f5-580fc5b6fe7c,2026-07-17T11:27:02.949470,ANON5aeb3eaf,www.jumia/a-propos.com,21,mobile,CMP0001,False,0.0
a5a39cd9-2686-43c8-a234-269e49820ae0,2026-07-15T22:39:02.949470,CLI00118,www.jumia/produit/detail.com,101,mobile,CMP0002,False,0.0
c961d687-29da-45cb-9af2-0bdf69e28deb,2026-07-06T21:16:02.949470,CLI00059,www.jumia/accueil.com,84,mobile,CMP0008,False,0.0
0db3001d-99f7-4020-a6dc-9645d83fed5f,2026-08-07T15:10:02.949470,ANON4cbde457,www.jumia/contact.com,31,tablette,,False,0.0
0837f9d9-1faa-4a5b-a657-a575994b50b1,2026-07-29T21:32:02.949470,CLI00191,www.jumia/blog.com,13,mobile,CMP0014,False,0.0
8a70fc16-70a6-43a5-99b8-0cb39985a428,2026-07-23T20:30:02.949470,ANON8de15bee,www.jumia/checkout.com,94,tablette,,False,0.0
9e6d714e-cd2a-45f9-877d-eeecfe9c05c6,2026-07-21T14:37:02.949470,CLI00248,www.jumia/checkout.com,120,tablette,CMP0013,False,0.0
7f487358-8c68-4be1-8c96-acc1fe50d6f8,2026-08-15T22:44:02.949470,ANON678f6b04,www.jumia/promo.com,34,desktop,CMP0007,False,0.0
6449bca5-7ada-45f5-8ada-7961974df93d,2026-08-28T16:22:02.949470,CLI00396,www.jumia/accueil.com,93,desktop,CMP0001,False,0.0
e7d1fc12-ee36-4c33-9ba8-96b8a537aa53,2026-08-28T07:30:02.949470,ANON5afd3dc0,www.jumia/checkout.com,45,tablette,CMP0006,False,0.0
9871a4ea-4ac9-45f4-9ca4-55fee67b8442,2026-08-12T07:00:02.949470,CLI00463,www.jumia/accueil.com,112,desktop,,False,0.0
80865561-5d59-4eec-8014-f403cf53f1ef,2026-08-02T15:56:02.949470,CLI00464,www.jumia/blog.com,19,desktop,CMP0002,False,0.0
d103d97e-1c09-4e8a-aa9b-86819b90fe19,2026-07-24T21:17:02.949470,ANON8d3aaf87,www.jumia/panier.com,198,desktop,CMP0014,False,0.0
64d43d49-c4e3-4692-94e3-92f4019b1885,2026-07-06T09:06:02.949470,ANONfe3b91ea,www.jumia/promo.com,30,desktop,CMP0007,False,0.0
4bde7f79-f0f2-4d31-bf50-9f6e6eb39e52,2026-08-24T14:02:02.949470,CLI00396,www.jumia/a-propos.com,41,mobile,CMP0010,False,0.0
4264a910-8390-411c-b82d-229bbfbae341,2026-08-02T08:07:02.949470,CLI00274,www.jumia/promo.com,5,tablette,CMP0009,False,0.0
894776c5-4d27-463d-901b-50f46bc47c6d,2026-08-14T06:42:02.949470,ANON19efdc6a,www.jumia/a-propos.com,10,mobile,CMP0008,False,0.0
7bf15b9e-67db-4c5a-8ce6-11a9f61808e5,2026-08-09T08:07:02.949470,ANON71cd0c34,www.jumia/produits.com,65,desktop,CMP0015,False,0.0
df69493e-f853-424f-b981-94af6805c653,2026-08-08T16:14:02.949470,ANONda76ba82,www.jumia/produits.com,28,desktop,,False,0.0
0984ce27-4f38-4435-a646-8b4db6ec8d07,2026-07-07T06:23:02.949470,CLI00433,www.jumia/produits.com,162,tablette,CMP0003,False,0.0
aa72e750-52f1-441c-ad9b-baebeeed7983,2026-08-04T06:33:02.949470,CLI00012,www.jumia/produits.com,1,mobile,,False,0.0
8bbccac6-4edf-4af0-a4c8-b7dee32d17d9,2026-08-02T17:20:02.949470,CLI00494,www.jumia/a-propos.com,42,tablette,,False,0.0
6396216e-a515-42d7-87aa-0c6c77759560,2026-08-09T23:56:02.949470,ANON1da940d5,www.jumia/accueil.com,37,tablette,CMP0002,False,0.0
31fcc52d-1ade-4fe9-8210-83e1f7dc7add,2026-07-28T22:36:02.949470,CLI00262,www.jumia/confirmation-commande.com,1,mobile,,True,291.88
2cb2104a-3788-4057-8b1e-cddd0d47f6d6,2026-08-04T10:01:02.949470,ANONeee0c9bb,www.jumia/produit/detail.com,11,desktop,CMP0002,False,0.0
79394113-5667-4981-b844-abcd2af816ec,2026-07-24T07:10:02.949470,CLI00345,www.jumia/a-propos.com,48,mobile,CMP0002,False,0.0
d6e9ed4b-bb65-45b1-96b4-f3c86a1eba3d,2026-07-22T21:10:02.949470,CLI00071,www.jumia/blog.com,61,desktop,,False,0.0
9f2b290a-87a2-4de2-87ed-29d7926495e1,2026-07-16T23:41:02.949470,CLI00263,www.jumia/promo.com,46,mobile,,False,0.0
5dfa515d-337c-438d-b6d4-ff8378ecba3b,2026-08-02T20:23:02.949470,ANON2dd0ec2f,www.jumia/checkout.com,68,desktop,,False,0.0
ca8f47d0-d62d-4944-b453-e403076f6c5d,2026-07-22T22:38:02.949470,CLI00151,www.jumia/confirmation-commande.com,81,mobile,,True,153.54
7d597513-34b7-4f43-8138-02b28581fc5a,2026-07-26T08:21:02.949470,ANON94560395,www.jumia/produit/detail.com,1,mobile,CMP0001,False,0.0
1425a4f4-65cb-4f1a-ba22-e0132721534e,2026-08-29T06:03:02.949470,ANONaeb642ec,www.jumia/accueil.com,56,tablette,,False,0.0
a3924711-c384-4a7d-9cd1-340eaa59bc8d,2026-07-08T21:12:02.949470,ANON0a3e0249,www.jumia/confirmation-commande.com,297,mobile,CMP0015,True,131.85
2d7475f8-60cf-4f5f-a2c2-6126b826ce54,2026-08-03T23:45:02.949470,CLI00443,www.jumia/contact.com,65,mobile,,False,0.0
d028e497-b998-4d2d-9ec3-5453fc391105,2026-08-07T00:30:02.949470,ANON3c203c04,www.jumia/checkout.com,101,tablette,CMP0006,True,40.35
bec6a639-415b-4d1c-ad4c-c7be5eab77d9,2026-08-16T10:43:02.949470,ANONf94d27dc,www.jumia/panier.com,33,mobile,CMP0005,False,0.0
d7dadcc3-dd76-40f9-94cd-05f8d5e0be2a,2026-07-14T07:36:02.949470,CLI00477,www.jumia/confirmation-commande.com,133,mobile,CMP0015,True,16.78
50441f00-22d7-4988-a3d2-a05f1257e853,2026-07-09T06:07:02.949470,ANON8438a103,www.jumia/accueil.com,133,mobile,,False,0.0
dd9fd114-53ce-47ed-a3c0-6a4c9f67f3ce,2026-07-13T12:55:02.949470,ANON1fd96d0f,www.jumia/contact.com,66,mobile,,False,0.0
20c587d4-129b-46b8-8cbe-ac1fd7863a97,2026-08-27T15:37:02.949470,CLI00451,www.jumia/accueil.com,335,tablette,CMP0007,False,0.0
4d4f530f-8106-4be9-b1b3-048fe080dc4f,2026-07-29T02:24:02.949470,CLI00421,www.jumia/promo.com,12,mobile,,False,0.0
7ef952a9-cc0f-4d07-b8f7-efb2d9c38802,2026-07-17T19:34:02.949470,CLI00161,www.jumia/accueil.com,1,mobile,CMP0013,False,0.0
3288d953-2666-47b3-8725-41233ffa908d,2026-08-05T03:29:02.949470,ANON6dcf3fc4,www.jumia/produits.com,132,tablette,,False,0.0
9f4dcfca-3857-4d35-9eda-34208dfe075b,2026-08-11T04:07:02.949470,ANON8eb86f8e,www.jumia/panier.com,148,tablette,,False,0.0
b0bf741d-9264-4de3-b14f-e026cf868464,2026-07-15T13:05:02.949470,ANON89136914,www.jumia/panier.com,11,desktop,CMP0010,False,0.0
1a0a5b8c-6e0f-4b0e-affe-ae3e794bf5df,2026-07-27T23:10:02.949470,ANON1dd730b8,www.jumia/blog.com,27,tablette,CMP0008,False,0.0
44bde1e6-caf0-4260-babe-4120ec530c8d,2026-07-11T14:22:02.949470,ANON2bf09c40,www.jumia/contact.com,1,mobile,,False,0.0
40356432-92ae-46ea-bcdf-07a69e51c3f3,2026-08-26T04:23:02.949470,ANONec75db4c,www.jumia/produits.com,31,mobile,CMP0004,False,0.0
243da0a2-205e-45ce-bf64-5e4084667235,2026-07-22T04:34:02.949470,ANON95bdc908,www.jumia/promo.com,133,desktop,CMP0013,False,0.0
700dd686-c236-4832-8c2b-a3f8e8cdf02e,2026-07-20T15:43:02.949470,CLI00498,www.jumia/confirmation-commande.com,65,tablette,CMP0015,True,139.79
c515509a-48fa-4879-951e-5036fc360e42,2026-08-23T01:53:02.949470,CLI00272,www.jumia/accueil.com,38,desktop,,False,0.0
cb8271ee-78da-4d89-a42e-7b00c40da46a,2026-08-30T03:06:02.949470,CLI00100,www.jumia/promo.com,41,tablette,CMP0012,False,0.0
00f53b5d-24ec-4fab-8d5a-1ca560d60c34,2026-07-20T16:48:02.949470,ANON7f54244e,www.jumia/a-propos.com,1,mobile,,False,0.0
2b61bdee-5d9d-41c9-9f39-1f320a0f110f,2026-08-10T03:43:02.949470,CLI00409,www.jumia/checkout.com,32,mobile,CMP0004,False,0.0
f4ea44a9-ce6b-4b2f-bd98-bb448c38ab73,2026-08-08T19:53:02.949470,ANON2d2603a9,www.jumia/checkout.com,93,desktop,CMP0008,False,0.0
00ca4a2e-baaf-4203-95f4-64294c94f974,2026-07-29T09:11:02.949470,CLI00204,www.jumia/produit/detail.com,329,mobile,CMP0002,False,0.0
04090f4a-d699-4c91-8efd-cb832398997c,2026-08-11T00:18:02.949470,ANON768b5cb1,www.jumia/a-propos.com,168,desktop,,False,0.0
00a12e42-92fe-4407-aa55-d521a38c90e7,2026-09-01T04:38:02.949470,ANONb67e81e6,www.jumia/accueil.com,2,tablette,CMP0011,False,0.0
781a1865-af57-4420-aff2-af574fc7e454,2026-08-12T22:28:02.949470,ANON785c18d5,www.jumia/contact.com,205,tablette,CMP0002,False,0.0
74234f65-fdfc-46d4-982f-3940074f8941,2026-09-04T06:38:02.949470,ANONbcb7f67b,www.jumia/produit/detail.com,137,desktop,,False,0.0
b5ae7768-1107-4c74-9199-2d59a67cf918,2026-08-26T04:17:02.949470,ANON7dfa6355,www.jumia/accueil.com,136,tablette,,False,0.0
8d152ef5-dca2-4953-96e7-df71afe3d66e,2026-08-18T23:42:02.949470,CLI00318,www.jumia/confirmation-commande.com,55,desktop,,True,277.02
8f1a176a-8ae7-4307-bc6f-3c8959ed6bb3,2026-08-27T03:16:02.949470,ANON8f92f0f3,www.jumia/accueil.com,45,mobile,,False,0.0
c6d8ba0a-ce1a-47e5-8a70-06f4aa3a20ef,2026-08-16T22:43:02.949470,ANONe0ec62c1,www.jumia/promo.com,32,desktop,CMP0006,False,0.0
54865aff-758b-4846-b7a2-b919e3d42cf7,2026-08-29T19:32:02.949470,ANON401f3924,www.jumia/accueil.com,6,mobile,CMP0007,False,0.0
2ef7c628-ffcd-48a3-a041-a161aedc312b,2026-07-25T21:53:02.949470,ANON92d52ff5,www.jumia/confirmation-commande.com,23,tablette,CMP0012,True,290.48
c2c9154c-85d7-4a9a-a254-1d5e43afa773,2026-08-18T16:09:02.949470,ANONb63c7235,www.jumia/confirmation-commande.com,25,desktop,CMP0011,True,24.12
78ac05a8-f464-43f2-88cc-7c32cab8110c,2026-07-08T09:38:02.949470,ANON1e3e28d2,www.jumia/produit/detail.com,59,desktop,,False,0.0
de5ba778-2b03-42c6-9b99-705d64b07a09,2026-08-13T11:35:02.949470,ANON7544737f,www.jumia/promo.com,123,tablette,,False,0.0
433c0765-eda8-4d5f-b7f1-65ec56cbfa2a,2026-07-29T14:33:02.949470,ANONf1675cb4,www.jumia/produits.com,57,mobile,,False,0.0
2fc1f662-9b4c-47bd-8b29-298b5e4a5bcc,2026-07-06T06:50:02.949470,ANON195d2e2c,www.jumia/checkout.com,5,mobile,,False,0.0
239155c5-1370-4e36-b584-29f277891c94,2026-07-19T17:29:02.949470,CLI00065,www.jumia/accueil.com,284,mobile,CMP0001,False,0.0
7a31e63a-8eab-4392-b292-6aecdefe22db,2026-08-01T20:04:02.949470,ANON9f7cc3cc,www.jumia/checkout.com,257,tablette,,True,169.69
61f7617e-9642-4f76-9067-14bb7cb485c6,2026-08-13T21:46:02.949470,CLI00316,www.jumia/promo.com,138,mobile,,False,0.0
dbdeac9c-99c7-47b3-88ca-cf3121645a32,2026-08-09T05:54:02.949470,CLI00192,www.jumia/promo.com,427,desktop,,False,0.0
4b949535-cead-4f20-a1b9-18b90ce4b28c,2026-07-14T19:55:02.949470,CLI00494,www.jumia/contact.com,70,tablette,CMP0001,False,0.0
9ae7bb3c-dc5a-41c0-ba99-133164831480,2026-09-04T12:32:02.949470,CLI00220,www.jumia/a-propos.com,296,mobile,,False,0.0
4ac07360-bfaa-46c2-af10-594ee33b9a7e,2026-07-10T11:56:02.949470,CLI00023,www.jumia/panier.com,7,desktop,,False,0.0
e3b71ca8-7cfc-4f99-9209-5fd3e9ab5ec9,2026-08-07T03:16:02.949470,ANON5d4832c0,www.jumia/panier.com,40,tablette,,False,0.0
58ee251d-06d4-4782-8580-8aa233389389,2026-07-18T13:26:02.949470,ANONed10c337,www.jumia/confirmation-commande.com,22,mobile,CMP0010,True,260.64
076d2cb4-0964-4120-80d0-605ce997cd7d,2026-07-06T07:03:02.949470,ANONb78c45e1,www.jumia/produit/detail.com,19,desktop,CMP0013,False,0.0
02c027f2-13d2-4a9d-bcda-8253619d50a6,2026-07-25T18:45:02.949470,ANON52abb092,www.jumia/produits.com,13,desktop,CMP0006,False,0.0
d51798e1-c523-4bc0-8b41-ebd4ea6cc58d,2026-07-19T06:52:02.949470,CLI00147,www.jumia/produits.com,87,desktop,CMP0015,False,0.0
b26c023c-16f8-44a4-8759-52c9f053b40a,2026-08-09T02:43:02.949470,CLI00485,www.jumia/promo.com,136,tablette,CMP0011,False,0.0
71e1588d-f5f0-48e8-810a-7763d9a98d9a,2026-08-23T22:46:02.949470,CLI00439,www.jumia/produits.com,77,mobile,,False,0.0
706b3ae0-f8a6-45e7-9b69-881afdfae30a,2026-07-06T18:22:02.949470,ANON6af5ecea,www.jumia/blog.com,14,tablette,CMP0001,False,0.0
9560f819-16c9-44fd-80fc-13aa405ddde8,2026-07-08T05:47:02.949470,ANON66b888b6,www.jumia/a-propos.com,149,desktop,CMP0013,False,0.0
36cf2285-5ed9-4daa-83e3-dd628817ac9f,2026-08-07T02:47:02.949470,ANON98c2eaf9,www.jumia/produits.com,90,desktop,CMP0015,False,0.0
9614c0d0-d1f6-4ba6-986e-cb41ab345e59,2026-07-31T08:46:02.949470,ANON685afca5,www.jumia/accueil.com,44,desktop,,False,0.0
4047357b-db7b-4152-87a2-8ac6bd00eac1,2026-09-01T15:53:02.949470,ANON27fc0f94,www.jumia/contact.com,100,desktop,,False,0.0
13c4e945-723e-4d30-9ef7-2fca4d64c624,2026-08-23T13:07:02.949470,CLI00166,www.jumia/promo.com,27,mobile,,False,0.0
d324e085-51ae-4e59-b016-e80cc90c4360,2026-07-11T00:09:02.949470,ANONf67c93c9,www.jumia/checkout.com,38,mobile,,True,28.23
926664a1-ce0b-438b-a5c8-1393b8ed83c3,2026-08-01T16:23:02.949470,ANON846f6a28,www.jumia/produit/detail.com,224,desktop,,False,0.0
8cbf2613-d9eb-4fdf-8685-351403efec03,2026-07-29T06:05:02.949470,CLI00238,www.jumia/accueil.com,30,tablette,CMP0005,False,0.0
6997d272-14d7-4872-bcf4-e4b09f76a8b8,2026-08-12T22:32:02.949470,CLI00411,www.jumia/confirmation-commande.com,57,mobile,,True,254.93
ab51a4ec-2e2a-47d8-967d-ea063143e8ee,2026-08-20T11:32:02.949470,ANONc5d8520e,www.jumia/produit/detail.com,198,mobile,CMP0007,False,0.0
9bde04ba-21b3-46c1-8dac-0ff7f6aef240,2026-08-16T14:18:02.949470,CLI00465,www.jumia/a-propos.com,110,mobile,,False,0.0
973d8f6c-7fd1-49a7-aab5-483a67aa3d4d,2026-08-08T13:30:02.949470,ANON582964b3,www.jumia/promo.com,5,mobile,CMP0001,False,0.0
924997f5-c516-4713-92ba-9fc9bfb1a5a9,2026-08-01T22:21:02.949470,CLI00191,www.jumia/confirmation-commande.com,14,mobile,CMP0007,True,171.82
d07dd5f0-18da-40ab-8095-20e10266f100,2026-08-21T13:28:02.949470,CLI00499,www.jumia/contact.com,1,mobile,CMP0012,False,0.0
a6f84013-96c0-47b6-9911-cb2933e8a581,2026-08-20T16:38:02.949470,CLI00026,www.jumia/confirmation-commande.com,89,desktop,CMP0009,True,276.39
2dde21e5-a849-4da3-88d9-9a54f92d4b47,2026-08-09T17:10:02.949470,CLI00193,www.jumia/promo.com,53,mobile,,False,0.0
814a69cb-4315-4643-8f7d-893857391f1f,2026-08-07T13:02:02.949470,ANONe7a60e5a,www.jumia/checkout.com,12,desktop,,False,0.0
404cd814-d467-4bff-a60e-3261c168a8d8,2026-08-29T20:14:02.949470,CLI00370,www.jumia/contact.com,285,mobile,CMP0009,False,0.0
db139ee0-29e5-4496-940c-2ad14208e98b,2026-07-05T19:43:02.949470,CLI00066,www.jumia/panier.com,67,mobile,CMP0010,False,0.0
c3369e5e-4994-47ae-97b6-90a263470d1c,2026-08-16T22:35:02.949470,CLI00143,www.jumia/panier.com,24,tablette,CMP0005,False,0.0
a293d2d1-8e64-49b0-8ed0-6f68753ec8fb,2026-07-14T18:27:02.949470,CLI00499,www.jumia/confirmation-commande.com,62,tablette,CMP0002,True,179.52
bf546be4-4847-449a-b380-0cdbcfcc5258,2026-07-18T16:32:02.949470,ANON82206da8,www.jumia/accueil.com,102,mobile,,False,0.0
18db881a-a857-478f-a879-927d0bd25756,2026-07-08T14:45:02.949470,CLI00366,www.jumia/produit/detail.com,7,mobile,,False,0.0
f913ea18-3c68-4e09-9e12-96779c02a8e4,2026-08-28T22:40:02.949470,CLI00436,www.jumia/produit/detail.com,28,tablette,,False,0.0
90237608-4b73-46e5-bcd7-c9419fd7ec1f,2026-08-30T21:47:02.949470,CLI00398,www.jumia/produit/detail.com,148,tablette,CMP0004,False,0.0
3d597140-6b83-4e51-be88-1a6f4f46b157,2026-07-11T07:53:02.949470,CLI00203,www.jumia/panier.com,55,mobile,,False,0.0
2935d0a9-559d-4c04-bfed-959571110ae9,2026-08-17T19:54:02.949470,ANON95348044,www.jumia/contact.com,71,desktop,,False,0.0
de18ce2f-9543-4892-9ae4-67865e2d82fe,2026-08-04T05:57:02.949470,CLI00276,www.jumia/panier.com,51,mobile,,False,0.0
d6c26e2b-7100-4d70-9669-9c6b69b261a0,2026-08-23T21:15:02.949470,ANON2f1d35a9,www.jumia/produits.com,4,desktop,CMP0003,False,0.0
df73bbf6-b44c-4b11-8133-86a95d69d04d,2026-08-18T16:19:02.949470,CLI00312,www.jumia/accueil.com,16,mobile,CMP0005,False,0.0
f77d7f32-482a-48cc-b2df-39fa06573fb1,2026-08-12T18:05:02.949470,CLI00127,www.jumia/a-propos.com,53,desktop,CMP0013,False,0.0
5ee451bc-3ea3-4563-a0a7-07c7b96a7e6f,2026-07-10T13:56:02.949470,ANON25bfdc80,www.jumia/panier.com,21,mobile,CMP0003,False,0.0
509c4e5a-48ab-4b4e-bd6f-00162a1bba51,2026-08-01T09:32:02.949470,CLI00454,www.jumia/confirmation-commande.com,4,desktop,CMP0006,True,291.12
2e65096a-9332-461a-b78e-87f2bfc51c94,2026-08-28T07:01:02.949470,ANON8ee91780,www.jumia/accueil.com,167,desktop,,False,0.0
e5376582-a61a-4bfe-b7ed-3c7a0ded6b83,2026-07-20T16:57:02.949470,CLI00263,www.jumia/blog.com,357,desktop,,False,0.0
3371e9a0-7714-4a06-9cb7-d898c4bb2074,2026-07-28T19:51:02.949470,ANONbf875ff9,www.jumia/checkout.com,141,mobile,CMP0013,False,0.0
9f22f22c-80e6-4c66-8116-b20f7ea98ca4,2026-08-03T07:57:02.949470,ANON8a4923a5,www.jumia/promo.com,173,mobile,,False,0.0
d0e6c378-72ea-45f7-bd2d-3106d029432b,2026-08-20T02:08:02.949470,CLI00310,www.jumia/blog.com,24,mobile,CMP0001,False,0.0
0eb3d6e6-d084-4e6a-8515-4a8e1608c185,2026-08-04T00:40:02.949470,CLI00223,www.jumia/produits.com,291,mobile,,False,0.0
af362f43-8dc1-4109-8cf4-d18da30342c0,2026-07-23T22:48:02.949470,ANON976d412f,www.jumia/confirmation-commande.com,19,tablette,CMP0007,True,283.14
eda63ce4-4ce8-4ad5-ad11-e83845b4642d,2026-08-19T04:49:02.949470,CLI00264,www.jumia/a-propos.com,272,tablette,,False,0.0
6a4c65f6-b053-4921-9850-92c133ea7589,2026-08-30T20:06:02.949470,ANON3bed6f69,www.jumia/promo.com,473,tablette,,False,0.0
fdaa54b6-8eb5-4178-ad8d-7fc4b5d1d025,2026-08-13T22:19:02.949470,CLI00328,www.jumia/panier.com,111,tablette,,False,0.0
47c81753-1215-4a1a-b1ce-27e376d937bb,2026-07-25T16:37:02.949470,ANON41fe743d,www.jumia/blog.com,357,desktop,,False,0.0
74d414d7-9f6d-44ce-b9d1-8383f35844ad,2026-07-20T01:07:02.949470,ANONec975988,www.jumia/checkout.com,75,mobile,CMP0004,False,0.0
daae4f7c-3657-4631-91ca-caa486c00b64,2026-08-31T06:14:02.949470,CLI00126,www.jumia/checkout.com,27,mobile,CMP0009,False,0.0
b125fcbe-3216-4827-8687-89c98a67d607,2026-08-26T16:47:02.949470,ANONc526cb2b,www.jumia/a-propos.com,51,desktop,CMP0012,False,0.0
871287b1-f17c-4820-8736-45b02549496b,2026-07-30T18:55:02.949470,CLI00443,www.jumia/contact.com,81,tablette,,False,0.0
7dbb401c-1d8b-498c-a07f-48b7b408fffb,2026-07-30T17:08:02.949470,CLI00408,www.jumia/contact.com,6,desktop,,False,0.0
40fc1d15-689b-4047-8d07-0d9bc07d4cc1,2026-08-12T17:29:02.949470,ANONabee5e59,www.jumia/confirmation-commande.com,87,desktop,,True,284.89
4323a7b4-cf42-4ec5-a989-575005bb02e1,2026-07-21T07:55:02.949470,CLI00198,www.jumia/promo.com,357,tablette,CMP0014,False,0.0
7e8816db-7b98-4454-bd5d-d4c1436f945a,2026-07-29T20:59:02.949470,CLI00091,www.jumia/confirmation-commande.com,18,mobile,CMP0005,True,96.38
60c14b73-5ed3-4231-ad7f-90389994b12d,2026-08-09T17:30:02.949470,ANON7cd432cd,www.jumia/promo.com,141,desktop,CMP0006,False,0.0
0be44514-aa4a-42f5-95f3-42008c64b154,2026-08-06T21:24:02.949470,CLI00074,www.jumia/confirmation-commande.com,214,desktop,CMP0013,True,239.16
6b23ead3-0e24-49a2-ac94-338125d51155,2026-08-11T06:57:02.949470,CLI00437,www.jumia/panier.com,258,mobile,CMP0008,False,0.0
c4566bc7-5c8f-49f3-8529-aa4587c78941,2026-08-04T02:40:02.949470,ANON2c18e42a,www.jumia/produits.com,290,desktop,CMP0013,False,0.0
c1b97871-3b81-4fb8-a10e-4a87aba5fd37,2026-07-17T06:39:02.949470,CLI00342,www.jumia/checkout.com,66,tablette,,False,0.0
c6e25a2a-78c0-40a5-8651-fde7e0f9d1a9,2026-07-18T02:22:02.949470,ANON667f909c,www.jumia/produits.com,340,desktop,,False,0.0
4dd57542-c952-4cc4-a023-246038f1ff1b,2026-08-24T05:28:02.949470,ANONb047276c,www.jumia/contact.com,127,tablette,CMP0012,False,0.0
15023784-536e-4fd6-901f-66fc980cb5c2,2026-08-01T02:14:02.949470,CLI00493,www.jumia/accueil.com,15,mobile,,False,0.0
b392fe57-d842-44ef-8e1f-da283ed8bd96,2026-08-09T15:15:02.949470,CLI00272,www.jumia/confirmation-commande.com,58,mobile,,True,277.13
88f9586c-43c0-4e27-9523-01ab1968076f,2026-09-02T21:37:02.949470,CLI00470,www.jumia/a-propos.com,114,desktop,CMP0009,False,0.0
cdb2c9c2-41d1-4938-8c39-79698a0e829e,2026-07-25T23:45:02.949470,CLI00459,www.jumia/produit/detail.com,25,desktop,CMP0011,False,0.0
b8c4465f-2728-46d7-9156-0f78b5f7f811,2026-08-31T11:23:02.949470,ANON2f241b75,www.jumia/contact.com,92,mobile,CMP0005,False,0.0
81a7a333-9a2c-42fb-a007-1834ae1ef2f5,2026-07-13T09:44:02.949470,CLI00332,www.jumia/accueil.com,98,tablette,,False,0.0
61e333b6-4cde-413f-9088-f6e0f87cb997,2026-08-08T08:22:02.949470,ANONa5f7ab82,www.jumia/panier.com,15,desktop,CMP0012,False,0.0
03eedd88-c5b1-4ea5-a8fd-4d4d7ccdfd41,2026-08-04T08:40:02.949470,ANON7456d6a4,www.jumia/blog.com,74,mobile,CMP0007,False,0.0
1fc67a4a-c561-4f0b-9e01-4a5f8866d52c,2026-07-18T08:32:02.949470,CLI00424,www.jumia/accueil.com,132,tablette,CMP0015,False,0.0
a297ecf0-e56f-47e3-8346-162a2eb2b444,2026-08-19T06:24:02.949470,ANONc13bd1f5,www.jumia/produits.com,62,mobile,CMP0008,False,0.0
21857ab8-fc6e-4222-9eaf-be58c47e67bf,2026-09-03T05:52:02.949470,ANON793f1c8b,www.jumia/accueil.com,1,mobile,,False,0.0
12c10623-bcb4-42df-8d05-33d664133ad5,2026-07-06T23:02:02.949470,CLI00066,www.jumia/produits.com,1,desktop,,False,0.0
5024adc3-653f-48ee-b497-879b96ff61b0,2026-07-17T05:01:02.949470,ANONce522e2a,www.jumia/produits.com,39,desktop,,False,0.0
03b269e5-3139-4dc5-a5e3-628f6507fe87,2026-07-07T13:51:02.949470,ANONc4ee4871,www.jumia/produits.com,234,mobile,CMP0010,False,0.0
28cc8b40-ab03-4faf-b7bd-f77f355e8ff4,2026-08-23T07:05:02.949470,ANON120025f3,www.jumia/contact.com,23,mobile,,False,0.0
aa11b399-8f99-43cb-bcf2-ca7745db2d63,2026-09-01T19:44:02.949470,ANONc96c7529,www.jumia/confirmation-commande.com,90,tablette,CMP0007,True,217.12
56281ee6-c4d2-4ee0-a2a8-40662ef576fb,2026-08-24T06:43:02.949470,CLI00331,www.jumia/produit/detail.com,22,tablette,,False,0.0
6f607440-6e61-42f3-bb9f-ea222bfc5472,2026-08-21T15:26:02.949470,CLI00369,www.jumia/confirmation-commande.com,34,desktop,CMP0004,True,290.41
537b0e59-0f14-455f-b8b7-0e8004483a47,2026-08-27T16:15:02.949470,CLI00078,www.jumia/contact.com,169,mobile,CMP0004,False,0.0
28a29715-a811-4c44-a80e-20a5f1f586dd,2026-08-19T13:44:02.949470,ANON60be7b34,www.jumia/produit/detail.com,117,mobile,,False,0.0
460c8484-4dc4-4da7-9548-01f36368ee48,2026-07-24T06:26:02.949470,ANONdaaa9329,www.jumia/panier.com,9,desktop,CMP0012,False,0.0
fc43a04b-d6cf-49e7-a63c-7620d899f1ce,2026-07-19T22:46:02.949470,CLI00498,www.jumia/accueil.com,50,desktop,CMP0002,False,0.0
7400f8b4-ea3d-4c6c-9661-6892341dc4ef,2026-07-30T21:30:02.949470,CLI00096,www.jumia/blog.com,2,tablette,CMP0008,False,0.0
c6a356e0-238a-46c8-9c7f-a5aa24debc4b,2026-08-05T22:20:02.949470,ANON2c048ea4,www.jumia/panier.com,59,desktop,CMP0003,False,0.0
13a2a92d-4eea-41d3-a022-672ec266ab95,2026-07-07T21:32:02.949470,CLI00182,www.jumia/a-propos.com,97,mobile,CMP0003,False,0.0
0241e9ee-56d7-49d7-9ef7-8783f6941701,2026-09-01T12:15:02.949470,ANON125beca4,www.jumia/contact.com,11,tablette,CMP0003,False,0.0
14dae4d7-c8bf-4f77-8a62-1a9127f067ae,2026-08-25T14:59:02.949470,ANONa54a201b,www.jumia/a-propos.com,30,desktop,,False,0.0
8cced689-1671-497a-b080-388fdab9ccec,2026-08-24T07:02:02.949470,ANON91d6145d,www.jumia/produit/detail.com,45,mobile,CMP0008,False,0.0
e6a08882-7afa-4389-a098-0efbd398b625,2026-07-19T01:16:02.949470,CLI00083,www.jumia/a-propos.com,226,mobile,,False,0.0
ede28e5e-c724-493b-9b67-d45943092842,2026-08-14T22:20:02.949470,CLI00079,www.jumia/confirmation-commande.com,449,tablette,,True,174.66
c25cf78b-bb18-4a9e-b672-623554d092aa,2026-08-29T18:08:02.949470,ANON05829412,www.jumia/produit/detail.com,4,mobile,CMP0014,False,0.0
d8e89317-f080-4f4b-81d0-65cacf619817,2026-08-21T05:57:02.949470,ANON53092d28,www.jumia/promo.com,128,desktop,CMP0003,False,0.0
8a31a3da-e3e9-4fce-a9a2-a711e1e56f3f,2026-07-19T06:13:02.949470,CLI00460,www.jumia/contact.com,41,mobile,CMP0007,False,0.0
1fc12bbb-4d08-4ab7-8371-b23f1695f0fc,2026-07-10T14:39:02.949470,CLI00407,www.jumia/contact.com,44,desktop,CMP0005,False,0.0
822fa4ed-9135-4a62-a123-cf2f0986f860,2026-07-12T01:32:02.949470,CLI00287,www.jumia/checkout.com,126,tablette,CMP0006,False,0.0
31299186-f08c-4d98-9ab6-bc88f7744fd6,2026-08-10T04:41:02.949470,CLI00397,www.jumia/blog.com,225,mobile,CMP0011,False,0.0
83345af9-cd21-4426-843b-2698f5310149,2026-07-31T15:35:02.949470,ANONd3bd416f,www.jumia/panier.com,271,tablette,CMP0005,False,0.0
8cf87285-4ba8-449d-b469-f7d8b9148435,2026-08-28T18:02:02.949470,CLI00161,www.jumia/checkout.com,77,mobile,,False,0.0
fe17eb2c-63ce-40aa-ba93-de9bab4d8e9e,2026-07-29T04:48:02.949470,CLI00321,www.jumia/produits.com,39,desktop,CMP0013,False,0.0
94cd0240-d406-4c97-bc40-1a3d140da258,2026-07-11T08:18:02.949470,ANON49917495,www.jumia/confirmation-commande.com,139,desktop,CMP0002,True,109.04
dcecbd83-e3da-425c-a56e-89dde0201659,2026-07-07T13:31:02.949470,ANON9c1bc13d,www.jumia/blog.com,26,tablette,,False,0.0
72dfe0a4-4553-42a6-b696-712f134772db,2026-07-19T12:52:02.949470,CLI00095,www.jumia/accueil.com,74,desktop,CMP0008,False,0.0
846e45f6-5a90-4441-b6d4-87db4f9c213c,2026-08-25T19:23:02.949470,CLI00500,www.jumia/produit/detail.com,39,tablette,CMP0005,False,0.0
8b4720e5-f850-4007-b057-8892d52fdb01,2026-07-05T21:11:02.949470,CLI00070,www.jumia/produits.com,96,mobile,,False,0.0
1e29dee9-6152-42e7-bff8-f9730c930394,2026-07-24T20:44:02.949470,ANONd3c58932,www.jumia/promo.com,24,desktop,CMP0013,False,0.0
3acc0fd8-4240-4991-a2cc-89cd791cb7d1,2026-08-04T12:08:02.949470,CLI00290,www.jumia/a-propos.com,19,desktop,,False,0.0
69559c11-3bbb-4357-8d04-84604749dbdc,2026-07-18T20:42:02.949470,CLI00041,www.jumia/promo.com,225,mobile,CMP0015,False,0.0
021b7c2c-eaa1-47a9-8686-8d2bc6036fa8,2026-07-14T09:13:02.949470,CLI00492,www.jumia/confirmation-commande.com,9,tablette,CMP0013,True,213.2
6ec52dc8-6625-4b58-a044-63d9e5c1ffe7,2026-08-09T14:02:02.949470,CLI00122,www.jumia/panier.com,63,tablette,,False,0.0
9738ac69-c274-47a9-a043-92a1a5cde688,2026-08-18T13:29:02.949470,ANON140c42bc,www.jumia/panier.com,22,mobile,,False,0.0
5bbd652f-523c-47a1-a46d-5ef95bcf41d9,2026-08-12T21:12:02.949470,CLI00097,www.jumia/accueil.com,3,tablette,,False,0.0
4ed6e60c-02e2-4913-b4d4-c11552195cec,2026-08-18T18:22:02.949470,CLI00064,www.jumia/produit/detail.com,3,mobile,CMP0006,False,0.0
f70eb5a9-9cc3-444b-9692-6a9f3f649a8a,2026-07-15T22:09:02.949470,CLI00179,www.jumia/contact.com,17,desktop,CMP0014,False,0.0
37727949-944e-45d8-8481-a9057ae935ee,2026-07-23T04:08:02.949470,ANON14811719,www.jumia/checkout.com,181,tablette,,False,0.0
7243beb9-3a10-486b-83d9-6eb6cc6f33c3,2026-07-08T18:40:02.949470,CLI00157,www.jumia/checkout.com,29,desktop,CMP0009,False,0.0
246f39ae-d46f-4958-a291-ef411410b6bb,2026-08-06T06:51:02.949470,CLI00159,www.jumia/produits.com,270,desktop,CMP0010,False,0.0
6d52bd32-7cc3-457d-b990-2615b1c6779e,2026-08-27T00:56:02.949470,CLI00018,www.jumia/checkout.com,78,mobile,,False,0.0
d49b2f73-8edf-44dd-b476-19d875591ee5,2026-07-07T07:47:02.949470,CLI00102,www.jumia/accueil.com,51,tablette,CMP0012,False,0.0
8cacf558-3bf2-4def-86ef-09211ebb8e4c,2026-08-22T06:49:02.949470,CLI00238,www.jumia/contact.com,78,mobile,CMP0010,False,0.0
e3064bf7-54a6-46e6-8172-8e43e3aeab64,2026-07-13T15:08:02.949470,CLI00357,www.jumia/blog.com,65,mobile,,False,0.0
4d253842-2fd1-4218-bda6-f0f88902f69b,2026-07-26T00:35:02.949470,ANONf8b6ccce,www.jumia/accueil.com,127,mobile,,False,0.0
7e3af28b-196b-4639-b071-56f3e858c8e5,2026-07-29T05:39:02.949470,CLI00346,www.jumia/panier.com,29,desktop,CMP0003,False,0.0
3d840139-8b6a-4e89-8f67-d4eccdc57908,2026-07-25T01:37:02.949470,ANONeaf65dcf,www.jumia/a-propos.com,39,tablette,,False,0.0
09ae80a9-ba6f-4e13-81b7-8e0fe5097427,2026-08-29T12:25:02.949470,ANON39d6041d,www.jumia/confirmation-commande.com,202,desktop,CMP0006,True,277.94
1d125fd7-65b7-4cea-89bc-d67b54cbd1d7,2026-08-17T07:47:02.949470,ANONcac4b48a,www.jumia/checkout.com,263,desktop,CMP0006,False,0.0
75aff122-7a4c-4d69-b208-224d006a4859,2026-08-20T03:22:02.949470,CLI00063,www.jumia/blog.com,200,tablette,CMP0015,False,0.0
94a9d3d3-0d4d-4a2d-8f12-88002d88f807,2026-09-03T14:09:02.949470,CLI00362,www.jumia/checkout.com,48,mobile,CMP0010,True,143.5
77f028b3-a829-4de3-898a-90b3b7202246,2026-08-11T03:28:02.949470,CLI00347,www.jumia/a-propos.com,136,mobile,CMP0001,False,0.0
b78f5606-dfc1-44cd-8b13-55f50133162e,2026-07-15T01:35:02.949470,CLI00310,www.jumia/contact.com,58,tablette,CMP0009,False,0.0
f0e4aec4-d53c-43ab-a963-4bca3a15dfe1,2026-09-03T01:08:02.949470,CLI00395,www.jumia/a-propos.com,61,tablette,,False,0.0
0da94e50-3509-44e0-be69-b82e7b80cdac,2026-08-29T02:38:02.949470,ANONaef8b937,www.jumia/promo.com,20,desktop,CMP0002,False,0.0
301f6ba7-454f-4ea0-a5c7-f9d0a0fa1473,2026-07-13T20:16:02.949470,CLI00023,www.jumia/contact.com,80,desktop,CMP0014,False,0.0
e6ade356-a0ee-4b8a-9d29-95894852b0a9,2026-07-25T10:54:02.949470,ANON44bb2913,www.jumia/blog.com,18,desktop,CMP0011,False,0.0
9c289637-a944-4ba9-ad9c-066c963e021f,2026-07-27T10:23:02.949470,ANONb3122267,www.jumia/accueil.com,36,mobile,CMP0014,False,0.0
b52bd097-d48b-43e1-b673-2f4e45ae540f,2026-07-05T19:51:02.949470,ANON12ec504d,www.jumia/blog.com,173,mobile,CMP0007,False,0.0
bc4498cd-dff1-4b9a-b8a5-53e4e85eb9a8,2026-07-15T18:11:02.949470,ANONe12e886a,www.jumia/produit/detail.com,20,tablette,CMP0001,False,0.0
f23ccfc1-7823-4d39-ac99-22d706650806,2026-08-30T05:38:02.949470,CLI00443,www.jumia/contact.com,6,desktop,CMP0002,False,0.0
6f253cf5-bd05-4cec-a960-e4b9e28155f0,2026-08-29T07:27:02.949470,ANON39e36dc0,www.jumia/panier.com,6,desktop,CMP0012,False,0.0
4bf706d9-dba8-4e83-bdca-e77abc16a86b,2026-08-12T05:12:02.949470,CLI00002,www.jumia/a-propos.com,254,desktop,,False,0.0
9f1036fd-4e25-4d06-9996-633c3d1095c1,2026-08-25T21:31:02.949470,ANONbd83695a,www.jumia/checkout.com,63,tablette,CMP0004,False,0.0
6f0430e0-3554-45ab-b6d6-7c57edf09a93,2026-07-25T00:48:02.949470,CLI00114,www.jumia/produits.com,47,mobile,,False,0.0
4838c833-82c5-4fd1-9288-c274e5f35648,2026-07-20T12:07:02.949470,CLI00456,www.jumia/produit/detail.com,149,mobile,CMP0015,False,0.0
25d2b137-212a-491a-9214-66b45760359e,2026-08-28T07:42:02.949470,ANON51a4fae0,www.jumia/accueil.com,162,mobile,,False,0.0
0003835a-c1b8-48e0-bdf2-7acd6c8eaf63,2026-07-18T04:01:02.949470,CLI00336,www.jumia/produits.com,36,mobile,CMP0005,False,0.0
7a8b866f-f952-47a0-8385-c25cde8f68fd,2026-07-25T02:14:02.949470,CLI00380,www.jumia/blog.com,106,tablette,CMP0010,False,0.0
f749fbec-16db-455d-877e-77a2a3add8e9,2026-08-27T18:34:02.949470,ANON7876b415,www.jumia/confirmation-commande.com,132,mobile,CMP0015,True,217.57
60583f6d-202b-4232-b36c-bafb968613a8,2026-08-11T02:56:02.949470,ANON998f88a6,www.jumia/produit/detail.com,95,tablette,,False,0.0
8cab3221-cbf1-42a2-b51e-ebea3527f393,2026-07-11T15:14:02.949470,CLI00147,www.jumia/produits.com,14,desktop,,False,0.0
a962066b-3dfa-46d3-8a9d-1d59ba4ab616,2026-07-22T00:34:02.949470,CLI00080,www.jumia/panier.com,187,tablette,CMP0014,False,0.0
e3ad9a4a-4fd5-44ab-aa73-1ea6c221039c,2026-08-25T05:35:02.949470,ANONcc152db9,www.jumia/checkout.com,69,desktop,CMP0014,False,0.0
6dc3b7cc-a5ac-4fea-8323-da2524cb0608,2026-07-17T09:20:02.949470,ANON4b7dfe3e,www.jumia/produit/detail.com,29,mobile,CMP0014,False,0.0
46a2528c-e1bc-47ec-9173-6db97dea3313,2026-07-17T23:05:02.949470,ANON7b5e7208,www.jumia/panier.com,49,mobile,,False,0.0
e6ecbdd3-d0f8-4829-9ddd-e0b7ff87e5da,2026-07-13T18:40:02.949470,ANON7e7c4ca3,www.jumia/panier.com,3,mobile,CMP0010,False,0.0
fa5b1aed-f877-410b-90a8-7476e7dcf11a,2026-08-30T18:46:02.949470,CLI00240,www.jumia/contact.com,12,mobile,CMP0004,False,0.0
0499ea64-7ded-4f92-a88a-06781f6f987a,2026-08-21T16:39:02.949470,CLI00234,www.jumia/confirmation-commande.com,130,mobile,,True,280.85
45490031-e2c4-4b8b-b851-342b2f52eec5,2026-08-03T07:41:02.949470,ANONcbad3a1d,www.jumia/confirmation-commande.com,1,desktop,,True,229.01
72b691f8-0c2f-4ad6-8158-ebecdf54657a,2026-07-21T17:35:02.949470,CLI00029,www.jumia/produits.com,48,mobile,CMP0011,False,0.0
67131c32-a1e2-4814-8082-22a82243f083,2026-09-02T02:19:02.949470,CLI00250,www.jumia/produit/detail.com,66,mobile,CMP0013,False,0.0
0031c64f-2d62-47ba-8579-dc5772eecacb,2026-07-07T00:49:02.949470,ANON80ef0f3d,www.jumia/produit/detail.com,5,mobile,,False,0.0
60d5a054-d46f-41b9-b423-c2f6a7db0101,2026-07-14T11:50:02.949470,ANON68131f6b,www.jumia/accueil.com,325,mobile,CMP0013,False,0.0
831459be-596f-4e36-a221-b3352d8618a8,2026-08-04T16:42:02.949470,ANONba259c77,www.jumia/produit/detail.com,23,desktop,,False,0.0
f7f2af0a-2c46-444f-99b9-6c5a2fba4728,2026-07-09T05:35:02.949470,ANON2d11195b,www.jumia/checkout.com,32,tablette,CMP0015,False,0.0
27e75e23-c836-49e4-9027-29868e02faf9,2026-08-04T18:21:02.949470,ANON9aa4f2e6,www.jumia/contact.com,32,tablette,,False,0.0
fffca6ee-7e53-41ab-a4ac-ce618ad33be0,2026-08-15T17:03:02.949470,CLI00319,www.jumia/promo.com,23,mobile,CMP0005,False,0.0
4e4275f9-a5fa-4f68-90f3-48b7454da56f,2026-09-03T02:35:02.949470,CLI00275,www.jumia/contact.com,1,mobile,CMP0011,False,0.0
0fec77e0-81e3-48db-8ab6-b11049c67c0b,2026-08-25T16:02:02.949470,CLI00447,www.jumia/produits.com,117,mobile,,False,0.0
ceb78a47-05d7-4ef0-8d3c-e3534ba5afa2,2026-07-15T05:10:02.949470,ANONa535df0a,www.jumia/confirmation-commande.com,306,tablette,CMP0010,True,124.8
1bcdc97e-cc47-4b53-827a-1c06925e35e2,2026-07-24T16:48:02.949470,ANONf16019e3,www.jumia/produit/detail.com,22,mobile,,False,0.0
e7eb0dbe-5536-4596-b7b2-c0e9784d5160,2026-08-06T02:12:02.949470,ANON8b8479bd,www.jumia/produits.com,97,mobile,CMP0010,False,0.0
5249e9cb-ec04-4688-8753-19e746be2a6a,2026-07-11T22:37:02.949470,CLI00235,www.jumia/a-propos.com,121,mobile,CMP0001,False,0.0
ae2a8960-f62e-40e0-a346-a82298d4ea7b,2026-07-21T16:54:02.949470,ANON2c63eead,www.jumia/promo.com,169,mobile,,False,0.0
b42bb894-6a14-44c4-bfa1-7d1af3c3d877,2026-08-16T21:01:02.949470,ANON8b833e02,www.jumia/contact.com,49,desktop,,False,0.0
5b92f9a4-41a3-46c1-b0eb-8a986bd2eb49,2026-08-18T20:23:02.949470,CLI00078,www.jumia/confirmation-commande.com,32,tablette,,True,44.52
6099307b-2bdf-426d-ad83-c9ede47b33d6,2026-08-14T03:16:02.949470,CLI00454,www.jumia/produits.com,35,desktop,CMP0010,False,0.0
932df30e-9f19-4390-b83d-c5e877a9c16b,2026-07-11T23:43:02.949470,ANON0d34be6f,www.jumia/checkout.com,112,mobile,CMP0008,True,173.9
d0b8eb05-e0d6-4f04-ba9e-32ee8977e825,2026-07-15T18:55:02.949470,CLI00058,www.jumia/blog.com,152,mobile,,False,0.0
4e8bd5bc-346f-4123-a991-56c89b7c0105,2026-07-30T15:52:02.949470,CLI00451,www.jumia/blog.com,18,mobile,,False,0.0
5e0c0814-4c79-49a5-8f29-6f6b4732a326,2026-09-02T01:19:02.949470,ANON256d05c4,www.jumia/panier.com,41,mobile,,False,0.0
1f2565e4-8680-4554-a082-831eafdb5660,2026-07-24T03:51:02.949470,ANON0509dcd9,www.jumia/checkout.com,208,tablette,CMP0015,False,0.0
2a9b811f-0c5b-44d8-b25a-fb780cfb8a2b,2026-08-06T11:10:02.949470,CLI00238,www.jumia/accueil.com,147,mobile,CMP0006,False,0.0
3d2a2037-8dd1-44f0-881b-0008613a0d8a,2026-07-06T06:11:02.949470,ANON59bb05a8,www.jumia/confirmation-commande.com,377,desktop,,True,35.34
54b1581d-bcde-4f0e-83a5-a5b1bc7dc1d2,2026-07-18T16:00:02.949470,ANON11d4b3a1,www.jumia/produit/detail.com,126,desktop,CMP0010,False,0.0
3f6ada18-c9fe-4a40-a959-c4ed191d868c,2026-08-02T15:14:02.949470,ANONaf0f2271,www.jumia/confirmation-commande.com,44,desktop,CMP0015,True,133.02
d15ea0ee-4e6c-4218-a4c5-a0c7c50c7cf4,2026-07-17T09:30:02.949470,ANONa248fdb1,www.jumia/produit/detail.com,80,desktop,CMP0006,False,0.0
4e638bd2-8f9a-4247-b0d7-97fa1db2901f,2026-08-10T22:33:02.949470,CLI00278,www.jumia/produits.com,97,mobile,CMP0015,False,0.0
c408e30f-28ab-4e28-aa20-5ee014a443c2,2026-08-26T13:40:02.949470,ANONd08ebb9a,www.jumia/produit/detail.com,7,mobile,CMP0006,False,0.0
708b48a9-482c-4879-bf53-99ef0086f7b7,2026-08-12T03:39:02.949470,ANONc4d7a514,www.jumia/blog.com,70,mobile,CMP0015,False,0.0
0c4c90af-71a9-4df0-a6ea-ba3760cff763,2026-07-07T23:09:02.949470,ANONced60094,www.jumia/promo.com,111,desktop,CMP0013,False,0.0
39593a4d-50b1-4557-950b-8e3ac2471cbf,2026-07-20T07:47:02.949470,ANONd5a71cb4,www.jumia/blog.com,16,mobile,CMP0012,False,0.0
a8a56641-340e-43fa-901e-722dc25f004b,2026-08-27T14:18:02.949470,ANON3e602ef5,www.jumia/accueil.com,136,desktop,CMP0013,False,0.0
c9221a16-8b02-4222-a50d-c85ccacb2490,2026-07-29T20:53:02.949470,ANON3ab8ce68,www.jumia/accueil.com,78,tablette,,False,0.0
c4718683-1283-4946-9dd8-3bd1dc50ace2,2026-08-17T11:53:02.949470,ANONa74572e0,www.jumia/panier.com,273,tablette,CMP0004,False,0.0
65aee11c-afea-4ab9-bc5f-fea4a9be2df8,2026-08-08T19:34:02.949470,ANON57949eae,www.jumia/panier.com,3,tablette,CMP0009,False,0.0
4b3dd8d7-3112-4062-8533-611d7afe5d85,2026-08-28T23:36:02.949470,CLI00436,www.jumia/produit/detail.com,27,mobile,,False,0.0
8678ed66-d188-46d5-976b-3ba203f675ae,2026-09-04T00:22:02.949470,CLI00340,www.jumia/produits.com,82,tablette,CMP0012,False,0.0
2db4eb7e-316e-4c81-a47f-54ad05973749,2026-07-29T11:41:02.949470,CLI00275,www.jumia/contact.com,31,desktop,,False,0.0
14b19cd7-a514-419c-8e6d-5ebddbed4a6c,2026-07-24T18:38:02.949470,CLI00168,www.jumia/checkout.com,112,mobile,,False,0.0
a3136c58-def7-4099-b032-fb424c224252,2026-07-30T03:51:02.949470,ANON6e32eb75,www.jumia/accueil.com,128,mobile,,False,0.0
d69f98e3-2a50-4c85-8e86-ccca5897f9df,2026-08-25T06:43:02.949470,ANON897472ce,www.jumia/contact.com,9,desktop,CMP0009,False,0.0
dcdb9e40-a583-47e5-80cc-7aab4ca17db5,2026-08-15T11:02:02.949470,CLI00398,www.jumia/blog.com,64,tablette,CMP0006,False,0.0
1791587a-ef31-4f7f-9950-456898531ce5,2026-07-31T04:27:02.949470,ANON8667cf35,www.jumia/produits.com,63,tablette,CMP0005,False,0.0
2b9c239b-103e-476c-bc58-fe091f39bcdc,2026-08-02T17:40:02.949470,CLI00313,www.jumia/produit/detail.com,41,tablette,CMP0011,False,0.0
1a3ba29e-43db-4ea9-a4c3-bef00c686ab8,2026-09-03T08:23:02.949470,CLI00009,www.jumia/checkout.com,243,mobile,CMP0002,False,0.0
cd757534-0965-4c9d-b43f-302ebf213c38,2026-07-24T00:11:02.949470,ANONf2d4cdee,www.jumia/produits.com,158,desktop,CMP0004,False,0.0
60f56d13-1af9-489b-b415-880a742e7121,2026-08-21T10:04:02.949470,ANONabc0df99,www.jumia/produits.com,107,mobile,,False,0.0
de6cec6a-2f5c-4dfe-a745-04303807a4d0,2026-08-05T14:00:02.949470,CLI00313,www.jumia/promo.com,112,tablette,CMP0013,False,0.0
635bcab6-3df8-4018-a460-079d4ae5186c,2026-07-23T13:16:02.949470,CLI00358,www.jumia/panier.com,55,mobile,CMP0011,False,0.0
9008fc1c-060a-4865-9415-bb01199aa892,2026-08-22T11:33:02.949470,CLI00210,www.jumia/accueil.com,228,tablette,CMP0015,False,0.0
f9deca7b-64e5-4d4e-af9a-a9140f72bd14,2026-08-19T17:42:02.949470,CLI00179,www.jumia/panier.com,106,tablette,,False,0.0
d1a5c313-eb79-47b8-9573-3f9cae2bd1ae,2026-07-16T11:53:02.949470,CLI00050,www.jumia/accueil.com,117,desktop,CMP0007,False,0.0
aa5fc7ef-7482-43c6-bba6-29e6dff6554c,2026-08-14T19:52:02.949470,CLI00454,www.jumia/a-propos.com,178,mobile,,False,0.0
6cd8aa4e-f60c-4310-8e28-bf3113af35a6,2026-08-10T16:32:02.949470,ANON65f1c1fb,www.jumia/produit/detail.com,28,desktop,,False,0.0
c21218c2-f4a6-4474-8509-eff1e735f052,2026-08-28T13:42:02.949470,ANONc162c22b,www.jumia/promo.com,148,mobile,,False,0.0
7b6480be-0465-4727-8fc7-c20d3bffd589,2026-07-09T08:57:02.949470,CLI00235,www.jumia/blog.com,19,mobile,CMP0007,False,0.0
aa2723a4-442a-4bac-9ae4-d45e3dca42a5,2026-08-29T01:43:02.949470,ANON991f5f24,www.jumia/panier.com,38,tablette,,False,0.0
5091dea4-fbc2-450b-b311-d36945a54646,2026-08-14T07:15:02.949470,ANONb458b2d6,www.jumia/panier.com,36,desktop,,False,0.0
387b322f-212e-4171-9c6a-1eb967a715b3,2026-08-01T17:37:02.949470,CLI00324,www.jumia/a-propos.com,345,desktop,CMP0011,False,0.0
e46ee905-4ddd-4e06-8e76-1ae38b018319,2026-07-17T07:01:02.949470,ANON3bf8c1dd,www.jumia/produits.com,174,mobile,CMP0007,False,0.0
5164ecd9-673b-4f56-bf4d-3f924163dcaa,2026-07-10T00:41:02.949470,ANON6324f778,www.jumia/panier.com,108,mobile,,False,0.0
fc01f971-8828-4d5d-8721-fcf50ed5067b,2026-08-20T13:41:02.949470,ANONac6f4476,www.jumia/panier.com,116,desktop,CMP0009,False,0.0
e76f10e3-292b-45c0-a73a-260bb9acb2f8,2026-09-01T00:01:02.949470,ANON2d954640,www.jumia/produits.com,74,tablette,,False,0.0
7c734987-6ac7-440d-a755-a82256862e0e,2026-08-05T05:17:02.949470,ANON483e24e5,www.jumia/accueil.com,264,desktop,,False,0.0
ccfad685-3e47-4545-b219-28e9569eaff6,2026-09-04T10:03:02.949470,CLI00387,www.jumia/confirmation-commande.com,61,mobile,CMP0011,True,250.27
ec5e94c4-1f3f-462c-94d8-8432354a50d5,2026-07-06T15:29:02.949470,CLI00439,www.jumia/checkout.com,43,mobile,,True,36.39
78e94b02-b60e-48cc-919d-2904178ba8d7,2026-08-04T14:00:02.949470,CLI00471,www.jumia/a-propos.com,16,tablette,,False,0.0
8433bf24-54f1-4793-9ec5-44e10749123a,2026-07-13T06:09:02.949470,CLI00127,www.jumia/a-propos.com,138,tablette,CMP0014,False,0.0
f5edbf8e-f079-4ecf-b565-540b51f1aad9,2026-07-25T06:14:02.949470,ANON4c3821cf,www.jumia/produit/detail.com,119,tablette,CMP0012,False,0.0
b26c64ff-8abe-43e1-b63f-c24729edab37,2026-07-31T06:55:02.949470,ANON5c71e961,www.jumia/a-propos.com,43,desktop,,False,0.0
9177c443-ee66-499a-9d2e-05801524f240,2026-08-23T00:11:02.949470,ANONe29b01f1,www.jumia/produits.com,2,mobile,,False,0.0
1f2ac9ca-1677-4ab5-bd20-79bcfee5f708,2026-07-26T08:45:02.949470,ANON19a95ba6,www.jumia/produit/detail.com,164,desktop,CMP0009,False,0.0
9c7c5fcd-6b41-4bd5-b201-b243b230790c,2026-07-26T02:10:02.949470,ANON0ef11f6f,www.jumia/accueil.com,1,desktop,CMP0007,False,0.0
bbf1d05b-556b-40e4-8066-6fc3a0f4f2a3,2026-08-22T04:28:02.949470,ANON69c76e08,www.jumia/contact.com,109,desktop,CMP0014,False,0.0
15da55ea-20b5-4ab9-beee-53333ad6a9e9,2026-08-15T09:41:02.949470,CLI00303,www.jumia/checkout.com,316,tablette,,True,139.79
a5c1539f-3203-4706-8568-6aec96aad17c,2026-07-31T09:33:02.949470,ANON7bffc37d,www.jumia/contact.com,51,desktop,CMP0009,False,0.0
3c3bad6c-7f75-4e9e-ae56-207c22539213,2026-08-18T16:03:02.949470,ANON230952d1,www.jumia/promo.com,24,desktop,CMP0006,False,0.0
be1f81b2-aee3-42ff-8501-edf586e82b54,2026-07-31T02:36:02.949470,CLI00312,www.jumia/a-propos.com,109,desktop,,False,0.0
70639990-8371-4093-a36c-751d06b79018,2026-07-13T08:01:02.949470,CLI00484,www.jumia/confirmation-commande.com,152,tablette,CMP0014,True,73.78
23bfe55c-1ffc-4dec-8541-7e9bf4d871ee,2026-08-12T12:23:02.949470,CLI00300,www.jumia/a-propos.com,71,mobile,CMP0007,False,0.0
278eaf1e-d5b5-43a0-82b3-de14ef43ecda,2026-07-22T03:52:02.949470,CLI00328,www.jumia/a-propos.com,307,desktop,CMP0010,False,0.0
1fece6f1-4fbe-47ab-84c0-d3ce00780154,2026-08-30T18:52:02.949470,CLI00455,www.jumia/accueil.com,4,mobile,,False,0.0
16744e70-78ed-47bc-ad85-c60c9d373c61,2026-07-30T23:01:02.949470,CLI00309,www.jumia/accueil.com,63,mobile,CMP0007,False,0.0
902be697-d5d3-4e66-a36d-21c572beab18,2026-08-28T11:43:02.949470,CLI00267,www.jumia/produits.com,114,mobile,CMP0014,False,0.0
8eb8e4ec-f1c6-4d25-a024-7907f09010bc,2026-07-06T12:28:02.949470,CLI00341,www.jumia/accueil.com,178,desktop,CMP0009,False,0.0
5f002b9f-0235-401d-93bb-6f8b90e2472b,2026-08-05T04:14:02.949470,ANON7d938bde,www.jumia/promo.com,17,tablette,,False,0.0
1717b630-ed5d-469c-b81e-02358e98f0bb,2026-08-22T09:48:02.949470,ANONa6b75868,www.jumia/produits.com,144,tablette,,False,0.0
c54a4055-26aa-4171-ad9d-0ee542d4cec5,2026-07-28T08:27:02.949470,ANON5bcf0e2e,www.jumia/contact.com,72,desktop,CMP0003,False,0.0
8e4c0a01-6566-4b4a-8118-b5d141532acf,2026-09-01T18:35:02.949470,ANONed620fb2,www.jumia/blog.com,45,tablette,CMP0001,False,0.0
e29aa424-de49-4c7a-830f-2794ebf89835,2026-07-30T22:09:02.949470,ANON5fce2801,www.jumia/confirmation-commande.com,12,mobile,,True,198.84
0553d5bf-f5d1-44a9-9fa1-10486b9c0c52,2026-09-02T05:56:02.949470,CLI00290,www.jumia/panier.com,180,desktop,CMP0009,False,0.0
9cc2c469-67a2-41c7-806b-a72291d4c117,2026-08-09T16:26:02.949470,CLI00230,www.jumia/promo.com,15,mobile,,False,0.0
537609f1-4d38-4556-a879-abf7107db804,2026-08-07T10:30:02.949470,CLI00061,www.jumia/a-propos.com,33,desktop,,False,0.0
c45fb021-3a94-4a6d-b95a-db900e7abd69,2026-07-16T08:28:02.949470,CLI00058,www.jumia/panier.com,30,desktop,,False,0.0
0a007e71-f69c-4e75-969e-1770d2b53a39,2026-07-29T16:39:02.949470,ANON00710403,www.jumia/checkout.com,184,desktop,CMP0005,False,0.0
72a76634-62ae-4ae9-b339-b3ef8907f2bc,2026-07-14T14:10:02.949470,CLI00141,www.jumia/confirmation-commande.com,100,tablette,,True,287.09
6eba44f5-90bf-44a1-866a-1aa79bb0e4d9,2026-09-01T07:24:02.949470,CLI00482,www.jumia/accueil.com,143,desktop,,False,0.0
a373e152-ae19-4987-9876-976681d29844,2026-07-14T22:39:02.949470,ANON3a4623b0,www.jumia/blog.com,25,desktop,CMP0006,False,0.0
72f66d5e-4ad4-417d-9570-dae4ec102f7f,2026-07-14T05:31:02.949470,CLI00438,www.jumia/produit/detail.com,88,mobile,CMP0003,False,0.0
23489268-57df-4689-ae32-1ae73a55929b,2026-08-12T18:53:02.949470,ANON69d64e77,www.jumia/checkout.com,76,mobile,CMP0015,False,0.0
d02e22a8-f46e-4ed9-8da0-b21f569352a6,2026-07-22T09:51:02.949470,CLI00148,www.jumia/confirmation-commande.com,160,mobile,CMP0007,True,121.12
28fd222e-618c-4a9d-9742-48acfae179d4,2026-08-13T07:52:02.949470,ANONd5df1dcb,www.jumia/panier.com,212,tablette,CMP0014,False,0.0
fe222777-e7e5-49ab-bbc6-868b7c5f3f0e,2026-07-20T04:32:02.949470,ANON440e8e5b,www.jumia/checkout.com,1,desktop,CMP0002,False,0.0
77b64f50-bd25-45a4-9ae1-e2c635862cb7,2026-07-18T21:42:02.949470,ANONb04fe7b5,www.jumia/promo.com,100,mobile,,False,0.0
69224c54-4a00-4983-9a46-922b19a5c81a,2026-07-06T17:47:02.949470,CLI00047,www.jumia/produits.com,4,tablette,CMP0011,False,0.0
26854bf2-38ec-4d8c-89f3-2f99bc2f8fc8,2026-08-24T09:47:02.949470,ANONcd426050,www.jumia/contact.com,71,desktop,,False,0.0
e169b314-d013-4858-9594-9b5469a2adb2,2026-07-16T08:21:02.949470,CLI00127,www.jumia/promo.com,30,desktop,CMP0011,False,0.0
7177664b-f743-4ee0-9c67-5aa89fb772b9,2026-08-10T05:17:02.949470,ANONad526327,www.jumia/produit/detail.com,32,mobile,,False,0.0
daedc851-cb47-4f8e-bcf1-e57713429521,2026-08-12T15:51:02.949470,CLI00365,www.jumia/confirmation-commande.com,39,mobile,CMP0014,True,43.9
1618d3b5-f0a6-41aa-be39-94ba96eb8dd2,2026-08-07T05:03:02.949470,CLI00029,www.jumia/confirmation-commande.com,87,tablette,CMP0002,True,276.13
bc4800e0-912e-4498-92d2-f7da6c3fdcbd,2026-08-29T14:35:02.949470,CLI00230,www.jumia/contact.com,36,desktop,CMP0010,False,0.0
358582ce-049e-4a14-964e-b148c863caf7,2026-07-23T09:46:02.949470,ANON8b1d4b44,www.jumia/confirmation-commande.com,118,desktop,,True,235.13
e47b6450-e075-4da3-898c-9aa1ce401921,2026-08-03T11:18:02.949470,ANON3eab48a2,www.jumia/produits.com,46,desktop,,False,0.0
b567d05f-1cda-47e2-9b5e-c42b0d837943,2026-07-13T06:09:02.949470,ANON85b39aa4,www.jumia/contact.com,6,mobile,CMP0013,False,0.0
09b006ba-2067-48b0-a44c-4ce5a2dedf52,2026-07-22T04:26:02.949470,CLI00171,www.jumia/panier.com,137,desktop,,False,0.0
ef973674-d31b-4c1c-a8b0-2dd1c7933716,2026-08-07T11:33:02.949470,CLI00216,www.jumia/produits.com,30,mobile,CMP0002,False,0.0
21dc00d2-f130-4cb5-a283-aea58c13ce70,2026-08-19T00:47:02.949470,CLI00308,www.jumia/produit/detail.com,51,desktop,,False,0.0
0eef5e6b-e435-49ff-93ae-81b6add27c69,2026-09-02T20:04:02.949470,ANON31f61a18,www.jumia/a-propos.com,104,mobile,CMP0009,False,0.0
4abbf89d-d9f4-4bb6-bd1d-6b49ea0c4ceb,2026-07-28T00:02:02.949470,CLI00424,www.jumia/a-propos.com,36,desktop,CMP0004,False,0.0
ada99759-3b57-4f28-b4a8-81f78ef9fe73,2026-07-17T05:15:02.949470,CLI00355,www.jumia/checkout.com,5,tablette,CMP0003,False,0.0
65785e78-9b46-4d8b-a130-f1c2fae74f9b,2026-07-19T05:18:02.949470,ANONa82c8bad,www.jumia/a-propos.com,42,mobile,CMP0013,False,0.0
df5ad7ed-0b33-4e91-9076-c20a3b63300f,2026-07-12T11:08:02.949470,CLI00352,www.jumia/contact.com,260,mobile,,False,0.0
d6d5a78e-a2c4-41fe-9347-ceeb65278a69,2026-07-24T03:27:02.949470,ANONabe9144e,www.jumia/contact.com,92,tablette,CMP0002,False,0.0
24ad74f4-54bd-4e69-a3d1-9eda1a0f3c68,2026-07-30T00:09:02.949470,ANONa93daa4d,www.jumia/produits.com,100,desktop,,False,0.0
e57f2edc-b65c-4448-bb6b-a90e85cb7c7e,2026-07-20T01:24:02.949470,ANON4a169d45,www.jumia/checkout.com,90,tablette,CMP0010,False,0.0
ffaa930c-8f06-40d8-aa0e-210d9dbf1b9d,2026-08-25T07:48:02.949470,CLI00313,www.jumia/promo.com,19,tablette,,False,0.0
e8010bb2-e7c2-4928-9a6e-845441357626,2026-08-11T19:16:02.949470,CLI00284,www.jumia/confirmation-commande.com,48,tablette,CMP0001,True,151.71
08ffbd5d-7cbc-4543-b163-2e180fe32460,2026-07-07T12:29:02.949470,ANON41a7713a,www.jumia/confirmation-commande.com,125,tablette,CMP0015,True,61.66
0052b781-1748-4add-bbbd-bb68cc6efd48,2026-07-11T12:10:02.949470,CLI00148,www.jumia/produit/detail.com,9,tablette,CMP0009,False,0.0
37f8921e-d196-49df-a496-db922a416a89,2026-07-24T06:49:02.949470,CLI00265,www.jumia/checkout.com,29,tablette,,False,0.0
17e9f76f-527d-4ff2-a240-6b7a6ca4be4a,2026-08-14T18:01:02.949470,CLI00467,www.jumia/confirmation-commande.com,29,desktop,CMP0008,True,249.81
2108832f-2b1d-4e2b-aab3-c31987765ef0,2026-07-27T15:17:02.949470,CLI00485,www.jumia/a-propos.com,50,tablette,CMP0013,False,0.0
bb3d9e18-6a98-4ba9-80f3-815cf7b0eea7,2026-07-13T12:35:02.949470,CLI00299,www.jumia/contact.com,353,tablette,CMP0002,False,0.0
a3106c89-5e7d-437d-8cb4-98a65dcf9d1e,2026-08-09T14:14:02.949470,ANON826390be,www.jumia/produits.com,6,mobile,,False,0.0
d35188bf-de38-46f9-b1bc-17ea5d52905c,2026-07-25T11:06:02.949470,ANONd49e0b6e,www.jumia/contact.com,65,mobile,CMP0010,False,0.0
5e1790ce-80de-452b-88a1-2aae4d260b3c,2026-08-03T19:31:02.949470,CLI00469,www.jumia/checkout.com,17,mobile,CMP0010,False,0.0
1b4f75d9-8020-43cb-af26-f05285e20c0c,2026-08-25T03:22:02.949470,CLI00390,www.jumia/produit/detail.com,317,tablette,,False,0.0
bcdb606f-b0d3-46ed-b657-256a29ca04d9,2026-07-31T10:38:02.949470,CLI00016,www.jumia/panier.com,10,tablette,CMP0012,False,0.0
759d0207-4597-45ab-a589-4bb242ccd0fd,2026-08-07T05:20:02.949470,CLI00042,www.jumia/promo.com,46,mobile,CMP0009,False,0.0
5531cb84-e84d-4a22-a4a7-18cb6a8f0872,2026-08-14T10:25:02.949470,ANONe0f4e89d,www.jumia/confirmation-commande.com,120,mobile,CMP0005,True,179.28
024908ca-8e14-4bf2-8761-8db540a89aa9,2026-08-22T14:14:02.949470,ANON07640d65,www.jumia/promo.com,109,tablette,,False,0.0
fd0d5628-f2b1-4657-8e64-86e4116be64c,2026-08-29T00:25:02.949470,ANON66d53f6b,www.jumia/confirmation-commande.com,49,tablette,CMP0008,True,104.95
c19fd8f7-bccb-464d-8aa6-40d6964b2c0b,2026-08-30T08:31:02.949470,CLI00405,www.jumia/confirmation-commande.com,38,tablette,CMP0004,True,40.49
53562f81-da2d-4067-926e-ef78120d3206,2026-07-26T18:04:02.949470,ANONdd9cb168,www.jumia/contact.com,45,tablette,CMP0001,False,0.0
ea0a766c-fa0f-436c-9649-cebb9e95f20d,2026-07-06T15:52:02.949470,CLI00383,www.jumia/produits.com,27,mobile,CMP0011,False,0.0
6ed652ca-bad5-4a0b-9915-311b2a605547,2026-08-11T02:22:02.949470,CLI00440,www.jumia/a-propos.com,20,mobile,CMP0001,False,0.0
f45e4280-e083-48be-818b-c0023af2f199,2026-08-29T13:02:02.949470,ANON6f176318,www.jumia/confirmation-commande.com,59,tablette,CMP0011,True,49.56
01cb78d6-949f-4820-89d3-ebe3fc3388e0,2026-08-01T20:08:02.949470,CLI00274,www.jumia/produits.com,28,tablette,CMP0009,False,0.0
e5d8f395-e33d-453b-bafe-7ce7788104b2,2026-08-19T21:34:02.949470,ANONb929993b,www.jumia/checkout.com,30,desktop,CMP0001,True,146.4
8f4a1df9-e08d-4c09-a27b-20ec67a01a77,2026-07-10T05:31:02.949470,ANONa17db65c,www.jumia/contact.com,96,mobile,,False,0.0
dc81c05f-3d19-4fe2-bbe3-d5135e87936f,2026-07-30T06:40:02.949470,CLI00354,www.jumia/confirmation-commande.com,311,tablette,,True,160.25
c3861f97-0910-480e-9ec6-940acb0b5105,2026-07-31T12:47:02.949470,ANON6c2c8d1e,www.jumia/accueil.com,83,tablette,CMP0004,False,0.0
b05f2c9e-eb38-4c5f-a71b-df2d227188fe,2026-07-06T14:53:02.949470,ANON243d3ff2,www.jumia/blog.com,7,mobile,CMP0014,False,0.0
f1fa367c-8161-4eaf-b1ff-bae171c150e8,2026-07-29T14:50:02.949470,CLI00172,www.jumia/blog.com,7,desktop,CMP0004,False,0.0
0e23cdbe-9fc3-4b54-849b-be0068f4d80b,2026-07-21T13:03:02.949470,CLI00450,www.jumia/produits.com,272,mobile,CMP0006,False,0.0
cbffad7b-ec76-4993-982c-8aac576f8701,2026-07-30T03:47:02.949470,ANONcefa5196,www.jumia/produit/detail.com,31,tablette,CMP0011,False,0.0
91e3336b-ff9a-408e-917e-9cfaa476e35b,2026-09-02T02:02:02.949470,CLI00082,www.jumia/a-propos.com,8,tablette,CMP0008,False,0.0
306774ad-f33d-441e-9d45-2ba0ebcb3fbf,2026-08-01T14:56:02.949470,ANONd17508b7,www.jumia/checkout.com,82,desktop,CMP0006,True,38.43
c2c47347-26b2-4eb3-a4b0-146033482eae,2026-07-21T21:24:02.949470,CLI00018,www.jumia/produits.com,87,tablette,,False,0.0
ada103a6-d362-454f-a97f-7f57670f58bc,2026-08-19T08:52:02.949470,CLI00275,www.jumia/checkout.com,94,desktop,,False,0.0
8659745e-fc94-4b7c-afcb-cff1381b925a,2026-07-08T05:39:02.949470,ANON155016df,www.jumia/accueil.com,28,mobile,CMP0011,False,0.0
01b2efbd-f109-4d38-abff-b916ae2dacca,2026-08-06T00:32:02.949470,CLI00217,www.jumia/produit/detail.com,1,tablette,CMP0008,False,0.0
eac9b523-ea3d-42ab-b7af-2fd6fdc0be5b,2026-08-29T21:48:02.949470,ANON73ea47d4,www.jumia/contact.com,301,mobile,,False,0.0
91b42db8-cb50-49c1-9f38-bf69d9688c24,2026-08-08T12:46:02.949470,CLI00012,www.jumia/promo.com,25,desktop,CMP0013,False,0.0
c5c32346-20a7-4b63-b1d8-c4e75005b8a5,2026-08-10T19:58:02.949470,ANON84e5356b,www.jumia/promo.com,101,tablette,CMP0005,False,0.0
fbc58dbe-8ed4-476b-afe3-0ecb45fe167d,2026-08-18T19:08:02.949470,CLI00440,www.jumia/checkout.com,110,tablette,CMP0009,False,0.0
42117221-1866-457b-826c-0377d0c35680,2026-08-04T03:27:02.949470,CLI00362,www.jumia/panier.com,84,desktop,CMP0006,False,0.0
6b7c3cae-6b28-486e-8c31-bfd271ebb6a0,2026-08-09T18:29:02.949470,CLI00233,www.jumia/checkout.com,33,mobile,CMP0014,False,0.0
c4da5703-25b5-4105-97ed-cbffc36cd214,2026-08-16T08:23:02.949470,ANONdb071abc,www.jumia/produits.com,28,desktop,CMP0009,False,0.0
4c535d21-f8f1-4ce5-a499-3c8c2e2d8ac0,2026-08-28T03:21:02.949470,ANONbac7aef1,www.jumia/panier.com,81,desktop,,False,0.0
43376651-cbda-416a-ad34-553a1a7269ba,2026-09-04T01:09:02.949470,ANONce451739,www.jumia/a-propos.com,180,desktop,CMP0009,False,0.0
92a05676-cf4a-486d-a96d-d71cfd4f1671,2026-07-19T12:02:02.949470,CLI00263,www.jumia/panier.com,263,tablette,CMP0012,False,0.0
7b0bd7ab-d87d-4aea-8bbc-2a32f8502367,2026-07-20T00:57:02.949470,CLI00425,www.jumia/checkout.com,10,tablette,CMP0008,True,219.48
62097de5-0e94-4839-8ee9-6954df494067,2026-07-06T14:30:02.949470,CLI00423,www.jumia/blog.com,15,mobile,CMP0006,False,0.0
f79e531b-fd5c-457f-b14c-0893bbf57460,2026-07-17T11:40:02.949470,CLI00086,www.jumia/accueil.com,260,desktop,CMP0006,False,0.0
3571d1ed-5339-4e28-ae14-fb86484021d6,2026-07-10T15:26:02.949470,CLI00044,www.jumia/promo.com,120,mobile,CMP0014,False,0.0
a8787a1d-41bc-4a0d-b750-5039324fc256,2026-08-21T14:54:02.949470,CLI00389,www.jumia/checkout.com,193,tablette,CMP0003,True,31.13
de8b7eef-7f5c-40d3-a993-6dc5a69a0979,2026-08-06T17:09:02.949470,CLI00290,www.jumia/panier.com,20,mobile,,False,0.0
c6bbc845-eaa2-4d88-b9c9-d4413116cf72,2026-07-23T06:21:02.949470,ANON32d5197f,www.jumia/accueil.com,79,tablette,CMP0009,False,0.0
5cb2014b-b075-42dc-84e7-fc0eb211a5d1,2026-08-05T17:11:02.949470,ANON92448850,www.jumia/produit/detail.com,108,desktop,CMP0011,False,0.0
38d241b8-5d80-4927-a4a1-212e634a688c,2026-08-09T08:33:02.949470,ANONee6eac53,www.jumia/produit/detail.com,102,tablette,CMP0012,False,0.0
94c518c9-778e-4220-9e41-64eb22f2a46c,2026-07-30T03:27:02.949470,CLI00094,www.jumia/produit/detail.com,47,desktop,,False,0.0
4af9e538-c31c-490d-ac9d-dfb3018eda64,2026-07-11T10:25:02.949470,CLI00008,www.jumia/checkout.com,1,tablette,CMP0003,False,0.0
4587eae4-0518-49e4-a077-a10010d064e8,2026-08-16T15:45:02.949470,CLI00425,www.jumia/promo.com,78,mobile,CMP0002,False,0.0
5cbcb73a-52d7-40b8-801a-4d07041427b5,2026-07-08T00:51:02.949470,CLI00196,www.jumia/panier.com,26,mobile,CMP0007,False,0.0
9f3a985b-b03b-4bb5-bddd-5801c6df77ec,2026-08-04T18:41:02.949470,ANONb58beddd,www.jumia/produit/detail.com,53,mobile,CMP0008,False,0.0
7675ad0d-8ca0-4234-aa04-db4779a112b6,2026-09-02T23:21:02.949470,CLI00406,www.jumia/panier.com,284,desktop,CMP0010,False,0.0
da41bc85-3fbd-4d22-b1d1-cfde9a364e5c,2026-09-01T08:18:02.949470,CLI00210,www.jumia/a-propos.com,45,tablette,CMP0010,False,0.0
1229df5e-5520-44d3-8fe1-f25a8d09df10,2026-07-06T18:53:02.949470,CLI00031,www.jumia/produits.com,164,desktop,CMP0010,False,0.0
3dc73416-98a1-4a84-bef2-4c5d828673f0,2026-07-20T22:53:02.949470,ANON86e2bcf1,www.jumia/accueil.com,18,mobile,,False,0.0
d3f6fab3-4779-4937-bd1b-7e7d99da6ced,2026-08-26T08:45:02.949470,CLI00386,www.jumia/accueil.com,100,tablette,,False,0.0
bf3da0b2-e7c8-475c-8430-15d6bf19f37d,2026-08-02T23:42:02.949470,CLI00195,www.jumia/promo.com,339,mobile,CMP0004,False,0.0
77081d58-e13f-4c0f-9a82-7d39021e80b2,2026-08-22T11:02:02.949470,ANON5abff51a,www.jumia/contact.com,9,mobile,,False,0.0
737eb7ab-2880-420a-8c15-011c7db8a218,2026-07-16T21:33:02.949470,CLI00446,www.jumia/checkout.com,1,mobile,,False,0.0
196b0f38-87b0-4566-9d52-4a73d3908a7f,2026-08-05T22:08:02.949470,ANON9c74fd6b,www.jumia/produits.com,51,desktop,CMP0013,False,0.0
997dfbea-2306-4f2c-aa69-39b87b6048f8,2026-08-27T19:01:02.949470,CLI00075,www.jumia/panier.com,8,desktop,CMP0004,False,0.0
81bcef40-1c68-4bbf-8396-1fb1ea6550a1,2026-07-23T22:43:02.949470,ANON3f79eb0e,www.jumia/accueil.com,124,mobile,CMP0002,False,0.0
a5f41810-b068-45c2-8b96-73ff10429a58,2026-07-26T23:45:02.949470,CLI00043,www.jumia/produit/detail.com,221,tablette,,False,0.0
82dac905-2154-4a42-aa24-227eaa3359a1,2026-09-02T16:18:02.949470,CLI00422,www.jumia/contact.com,51,desktop,CMP0005,False,0.0
af0be064-120f-4f56-beaf-912597ccbef9,2026-08-30T23:56:02.949470,CLI00094,www.jumia/blog.com,26,tablette,,False,0.0
fb23c1ad-be0e-4575-aeab-e916a808ee57,2026-08-15T05:52:02.949470,CLI00210,www.jumia/produits.com,51,tablette,CMP0015,False,0.0
8dec031c-883a-41c2-abad-7e42b828d86d,2026-08-04T14:24:02.949470,CLI00497,www.jumia/produit/detail.com,115,desktop,CMP0009,False,0.0
5cfcb298-c84d-4f9c-a147-7297c5cb5ed1,2026-09-04T06:24:02.949470,ANONd46b1e84,www.jumia/confirmation-commande.com,1,mobile,,True,46.9
76bdc154-72cc-4931-8d83-62ed34d55531,2026-07-13T21:38:02.949470,CLI00477,www.jumia/a-propos.com,80,tablette,CMP0002,False,0.0
b32d1a31-74dd-4b91-b9d0-12f0e03f4bff,2026-09-02T20:42:02.949470,CLI00208,www.jumia/checkout.com,85,tablette,,False,0.0
e5cb9c4d-c7a4-4b0c-b839-7f8fe551f287,2026-08-31T07:48:02.949470,ANONbfbf37e6,www.jumia/a-propos.com,91,tablette,CMP0007,False,0.0
f3321240-96bc-4ff6-8ab1-9f0a4d1ae460,2026-07-31T22:45:02.949470,ANON1e43fd97,www.jumia/a-propos.com,24,tablette,CMP0001,False,0.0
59d040ab-cfb9-4a62-9119-5f0201ebc90f,2026-07-23T04:01:02.949470,ANONe4c75001,www.jumia/contact.com,112,tablette,CMP0009,False,0.0
1725bf6b-c5c8-47c6-bb0a-4e257a9b636f,2026-08-09T21:08:02.949470,CLI00318,www.jumia/promo.com,8,mobile,CMP0001,False,0.0
6ddd9e57-38f6-435a-b4c4-f0b6d39c3359,2026-07-11T07:51:02.949470,ANONff50b1df,www.jumia/a-propos.com,20,mobile,CMP0007,False,0.0
9dee6c6b-39da-4ed2-be6d-1055556d2fa7,2026-07-31T14:18:02.949470,ANON21f6976d,www.jumia/confirmation-commande.com,188,desktop,,True,294.2
624ac1a5-d96b-4ac3-b889-3810382c913d,2026-08-09T03:04:02.949470,ANON023a5a80,www.jumia/accueil.com,120,tablette,CMP0008,False,0.0
7584834b-4040-4350-b27e-13209da71573,2026-07-15T21:46:02.949470,CLI00141,www.jumia/blog.com,1,mobile,CMP0009,False,0.0
673a3792-7981-4a0d-a1d2-324fa5b3327c,2026-07-15T17:26:02.949470,ANONd3bdd698,www.jumia/panier.com,25,tablette,CMP0002,False,0.0
6caa00f9-b9fb-4dca-90d8-a69c06c2962f,2026-08-21T10:15:02.949470,CLI00008,www.jumia/confirmation-commande.com,21,mobile,,True,272.26
f7c7d0ed-9eac-41d9-a8cf-eefb7403bd9d,2026-08-31T01:20:02.949470,CLI00281,www.jumia/a-propos.com,28,desktop,CMP0001,False,0.0
43dddd12-65b9-4928-8690-82eb174e2a46,2026-07-21T04:19:02.949470,CLI00123,www.jumia/promo.com,25,mobile,,False,0.0
7b26165a-21d8-4b97-882a-86b1d3492370,2026-08-13T18:32:02.949470,ANON29d01bec,www.jumia/promo.com,5,mobile,CMP0010,False,0.0
39418bf0-55b2-4c43-abc6-471a3906455d,2026-07-13T02:39:02.949470,CLI00489,www.jumia/produits.com,55,desktop,CMP0001,False,0.0
575eedc2-a429-4d76-bfe7-74baf31aa785,2026-08-11T18:12:02.949470,CLI00254,www.jumia/panier.com,118,desktop,CMP0004,False,0.0
adf44474-1734-4af3-ac37-8e2bab566047,2026-08-22T13:15:02.949470,ANON5df1bfbe,www.jumia/contact.com,83,tablette,CMP0013,False,0.0
b1781195-5b44-44ec-8ecc-58be718adbd0,2026-08-20T13:34:02.949470,ANON2117989e,www.jumia/confirmation-commande.com,100,mobile,CMP0009,True,100.56
86f39022-9055-4bc1-b45b-a89a8220c8a2,2026-09-04T11:59:02.949470,CLI00021,www.jumia/accueil.com,7,mobile,CMP0005,False,0.0
1d5362a0-03cd-4b28-b6c9-ed6ef002c768,2026-09-02T14:24:02.949470,ANON3e4eaf4a,www.jumia/checkout.com,272,mobile,,False,0.0
2cdbdb36-c79c-48a2-9469-bfe7556ecbde,2026-08-01T22:28:02.949470,CLI00229,www.jumia/produits.com,164,mobile,CMP0014,False,0.0
0ec7a8a0-ce68-44b4-a437-fad79ee17c4b,2026-08-07T20:52:02.949470,ANON50a376f2,www.jumia/confirmation-commande.com,147,desktop,CMP0010,True,212.88
6cbce372-0340-4ee9-93c8-f8309e35608e,2026-08-06T23:20:02.949470,CLI00499,www.jumia/accueil.com,155,mobile,CMP0013,False,0.0
e1939c7f-7330-449a-b794-2b24e28fedf2,2026-08-15T03:23:02.949470,CLI00186,www.jumia/panier.com,242,desktop,,False,0.0
3b3a52db-09aa-447e-a1e9-d1ba30706d3f,2026-08-23T01:49:02.949470,CLI00193,www.jumia/promo.com,70,tablette,CMP0001,False,0.0
14cf1597-8f75-44d9-96be-28c5bd8dd105,2026-08-13T02:50:02.949470,CLI00208,www.jumia/blog.com,20,desktop,CMP0012,False,0.0
5ed95d70-1cfa-4fc6-9fd2-766b19d4bd6e,2026-07-15T16:35:02.949470,CLI00452,www.jumia/accueil.com,86,mobile,CMP0009,False,0.0
520bd2c4-33a1-42b5-869c-a3b12e190fb1,2026-08-20T12:30:02.949470,CLI00071,www.jumia/panier.com,122,tablette,CMP0009,False,0.0
27580e79-d49c-4eab-a719-3017162a75f7,2026-08-03T14:31:02.949470,ANONb33338dd,www.jumia/produit/detail.com,120,desktop,,False,0.0
a6837efb-68fe-4b22-910a-197b984fe8cb,2026-07-14T20:05:02.949470,CLI00135,www.jumia/confirmation-commande.com,66,desktop,CMP0015,True,272.88
ef6efeed-9260-4bc7-8804-ab35af01e07c,2026-07-20T06:12:02.949470,CLI00082,www.jumia/panier.com,6,desktop,,False,0.0
c3a07e77-c753-4b0c-af35-fdc4f6c492f8,2026-08-03T18:32:02.949470,ANON124d8e79,www.jumia/a-propos.com,41,mobile,CMP0003,False,0.0
708af184-15a0-486a-844b-312a053611be,2026-08-10T16:53:02.949470,ANONf5b04683,www.jumia/produits.com,228,tablette,CMP0002,False,0.0
d2339940-7fe2-44dd-a255-673df19aa9ce,2026-07-17T14:52:02.949470,CLI00444,www.jumia/blog.com,79,mobile,CMP0001,False,0.0
a9ffe70a-1258-4942-9c3d-3c6966a42b50,2026-08-30T19:35:02.949470,CLI00136,www.jumia/blog.com,69,desktop,CMP0003,False,0.0
604afc95-0651-4110-81fc-356965e3ac76,2026-07-06T19:37:02.949470,CLI00235,www.jumia/produits.com,28,mobile,CMP0004,False,0.0
48ab622d-e487-4054-b0c3-df1928c7cc4b,2026-07-11T18:28:02.949470,CLI00463,www.jumia/produit/detail.com,41,tablette,,False,0.0
9a768abc-383b-486e-8d7e-3ee03c73ae1c,2026-08-22T14:59:02.949470,CLI00336,www.jumia/checkout.com,203,tablette,CMP0002,False,0.0
e47fa1f4-4db2-4a6b-9bd6-858abdd6bad4,2026-07-28T19:03:02.949470,CLI00167,www.jumia/panier.com,98,tablette,,False,0.0
45e27d06-4ece-4d34-b43d-6e76fd8ab1e0,2026-09-02T02:51:02.949470,ANONed92cdfe,www.jumia/checkout.com,139,mobile,CMP0001,False,0.0
144d0787-4655-4b8f-bcd4-5994fa803afe,2026-08-03T07:46:02.949470,CLI00423,www.jumia/accueil.com,54,mobile,,False,0.0
6c5876db-4658-4c0b-9d77-628e4bcf3221,2026-08-13T20:53:02.949470,CLI00381,www.jumia/panier.com,89,tablette,CMP0006,False,0.0
dea2a8dd-3f1f-4a0a-9eab-8f5d0adc5835,2026-07-25T10:26:02.949470,CLI00493,www.jumia/blog.com,25,mobile,CMP0004,False,0.0
d94efdde-8171-41c7-b0f0-a57b0625597e,2026-08-06T08:06:02.949470,ANON3107b062,www.jumia/produit/detail.com,110,desktop,CMP0006,False,0.0
c5249003-6fa1-4f24-b0dc-b1a9151672bc,2026-08-16T23:57:02.949470,CLI00434,www.jumia/blog.com,50,tablette,CMP0001,False,0.0
e7a42792-c197-45ab-8629-172386f6e518,2026-08-26T07:31:02.949470,ANONa7a6f868,www.jumia/produit/detail.com,52,mobile,CMP0012,False,0.0
fe37c0c9-e13c-40eb-81c6-ad1ec2113dec,2026-07-22T21:31:02.949470,CLI00210,www.jumia/a-propos.com,94,desktop,,False,0.0
92eae6d2-6504-4ab3-bdab-8429d57ac393,2026-08-07T03:22:02.949470,CLI00425,www.jumia/produits.com,247,tablette,,False,0.0
4dc401a3-309e-4bf8-b5af-623c54bc70da,2026-07-16T12:35:02.949470,CLI00019,www.jumia/blog.com,5,mobile,,False,0.0
f85941c9-675b-42cf-8f18-bf7f68a10786,2026-08-26T10:51:02.949470,ANON173d8f42,www.jumia/produit/detail.com,156,mobile,CMP0008,False,0.0
96c9cc61-3c5d-46c2-ac74-fac721fdf135,2026-07-21T05:27:02.949470,CLI00158,www.jumia/blog.com,31,tablette,CMP0004,False,0.0
38d6e6ba-4e15-498b-a22d-f82150d26924,2026-08-23T07:07:02.949470,CLI00173,www.jumia/blog.com,52,desktop,CMP0002,False,0.0
cd31bdb2-f20a-46df-bfc7-069b346719a4,2026-08-13T18:20:02.949470,CLI00403,www.jumia/produit/detail.com,1,mobile,CMP0006,False,0.0
02e436a7-64ae-4d06-b782-d4060de5d3bc,2026-07-31T16:16:02.949470,ANON522ac180,www.jumia/produits.com,32,mobile,CMP0005,False,0.0
0e5e2162-5d05-406a-a4ff-e4f27e27e198,2026-07-12T16:17:02.949470,ANON16948797,www.jumia/a-propos.com,62,tablette,,False,0.0
c0222dca-0e6d-4bb0-9c9e-27963fc64dc2,2026-07-11T10:41:02.949470,ANONd4b9ec21,www.jumia/blog.com,5,mobile,CMP0001,False,0.0
2449e8b9-c36c-443f-baf0-d465b4b4ef30,2026-07-25T01:53:02.949470,ANONe59b2da7,www.jumia/a-propos.com,60,tablette,,False,0.0
6da987ab-c11d-4e65-ace1-94cfa4a4afe3,2026-08-26T00:18:02.949470,CLI00411,www.jumia/blog.com,235,tablette,CMP0009,False,0.0
369344b5-3b74-4279-9343-94f4511a1f21,2026-07-07T06:57:02.949470,CLI00434,www.jumia/produits.com,10,mobile,CMP0013,False,0.0
813dae16-35af-4540-94a6-ebdb738c0fe3,2026-07-07T23:37:02.949470,CLI00101,www.jumia/checkout.com,130,mobile,CMP0015,True,221.97
179e4c7f-1c02-499a-9f4e-1d5e3656d0bc,2026-08-29T18:39:02.949470,CLI00313,www.jumia/a-propos.com,47,desktop,,False,0.0
238c06f4-46d2-48f8-bd84-ea98350b4306,2026-07-06T02:03:02.949470,ANONcb4bcc11,www.jumia/a-propos.com,95,desktop,CMP0012,False,0.0
ffcaf2c5-e646-41b7-ad91-840fc64e456f,2026-07-08T19:44:02.949470,CLI00305,www.jumia/contact.com,27,tablette,CMP0012,False,0.0
4ae936ce-794a-40c4-a441-371de7496718,2026-08-27T13:11:02.949470,ANONa11e2d27,www.jumia/produits.com,15,mobile,,False,0.0
1d2b6d6c-b149-4ec9-9722-5db755731ca5,2026-08-26T02:34:02.949470,CLI00471,www.jumia/contact.com,15,mobile,,False,0.0
ea656572-ade5-4df3-a0c5-7ba567425fc8,2026-07-20T22:20:02.949470,ANON7a01f8a9,www.jumia/promo.com,6,desktop,,False,0.0
53c1f5e7-6ed8-45b4-b706-b9b2df2e0f5c,2026-08-23T15:07:02.949470,ANONdc383a1c,www.jumia/blog.com,18,mobile,CMP0013,False,0.0
6ae95214-f0bd-4de1-b4f0-f9a55c0a5a5b,2026-08-23T06:15:02.949470,ANON7797d2e6,www.jumia/accueil.com,98,tablette,,False,0.0
c5dd2c52-863f-40f9-88f6-9dd54d660edd,2026-08-07T02:38:02.949470,ANON962a409e,www.jumia/contact.com,192,tablette,CMP0005,False,0.0
637529ab-0bfa-4960-ac7e-b8abcd3c5411,2026-07-27T06:30:02.949470,CLI00491,www.jumia/contact.com,151,desktop,CMP0002,False,0.0
1e8ef881-2bba-42fa-90c1-fb594a759453,2026-07-20T05:05:02.949470,CLI00473,www.jumia/produit/detail.com,104,tablette,CMP0002,False,0.0
86755f80-ef75-4663-a826-1e8baf901e3f,2026-08-08T16:27:02.949470,CLI00002,www.jumia/contact.com,10,mobile,,False,0.0
32fc4f6f-86bd-4f9b-82c9-d48e08b8f202,2026-08-24T09:10:02.949470,ANON94bf028a,www.jumia/contact.com,30,mobile,,False,0.0
a8d488c6-fb0e-4106-b144-4007fe9ea91e,2026-09-04T07:38:02.949470,ANON0e64586b,www.jumia/produits.com,33,tablette,CMP0009,False,0.0
b6b923c0-a522-45ab-a962-5964aa4a95ef,2026-08-04T22:40:02.949470,ANONb5dccbaa,www.jumia/promo.com,25,tablette,,False,0.0
7b7e0fae-8632-4105-b6fc-0c11379bf663,2026-07-30T03:02:02.949470,CLI00249,www.jumia/confirmation-commande.com,65,mobile,CMP0002,True,253.69
79a4c309-96fc-4555-903f-10ec4f04027b,2026-08-03T08:07:02.949470,ANON037eb55e,www.jumia/accueil.com,69,mobile,,False,0.0
231738e9-4060-4ae9-bcfe-d1842ca1e895,2026-08-26T04:07:02.949470,ANON63763724,www.jumia/confirmation-commande.com,39,desktop,CMP0012,True,238.55
ae3f7244-4a2a-4c3d-a224-e5f4997ee2f2,2026-08-30T10:34:02.949470,CLI00445,www.jumia/checkout.com,39,mobile,CMP0011,True,233.89
2145a51f-3850-49b9-87f4-deae145556c6,2026-08-31T06:43:02.949470,CLI00300,www.jumia/accueil.com,158,desktop,CMP0014,False,0.0
57354ae4-d265-4069-931f-2bd71019f32d,2026-08-13T16:20:02.949470,ANONbc10a0ba,www.jumia/checkout.com,140,desktop,CMP0006,False,0.0
0090a887-0045-403d-bf40-cba9550393d6,2026-07-07T07:23:02.949470,CLI00224,www.jumia/promo.com,33,tablette,CMP0011,False,0.0
78d4fa6f-1464-42ed-8b7a-7ab6b87bff4f,2026-07-13T02:08:02.949470,ANON584b1a66,www.jumia/confirmation-commande.com,220,mobile,,True,213.64
813317c7-5f44-4640-b557-c9c1c926c136,2026-07-11T04:35:02.949470,ANONc13d3428,www.jumia/checkout.com,274,desktop,,False,0.0
32138f0d-b27b-4dd4-8e15-876fa7b5e67d,2026-07-09T19:02:02.949470,CLI00187,www.jumia/accueil.com,35,tablette,,False,0.0
38b53d3b-220f-440b-b98a-e9e22a1cb36d,2026-08-08T03:29:02.949470,CLI00109,www.jumia/produits.com,39,tablette,,False,0.0
bd909408-5a15-4575-8e19-f612129e9844,2026-08-09T02:08:02.949470,ANON86a71d8e,www.jumia/a-propos.com,63,mobile,CMP0009,False,0.0
97f94cd3-861a-43fe-94aa-2dc2bb0f3ab6,2026-07-19T18:32:02.949470,ANON62dcaaac,www.jumia/promo.com,254,mobile,CMP0002,False,0.0
ef07ec96-9af5-4ec6-8eb1-a4e7385a0465,2026-08-26T18:52:02.949470,CLI00052,www.jumia/confirmation-commande.com,188,desktop,,True,274.8
b1037755-b821-45b8-abec-6f18a0b9b30d,2026-08-05T17:55:02.949470,ANONcb7bc1d7,www.jumia/blog.com,9,tablette,,False,0.0
1a55d8a0-9e5d-4d66-a3b6-42fa2b71bcc5,2026-07-24T07:17:02.949470,CLI00445,www.jumia/promo.com,44,desktop,,False,0.0
b57aa3f6-cb9a-4927-9400-afe37c9c0e89,2026-07-20T04:07:02.949470,CLI00420,www.jumia/produits.com,72,desktop,CMP0001,False,0.0
677ae03b-005b-4481-ac32-4a01c2419da9,2026-09-02T09:58:02.949470,CLI00420,www.jumia/promo.com,62,desktop,CMP0003,False,0.0
0196506e-a7bb-493a-b187-fedff77894e5,2026-08-28T21:52:02.949470,CLI00382,www.jumia/produits.com,19,mobile,CMP0009,False,0.0
5c24bab4-2eb6-401b-b289-2e0e35d3ab74,2026-08-08T21:29:02.949470,CLI00051,www.jumia/produit/detail.com,176,mobile,CMP0008,False,0.0
621b9421-cef2-4ab5-ab2d-7f031c381236,2026-08-12T06:20:02.949470,CLI00186,www.jumia/checkout.com,101,tablette,CMP0009,True,258.41
160d0cbc-d488-4dd4-807a-2be703624bfd,2026-07-08T16:23:02.949470,CLI00197,www.jumia/accueil.com,163,mobile,CMP0003,False,0.0
4f922a73-f810-43e5-8dde-0684f928d746,2026-07-24T03:59:02.949470,ANONbe7463c7,www.jumia/confirmation-commande.com,176,desktop,,True,234.94
fc203693-f01e-4f46-8320-22f3262a457c,2026-08-24T09:01:02.949470,CLI00053,www.jumia/accueil.com,124,desktop,CMP0006,False,0.0
5f9488be-bd0d-41b1-9a97-e1cb90d78406,2026-07-18T20:24:02.949470,CLI00413,www.jumia/checkout.com,52,desktop,CMP0002,False,0.0
55f10bc8-2cff-45f5-a535-7a68948eeaa3,2026-08-09T15:20:02.949470,ANONa470aeed,www.jumia/panier.com,84,mobile,CMP0011,False,0.0
b63332b0-f486-4396-a40b-d25ed8fc57cc,2026-08-06T04:51:02.949470,CLI00398,www.jumia/produit/detail.com,15,desktop,,False,0.0
dd7a908f-e9f7-4b18-9561-594d9a6e691b,2026-07-23T21:25:02.949470,CLI00236,www.jumia/produit/detail.com,100,desktop,CMP0014,False,0.0
85ec0a31-5dd5-4959-849f-66dc7c8892db,2026-07-09T00:08:02.949470,ANON75d39160,www.jumia/blog.com,17,tablette,CMP0005,False,0.0
79f125b6-45b8-4282-be11-bfaeb40754b1,2026-08-08T06:41:02.949470,CLI00265,www.jumia/checkout.com,106,desktop,,False,0.0
1a058953-1590-4593-8eb7-5a34c70df7e5,2026-08-01T07:48:02.949470,ANON065016ed,www.jumia/blog.com,23,tablette,CMP0008,False,0.0
063b4bce-89d8-4167-bda8-46d031fdf7d1,2026-07-18T23:02:02.949470,ANON8db45d94,www.jumia/panier.com,11,desktop,,False,0.0
eccb113a-f22b-40ad-9ea3-825c106c0167,2026-07-19T18:07:02.949470,CLI00214,www.jumia/produit/detail.com,16,desktop,,False,0.0
dbc392f4-a3d9-4c46-9415-eba187dce6be,2026-08-12T22:45:02.949470,CLI00259,www.jumia/contact.com,1,tablette,,False,0.0
64388ca7-ccfc-4826-82aa-7b71b3ea6839,2026-07-09T08:29:02.949470,CLI00135,www.jumia/a-propos.com,114,tablette,,False,0.0
b7d4aa2c-f2b8-45de-b582-746c706c1a57,2026-07-31T13:15:02.949470,ANON7abeb364,www.jumia/confirmation-commande.com,118,desktop,CMP0001,True,236.56
54ac0649-1a17-4a13-a4a5-268fb32f64f3,2026-07-06T06:22:02.949470,ANONb7908cd4,www.jumia/promo.com,65,mobile,CMP0009,False,0.0
a12d37ea-d7e8-42e6-86ba-69702a20056d,2026-08-05T01:08:02.949470,ANON5a37764d,www.jumia/confirmation-commande.com,15,desktop,CMP0002,True,184.91
40feaf4f-462f-4c5d-95f2-b862e279352d,2026-08-02T03:21:02.949470,ANONc76e9a7c,www.jumia/confirmation-commande.com,7,mobile,CMP0004,True,132.28
a45816fe-c81c-4bdf-b584-56ed085aacc0,2026-08-22T10:04:02.949470,CLI00174,www.jumia/confirmation-commande.com,1,desktop,CMP0008,True,87.59
6d32f4d7-4b7a-48be-bded-052bf5c85cba,2026-08-28T21:09:02.949470,CLI00426,www.jumia/a-propos.com,16,desktop,,False,0.0
401241dd-3f6d-4611-978c-38c5557ccd55,2026-07-15T00:02:02.949470,ANON8a94c030,www.jumia/produit/detail.com,199,desktop,CMP0007,False,0.0
4c39beb4-7dbe-4a6c-9763-a01647d79bb6,2026-08-21T00:43:02.949470,CLI00330,www.jumia/produit/detail.com,24,desktop,CMP0003,False,0.0
ab03a02e-80e6-45e5-8187-00fbe4ddfe42,2026-07-11T22:20:02.949470,ANON21997ee6,www.jumia/contact.com,39,desktop,CMP0008,False,0.0
ec68f2bd-142d-4730-bf31-1235e2a8adc1,2026-08-12T22:03:02.949470,CLI00151,www.jumia/produit/detail.com,10,tablette,CMP0003,False,0.0
4e82b0d2-e3f6-40e6-a079-2c57acefd479,2026-08-31T11:55:02.949470,ANONe1f28225,www.jumia/blog.com,22,tablette,CMP0005,False,0.0
a9b583dc-f090-4eb4-bb5d-86e28e3a4f69,2026-08-10T01:34:02.949470,ANON7a7f4226,www.jumia/promo.com,65,mobile,CMP0002,False,0.0
26105b2c-6513-4de6-98e5-5cf590723d1e,2026-07-19T13:26:02.949470,CLI00461,www.jumia/produit/detail.com,84,tablette,,False,0.0
adf3dc15-01c8-4b4e-a0eb-0fc8f8ad6eec,2026-08-01T13:22:02.949470,ANON95535f3f,www.jumia/checkout.com,25,desktop,CMP0002,True,128.29
0c9071c4-cabc-40fd-b2d9-6749b7c9ec36,2026-08-27T20:35:02.949470,ANONe61aa65a,www.jumia/contact.com,5,desktop,CMP0001,False,0.0
14bd42ce-916f-4d22-8fa4-ce7ca7e4c4ca,2026-08-30T19:30:02.949470,CLI00100,www.jumia/contact.com,44,mobile,CMP0002,False,0.0
e31089f6-4bb0-434a-906c-ccabce99ddbd,2026-08-31T05:15:02.949470,CLI00102,www.jumia/panier.com,24,mobile,CMP0001,False,0.0
5079addd-32aa-4c0d-ba95-ca3290c85676,2026-08-01T08:43:02.949470,CLI00115,www.jumia/produits.com,22,desktop,CMP0005,False,0.0
5d5a2bca-ccde-4b57-a59d-78b7b7360400,2026-07-16T12:49:02.949470,CLI00124,www.jumia/a-propos.com,289,mobile,,False,0.0
9bbd4bb5-26c2-47c8-8489-596789279ef6,2026-08-09T02:08:02.949470,ANON56d4d188,www.jumia/confirmation-commande.com,86,mobile,CMP0007,True,89.13
4a099073-3253-48d3-9ee0-7fe07525ed4a,2026-08-31T06:11:02.949470,ANONa17a6f2b,www.jumia/a-propos.com,73,desktop,,False,0.0
8518dd7c-8bbd-4e2c-aa6a-2a451a19a741,2026-07-12T17:10:02.949470,CLI00237,www.jumia/produit/detail.com,48,desktop,CMP0010,False,0.0
3eb94d1c-b90e-45b2-9e18-ef262a2a6b88,2026-07-17T12:27:02.949470,ANONa8a7d1a2,www.jumia/blog.com,50,mobile,CMP0015,False,0.0
b0fddda8-8b13-4d7d-9024-0ee56ab88c2f,2026-07-28T14:35:02.949470,ANON2f71db8c,www.jumia/blog.com,70,mobile,CMP0013,False,0.0
bda9a081-856a-4bd3-b8b3-e5f8f9b2b1dd,2026-07-14T08:17:02.949470,ANON7355e180,www.jumia/produit/detail.com,107,desktop,CMP0007,False,0.0
1da98b13-480b-4ab0-ad53-7e4cda0595bd,2026-08-30T00:07:02.949470,CLI00106,www.jumia/promo.com,109,desktop,,False,0.0
b896bd67-d440-4b27-8e79-b5aa9c6b7d0b,2026-07-22T14:19:02.949470,CLI00232,www.jumia/accueil.com,16,tablette,,False,0.0
35260570-d774-44f8-b3e5-6c6f9d3ccbd1,2026-08-29T11:59:02.949470,CLI00254,www.jumia/confirmation-commande.com,62,mobile,CMP0001,True,229.76
016c17df-1022-41b8-bceb-f1657381964a,2026-07-15T20:06:02.949470,ANON20cfd501,www.jumia/promo.com,47,mobile,CMP0012,False,0.0
9d0d1479-bcde-4b54-a3cf-b0a95b9f50f5,2026-08-12T19:42:02.949470,ANON3404fc2e,www.jumia/checkout.com,183,mobile,CMP0002,False,0.0
e5badfd5-b13e-48db-90fe-f38a60abff07,2026-08-13T19:49:02.949470,ANONdea6189d,www.jumia/promo.com,89,mobile,CMP0010,False,0.0
7f38e80f-0bfd-48c0-922c-1a2b89db7b6a,2026-07-16T23:54:02.949470,CLI00089,www.jumia/accueil.com,68,mobile,,False,0.0
f454381d-da73-4b3f-89a0-f3fa257611d0,2026-07-21T05:36:02.949470,CLI00334,www.jumia/confirmation-commande.com,11,mobile,CMP0013,True,113.05
110c4638-0663-4a91-883a-375f87de7c1c,2026-07-13T14:28:02.949470,ANONc65e34d3,www.jumia/checkout.com,83,tablette,,False,0.0
a7ab936e-eb0d-4f45-bf33-0bc71c6aaa54,2026-08-17T19:46:02.949470,ANON47b26ef0,www.jumia/a-propos.com,11,tablette,,False,0.0
1eb9123e-652f-4fc2-acc2-450548ec413a,2026-07-24T17:22:02.949470,ANONdc0add1a,www.jumia/panier.com,37,mobile,CMP0004,False,0.0
8eaa9b97-4ee2-4efc-9bb4-3ba41cd1b3d9,2026-08-30T23:50:02.949470,CLI00084,www.jumia/promo.com,13,desktop,,False,0.0
b8d2f940-5e8f-4e8b-9102-0898acdd5365,2026-07-13T19:23:02.949470,ANONfb6c8384,www.jumia/a-propos.com,106,tablette,CMP0006,False,0.0
f36c222f-7e4d-4f39-8454-12516b579d42,2026-07-19T21:40:02.949470,ANONd9d5a7b0,www.jumia/checkout.com,20,mobile,,True,265.72
4a8cc443-5250-4236-858d-fdac89201cd6,2026-08-03T05:20:02.949470,ANONfd57b47c,www.jumia/promo.com,44,tablette,CMP0006,False,0.0
c27c0f5a-b5e9-4b7f-aecc-5ea8dee463a3,2026-08-13T22:35:02.949470,ANON5b6505b3,www.jumia/blog.com,203,mobile,CMP0004,False,0.0
a870017b-2f78-493a-979d-08ae488f1021,2026-07-10T10:01:02.949470,CLI00034,www.jumia/accueil.com,20,desktop,CMP0006,False,0.0
9f1df293-1a3e-4058-9174-415352548a37,2026-07-17T14:21:02.949470,ANON425fe16a,www.jumia/promo.com,63,mobile,,False,0.0
601259c2-8a29-4308-9619-8c9f8edd2271,2026-09-01T08:53:02.949470,ANON36a51113,www.jumia/promo.com,48,mobile,,False,0.0
977a758e-3cd4-4e6f-b324-4dacc28ba69f,2026-07-17T07:00:02.949470,CLI00191,www.jumia/panier.com,1,tablette,CMP0004,False,0.0
47b1e9d2-79e9-4b54-9887-f53b110e767c,2026-07-30T22:59:02.949470,CLI00164,www.jumia/produit/detail.com,141,tablette,,False,0.0
ed16d5e7-3f34-4ad8-a070-1adfbbb9a24a,2026-08-29T11:12:02.949470,CLI00053,www.jumia/produit/detail.com,6,tablette,,False,0.0
b1cc86a2-d6f5-42f2-bd03-78d128e4d390,2026-07-07T13:59:02.949470,ANONfa896f19,www.jumia/accueil.com,57,mobile,CMP0013,False,0.0
b36beb90-1c1c-4ebf-af3b-d66ecefba0e1,2026-08-11T12:42:02.949470,ANON076e9768,www.jumia/checkout.com,74,mobile,,False,0.0
1a89e420-43a8-41ec-ba43-fe005090eacb,2026-07-22T19:44:02.949470,CLI00354,www.jumia/panier.com,89,desktop,CMP0002,False,0.0
ebac53b5-1e11-4d1c-8a02-70a74a36cefd,2026-07-27T18:52:02.949470,ANONf5c1fd21,www.jumia/produit/detail.com,105,mobile,CMP0004,False,0.0
9443c566-2976-456a-95c0-c360796e08d8,2026-08-12T14:38:02.949470,ANONf11f1192,www.jumia/a-propos.com,26,desktop,CMP0011,False,0.0
4bb3e292-c337-449c-ba8a-16389f67297a,2026-08-06T13:01:02.949470,CLI00310,www.jumia/produit/detail.com,1,desktop,,False,0.0
23d1c140-d58d-41c9-bffc-10d95c15c1b5,2026-08-19T17:48:02.949470,CLI00048,www.jumia/a-propos.com,115,tablette,,False,0.0
5bd0eb60-a588-4b34-9fbb-f75fd90a2be9,2026-07-21T17:24:02.949470,ANON536fdd51,www.jumia/a-propos.com,69,mobile,CMP0013,False,0.0
8dfc4ecb-e970-4474-b896-b688596eb917,2026-08-12T00:19:02.949470,CLI00396,www.jumia/a-propos.com,162,desktop,,False,0.0
287a55fa-d2f8-495b-bcf4-a525310ba331,2026-08-05T19:59:02.949470,ANON559a5dd3,www.jumia/panier.com,155,mobile,CMP0007,False,0.0
1af1ef71-f5ae-44b6-9e15-cfc8d8850952,2026-08-31T02:20:02.949470,ANONdc82a44c,www.jumia/blog.com,166,desktop,CMP0010,False,0.0
0e876411-cde4-432c-b5de-d3e51d1ecca6,2026-07-12T06:27:02.949470,CLI00175,www.jumia/contact.com,59,tablette,,False,0.0
42d42efe-ac37-41ca-a501-d026a52da28e,2026-08-09T15:50:02.949470,CLI00453,www.jumia/a-propos.com,36,desktop,,False,0.0
0c35e852-7b50-4ccd-a6f0-0e91da867d6e,2026-08-15T11:22:02.949470,ANONc3cf21d0,www.jumia/a-propos.com,141,mobile,,False,0.0
227090c0-4974-49bc-8f57-623fc6297d57,2026-08-28T18:06:02.949470,CLI00224,www.jumia/contact.com,54,mobile,CMP0013,False,0.0
b5de6f1d-5e5f-4ae7-bf09-2c042275e9aa,2026-07-30T23:33:02.949470,CLI00247,www.jumia/produit/detail.com,18,tablette,,False,0.0
7949f8e4-d09e-432d-85eb-0d4340b4ba30,2026-08-11T23:55:02.949470,ANON69ff4dd9,www.jumia/confirmation-commande.com,173,mobile,CMP0004,True,225.08
bb1cd386-8439-47de-a80c-870f4841be2a,2026-08-25T12:57:02.949470,CLI00446,www.jumia/confirmation-commande.com,192,mobile,CMP0003,True,17.46
3ca0f3d9-16a2-4c48-94b2-78802f2e7955,2026-08-08T23:54:02.949470,ANON4822a302,www.jumia/blog.com,56,mobile,,False,0.0
f1d41759-8a2e-4225-a976-4c873ab7f5b1,2026-08-23T04:00:02.949470,CLI00390,www.jumia/checkout.com,7,tablette,CMP0007,False,0.0
d5fd05b9-91a7-47a1-b85a-d0fa788a1346,2026-07-05T21:26:02.949470,ANON9011dfb3,www.jumia/panier.com,44,desktop,,False,0.0
0f193b24-a3fa-421b-b421-bd296550fa31,2026-07-11T04:08:02.949470,CLI00007,www.jumia/promo.com,146,tablette,CMP0010,False,0.0
ef3e60c6-8db4-4c34-9de2-49e6c4f39ed0,2026-08-16T07:57:02.949470,CLI00069,www.jumia/blog.com,208,desktop,CMP0012,False,0.0
19c38e58-1fca-4a01-8d69-65490577aa12,2026-07-06T03:30:02.949470,CLI00430,www.jumia/accueil.com,20,tablette,,False,0.0
e6e95fc6-ec6d-421e-b7d0-4a48da3a71f7,2026-07-29T07:44:02.949470,ANON12847eef,www.jumia/accueil.com,6,mobile,CMP0008,False,0.0
6753c47a-07ff-4083-b38b-75f01f139226,2026-08-20T02:11:02.949470,ANONef950888,www.jumia/promo.com,188,mobile,CMP0012,False,0.0
116dbe80-a64e-4e6a-8394-3881d11cf423,2026-07-21T06:20:02.949470,CLI00083,www.jumia/checkout.com,44,mobile,CMP0010,False,0.0
c6a64c2e-1297-4bbc-b452-1df007b0ffcd,2026-07-11T12:46:02.949470,ANON1cf788a2,www.jumia/blog.com,70,mobile,CMP0001,False,0.0
14e95cd1-15fb-41de-8dcd-17e242b88e4e,2026-09-03T10:41:02.949470,CLI00205,www.jumia/checkout.com,309,tablette,CMP0011,False,0.0
d50adcab-2829-418f-ac5e-560889596105,2026-08-22T08:25:02.949470,CLI00224,www.jumia/produit/detail.com,6,desktop,,False,0.0
c26c2a28-3b65-4119-9215-0ba041844b38,2026-07-24T01:17:02.949470,CLI00294,www.jumia/confirmation-commande.com,94,mobile,CMP0006,True,80.06
54374861-f2b7-4403-9323-affd541523c1,2026-07-18T02:59:02.949470,CLI00076,www.jumia/panier.com,6,tablette,CMP0014,False,0.0
f87c93a3-c39d-459c-a581-6be6ba3664a4,2026-07-13T01:27:02.949470,ANON3686d78a,www.jumia/produits.com,42,mobile,,False,0.0
b2d5e277-c324-4264-a951-cabecfbd14f6,2026-08-16T13:48:02.949470,ANONc1f7c576,www.jumia/checkout.com,146,mobile,CMP0002,True,72.01
4b1b008e-eea4-484e-b806-8c3d147cc9a1,2026-07-30T05:49:02.949470,CLI00469,www.jumia/panier.com,51,desktop,,False,0.0
f85e7c17-3fad-4a58-ba12-60b803a13491,2026-07-17T09:02:02.949470,CLI00186,www.jumia/contact.com,528,desktop,,False,0.0
f32570bb-4f09-4149-8fbc-ba96632bf02e,2026-08-31T19:59:02.949470,CLI00129,www.jumia/promo.com,73,desktop,,False,0.0
64312bbb-3a35-47ca-9d12-70952784945b,2026-07-17T13:34:02.949470,ANON2e1fe7c9,www.jumia/produits.com,34,desktop,,False,0.0
a04beaa8-8d44-4cd5-828b-4aafeef665f8,2026-07-26T04:38:02.949470,CLI00045,www.jumia/contact.com,22,tablette,CMP0008,False,0.0
f7382780-86d1-46af-acf8-0983d9ec5422,2026-08-14T12:44:02.949470,CLI00452,www.jumia/produit/detail.com,38,desktop,CMP0012,False,0.0
fab73cc6-d201-407c-9caf-24160c9bdfbe,2026-08-10T02:00:02.949470,CLI00394,www.jumia/contact.com,41,mobile,CMP0013,False,0.0
061fa162-363f-4cd0-bd09-82f926490e91,2026-07-20T02:54:02.949470,ANON502bb69a,www.jumia/a-propos.com,6,desktop,CMP0006,False,0.0
c545c9fa-e1e5-4b60-9300-072374e39de1,2026-08-11T03:00:02.949470,CLI00448,www.jumia/checkout.com,41,desktop,CMP0001,False,0.0
ed72735a-ff77-4217-bb8e-9dde19424ada,2026-08-22T01:56:02.949470,CLI00287,www.jumia/promo.com,56,mobile,,False,0.0
e5997008-9311-427e-b866-dc2f03b6b138,2026-07-23T17:01:02.949470,CLI00362,www.jumia/checkout.com,115,mobile,CMP0009,True,18.45
180bdf81-4233-41a2-aa36-f17afe112e6c,2026-08-13T04:46:02.949470,ANON08bf4dec,www.jumia/confirmation-commande.com,96,desktop,CMP0006,True,152.29
7f05a794-aa73-4be0-8b15-bf300205a69f,2026-07-16T20:57:02.949470,CLI00400,www.jumia/promo.com,111,tablette,,False,0.0
e17ec2f2-07c4-4c91-a958-d5ec6c09725d,2026-07-06T20:09:02.949470,CLI00040,www.jumia/checkout.com,1,mobile,,False,0.0
62cc16cf-946f-4a3b-bc77-f42e38c8fa70,2026-07-25T10:26:02.949470,CLI00049,www.jumia/checkout.com,22,tablette,,True,158.98
804d1eda-3297-4eae-b89a-229af84e0b65,2026-07-22T02:45:02.949470,ANON37e94db9,www.jumia/produits.com,97,tablette,CMP0007,False,0.0
36a4498e-f676-4496-a15d-1b06bb2c4fae,2026-08-23T09:25:02.949470,ANON7cdd1a91,www.jumia/blog.com,59,desktop,,False,0.0
434116e1-2877-4180-99a4-b617c5ecd723,2026-09-01T08:26:02.949470,ANONa2f7953a,www.jumia/panier.com,1,desktop,CMP0011,False,0.0
876e92cb-c076-4c9e-9aa7-335ce8b019bb,2026-08-09T20:55:02.949470,ANONa83fdacc,www.jumia/produits.com,146,tablette,,False,0.0
9eef7e7e-bdf3-4229-a78a-cf5a4214950d,2026-07-29T11:19:02.949470,CLI00031,www.jumia/produit/detail.com,133,desktop,,False,0.0
5a2488b0-f184-4ebd-854d-5517c27698b6,2026-08-05T16:42:02.949470,CLI00265,www.jumia/checkout.com,71,tablette,CMP0002,False,0.0
77b4cb25-831c-46e5-a433-5db331c81242,2026-08-04T15:25:02.949470,CLI00149,www.jumia/panier.com,6,desktop,,False,0.0
e7bc238a-3390-4def-be38-6d25d8112a04,2026-08-01T07:34:02.949470,CLI00127,www.jumia/contact.com,130,desktop,CMP0001,False,0.0
b96eb186-ced2-4c63-9348-8723dfb24efa,2026-09-02T08:09:02.949470,CLI00248,www.jumia/contact.com,78,tablette,CMP0004,False,0.0
c75a45fe-9129-4091-9f26-d09c8fb0ddac,2026-07-18T19:24:02.949470,ANON1b01ed6e,www.jumia/produits.com,137,tablette,CMP0012,False,0.0
f0a0dffb-ecc7-4746-bc15-94bf28cb91dc,2026-09-02T22:43:02.949470,CLI00455,www.jumia/contact.com,125,tablette,,False,0.0
322c0f0d-6754-4e53-b5e0-449930349b16,2026-08-16T03:21:02.949470,ANON36135d7b,www.jumia/contact.com,146,tablette,CMP0001,False,0.0
1b07f4c6-5e2f-4f2a-a99d-8ac8d151883a,2026-08-16T10:59:02.949470,ANON0723980a,www.jumia/promo.com,65,mobile,CMP0009,False,0.0
17e1149d-f984-454f-a4ba-f4e43b5f3cf4,2026-07-30T10:20:02.949470,CLI00349,www.jumia/produit/detail.com,13,tablette,CMP0007,False,0.0
66bf9ce5-64c4-431a-b49c-763e787e3558,2026-08-07T17:11:02.949470,CLI00247,www.jumia/blog.com,100,mobile,,False,0.0
365270eb-71b9-4d3b-a161-b59f61edb0d4,2026-08-22T05:23:02.949470,CLI00012,www.jumia/checkout.com,87,mobile,,False,0.0
90e7f992-2d24-4ac3-ae00-bcc699ebb59c,2026-08-27T22:16:02.949470,ANON2e530044,www.jumia/a-propos.com,122,desktop,CMP0005,False,0.0
e0169662-a5dc-415e-8d79-a76b214105bf,2026-08-23T17:20:02.949470,CLI00371,www.jumia/contact.com,16,mobile,CMP0014,False,0.0
ce136b23-9d3e-41e7-9000-5d3e0358a42d,2026-08-01T06:45:02.949470,ANONf1a73ce3,www.jumia/blog.com,19,mobile,CMP0001,False,0.0
42874e78-bf2c-43ad-95ff-2db76e3deb57,2026-08-11T16:29:02.949470,CLI00484,www.jumia/promo.com,198,tablette,,False,0.0
2e31b944-6e02-4856-a8a1-d6fbbe217519,2026-07-17T11:25:02.949470,ANON19b305c2,www.jumia/promo.com,124,tablette,,False,0.0
b7ded7be-000e-4d7c-b576-90e929b43ba8,2026-09-03T00:03:02.949470,CLI00166,www.jumia/panier.com,214,mobile,CMP0003,False,0.0
60e5da1f-0ebc-4ea5-9133-625d6b05421e,2026-08-03T21:01:02.949470,ANONe9b91613,www.jumia/a-propos.com,127,desktop,,False,0.0
f6413d64-37e3-4514-9b0b-39cd8c99ddb7,2026-08-27T04:11:02.949470,ANON85b0513b,www.jumia/produit/detail.com,81,mobile,CMP0007,False,0.0
1f1199d2-88d2-4591-8c38-d184b528cee8,2026-07-19T17:16:02.949470,ANON9b371212,www.jumia/panier.com,95,mobile,CMP0011,False,0.0
54d97975-4c0a-447e-9e16-18127f2cb4d2,2026-08-18T01:52:02.949470,ANONaccff5fa,www.jumia/accueil.com,197,mobile,CMP0011,False,0.0
2c88e692-6df2-41dc-b12f-0ea0e2fc270b,2026-07-24T06:21:02.949470,CLI00195,www.jumia/promo.com,77,mobile,CMP0007,False,0.0
67d3b7ef-0b18-4731-a22e-79e70d8fbcf6,2026-07-10T13:53:02.949470,CLI00002,www.jumia/confirmation-commande.com,90,tablette,,True,88.66
0f31c1f2-01d9-4f15-929f-cc76f2f1a066,2026-08-07T23:49:02.949470,CLI00398,www.jumia/checkout.com,15,mobile,CMP0015,False,0.0
50daa65f-849d-4bf3-aa7c-61cb294ad273,2026-08-25T20:16:02.949470,ANON31e81f4a,www.jumia/produits.com,57,desktop,CMP0014,False,0.0
a24c86e0-d8e8-4bf9-a658-4789cf326051,2026-08-21T11:39:02.949470,ANON736fa3ff,www.jumia/accueil.com,113,desktop,CMP0009,False,0.0
25b8bd2a-2547-448b-9cc1-cb89c6ca6006,2026-08-15T07:13:02.949470,ANON46af2499,www.jumia/confirmation-commande.com,28,tablette,CMP0004,True,266.66
1e68b50a-f93e-406c-8514-860d296dc1e6,2026-08-11T19:38:02.949470,CLI00396,www.jumia/promo.com,20,tablette,CMP0014,False,0.0
f45e94da-d4c4-45c0-8166-89eb7d64623a,2026-08-16T23:29:02.949470,CLI00169,www.jumia/accueil.com,33,mobile,,False,0.0
127ddf09-9571-409d-86da-7ef5c7c6619a,2026-09-04T09:21:02.949470,CLI00307,www.jumia/produit/detail.com,24,desktop,CMP0008,False,0.0
180e9d6a-aad0-4600-baf0-df6b2228a6df,2026-08-15T03:34:02.949470,CLI00263,www.jumia/a-propos.com,21,mobile,CMP0001,False,0.0
9112d1c4-2e81-4952-a97b-19bdf5d1df6b,2026-08-08T15:29:02.949470,ANON73de433a,www.jumia/contact.com,49,mobile,,False,0.0
9811d905-126e-4f08-a9af-ebd97a06631a,2026-07-30T23:05:02.949470,ANON1e771a9e,www.jumia/checkout.com,214,tablette,CMP0007,False,0.0
f340a4ab-43b0-4246-95fe-4ef996e0a380,2026-07-25T19:14:02.949470,CLI00265,www.jumia/a-propos.com,63,tablette,,False,0.0
768bebe2-4daf-43b0-9bd3-2422739a5167,2026-08-12T05:08:02.949470,CLI00142,www.jumia/produits.com,18,mobile,CMP0011,False,0.0
7c714dd6-be75-4eb9-9e17-7426276da1ec,2026-08-01T11:32:02.949470,ANON6fa84630,www.jumia/promo.com,7,desktop,CMP0010,False,0.0
cd82f15a-5787-4ef9-ba50-90a141c215b2,2026-08-28T21:42:02.949470,CLI00068,www.jumia/accueil.com,107,tablette,,False,0.0
46aadd5e-56b1-4e25-b40c-ca3921d4768d,2026-07-08T10:40:02.949470,CLI00062,www.jumia/contact.com,43,mobile,,False,0.0
27c7909d-8c8f-459a-9b65-3be622ae58b5,2026-08-15T00:31:02.949470,ANON58125054,www.jumia/checkout.com,155,tablette,CMP0011,True,77.23
da0edb0c-f4e6-4e9b-9205-cec02ea5ad4f,2026-07-30T15:13:02.949470,CLI00268,www.jumia/contact.com,96,mobile,CMP0005,False,0.0
f6eeca7c-c0d4-49f6-98fe-95573b6d0f5f,2026-07-10T23:32:02.949470,CLI00339,www.jumia/produit/detail.com,143,desktop,,False,0.0
af868ff7-7d63-4e78-97e9-4fef211bf144,2026-07-16T16:28:02.949470,ANONac31ba9b,www.jumia/promo.com,28,mobile,CMP0007,False,0.0
ddef4de2-d4c1-46c1-a97a-23d60383f5b6,2026-09-03T22:46:02.949470,CLI00283,www.jumia/checkout.com,106,desktop,CMP0004,False,0.0
3e829260-8b4f-4fad-b8fc-1929bd8d4c49,2026-08-27T16:35:02.949470,ANONc1958619,www.jumia/contact.com,27,mobile,CMP0007,False,0.0
220472f0-e33a-478b-8dca-43f0e4cdda45,2026-07-14T03:47:02.949470,ANON7a8be275,www.jumia/checkout.com,251,tablette,CMP0003,True,116.14
05fa7182-a948-48c4-8653-d723be7a1151,2026-08-23T07:48:02.949470,ANON713adb8d,www.jumia/contact.com,91,desktop,CMP0002,False,0.0
991f5594-b79c-4b41-beeb-aefc0ef1b86f,2026-08-24T03:15:02.949470,ANON4ebd09ca,www.jumia/checkout.com,35,tablette,CMP0004,False,0.0
a7b8ca86-2058-4c07-9b7d-e04e103da7cb,2026-08-08T22:39:02.949470,ANON879a6b1d,www.jumia/contact.com,28,mobile,CMP0012,False,0.0
af56baa1-ad8f-4b1a-b268-ad6ec96e34e7,2026-08-08T05:49:02.949470,CLI00078,www.jumia/panier.com,19,mobile,,False,0.0
3ff11f04-ebb1-456f-ab76-44c182e91d11,2026-07-20T07:34:02.949470,CLI00398,www.jumia/promo.com,106,tablette,CMP0013,False,0.0
8b5da28d-9fed-4ed4-bd85-150beb24050e,2026-08-01T04:09:02.949470,ANON8e543e28,www.jumia/promo.com,22,desktop,CMP0006,False,0.0
aaaa9f6f-c245-44b4-ad7f-5ff9c32b361f,2026-09-02T16:29:02.949470,CLI00132,www.jumia/produit/detail.com,81,tablette,CMP0012,False,0.0
a245c5a8-65a5-400a-93cf-67970449f3b9,2026-08-08T06:43:02.949470,ANON49bf3c55,www.jumia/produit/detail.com,27,mobile,CMP0007,False,0.0
aeedbf95-f398-4d06-a8b9-7f67c7a99488,2026-07-30T07:57:02.949470,ANON1b6aa646,www.jumia/promo.com,97,tablette,CMP0008,False,0.0
a4872322-f11a-4149-b5aa-902c447b808c,2026-07-31T23:44:02.949470,CLI00303,www.jumia/promo.com,151,tablette,,False,0.0
eab823fd-2506-4310-98f3-16e9bb64c9ba,2026-08-26T23:09:02.949470,ANON55608144,www.jumia/a-propos.com,135,mobile,,False,0.0
ef4eb552-a3f1-4718-9c7e-1b6080a32f86,2026-07-19T05:20:02.949470,ANON62b4053b,www.jumia/blog.com,128,tablette,CMP0008,False,0.0
b6f35024-112e-46cc-8e58-157a3242564d,2026-08-07T09:17:02.949470,CLI00470,www.jumia/blog.com,18,mobile,CMP0010,False,0.0
4563d865-fe20-4ca0-9e9d-b670c1fd693b,2026-07-24T21:47:02.949470,CLI00486,www.jumia/checkout.com,8,mobile,CMP0003,False,0.0
77fe949e-78dc-4d95-9361-3dd18d3b2f11,2026-07-12T04:44:02.949470,ANON59c8e826,www.jumia/promo.com,108,mobile,,False,0.0
264606ae-5b9c-4caf-9616-40840f873c52,2026-07-14T22:57:02.949470,ANON233146f8,www.jumia/checkout.com,41,tablette,CMP0001,True,200.93
b5b3f9fa-215c-4fa2-9383-4700ef74de6c,2026-08-19T09:31:02.949470,ANON2375c940,www.jumia/produits.com,50,desktop,CMP0014,False,0.0
0260c462-f642-4d7a-8b04-ccc182f3716d,2026-08-22T15:14:02.949470,ANON1814396b,www.jumia/promo.com,2,mobile,CMP0001,False,0.0
3b8118ac-b79b-4e02-81d0-09443bcf0d41,2026-07-19T03:39:02.949470,ANONc6936fb1,www.jumia/contact.com,27,desktop,CMP0009,False,0.0
ba5d7472-a1ea-4b22-bab6-a71334a6b323,2026-07-15T15:25:02.949470,CLI00314,www.jumia/a-propos.com,3,desktop,CMP0003,False,0.0
cadc7c44-818f-4ee1-aec8-9ca1d0dd39de,2026-08-16T05:25:02.949470,CLI00381,www.jumia/produit/detail.com,190,desktop,,False,0.0
2028582d-babd-4029-b522-cc67042d68e4,2026-09-01T18:53:02.949470,ANON91435144,www.jumia/produit/detail.com,25,mobile,,False,0.0
e32a7ecd-18f4-4017-8d73-a4f28f1d7fd0,2026-08-07T23:46:02.949470,CLI00478,www.jumia/contact.com,73,desktop,CMP0004,False,0.0
d64cf88c-8f58-4d52-8f62-6acfc58b4170,2026-08-02T14:23:02.949470,ANON44aa8dda,www.jumia/promo.com,3,desktop,CMP0005,False,0.0
85fcdaec-3da5-4020-b05d-336628ff7d13,2026-07-14T13:24:02.949470,ANONa8418d04,www.jumia/accueil.com,98,tablette,,False,0.0
e18ccf46-631d-49e4-a0ba-1ddca7de0841,2026-08-29T05:57:02.949470,CLI00243,www.jumia/confirmation-commande.com,35,mobile,CMP0015,True,85.11
1ab9447a-c10a-4d95-a133-e76c0c8fa616,2026-08-03T13:58:02.949470,CLI00293,www.jumia/confirmation-commande.com,205,mobile,CMP0015,True,293.78
6f98b09d-bf48-4364-a2a9-21bc6cf107ac,2026-08-23T15:30:02.949470,ANONe7df7492,www.jumia/checkout.com,197,mobile,,False,0.0
6a6d3bf7-68a7-4506-b4dd-cf56187831ef,2026-07-25T02:22:02.949470,CLI00062,www.jumia/produit/detail.com,35,desktop,,False,0.0
7eec0c51-ac8e-4e85-b966-c22d8805cc19,2026-07-19T21:14:02.949470,ANONf828655f,www.jumia/blog.com,208,mobile,CMP0011,False,0.0
8c9f88ba-e904-4708-9420-836da5790cbe,2026-07-05T20:03:02.949470,ANON706c4a48,www.jumia/produits.com,500,desktop,CMP0004,False,0.0
ff7a67ca-0076-4fee-ba6d-9030ba818b14,2026-07-27T19:46:02.949470,ANON6e3d5333,www.jumia/produit/detail.com,157,mobile,CMP0013,False,0.0
f4797bc1-f64c-441a-82f5-90be3c48cf26,2026-07-15T16:53:02.949470,ANON2c149b8d,www.jumia/promo.com,167,tablette,,False,0.0
53a285be-594b-465f-9bef-6bbc355e3724,2026-08-20T21:09:02.949470,CLI00236,www.jumia/accueil.com,25,mobile,CMP0008,False,0.0
270cf26f-e1a2-484f-a1ce-5cb01ee02d65,2026-07-25T17:43:02.949470,ANON68a4d7d2,www.jumia/checkout.com,77,tablette,,True,142.84
4f610d64-af2c-47da-90da-b605f6209f5c,2026-08-12T19:21:02.949470,CLI00384,www.jumia/a-propos.com,6,desktop,CMP0007,False,0.0
daf0aabd-e62f-4ccc-b0f8-1f5854fa347a,2026-08-29T23:21:02.949470,ANONfe0c6b1e,www.jumia/accueil.com,8,tablette,CMP0002,False,0.0
6c0b6536-7437-47c7-99a2-495cf9d9cd4d,2026-08-28T09:58:02.949470,ANON893d5f22,www.jumia/produits.com,612,desktop,CMP0013,False,0.0
c0943233-466c-417c-88ed-c7b80b452792,2026-08-14T20:30:02.949470,ANON093de67d,www.jumia/confirmation-commande.com,35,tablette,,True,40.6
15bb0fe6-279b-4e40-8fa4-cbe2c9990d66,2026-07-21T15:42:02.949470,ANON9a64ba89,www.jumia/produits.com,124,desktop,,False,0.0
7c74795d-bcd7-46de-83c1-8ebcdfdd67bf,2026-07-28T06:44:02.949470,CLI00417,www.jumia/produits.com,147,tablette,,False,0.0
0c55fa00-51d2-4b5b-b78f-7d1747fedd24,2026-08-25T06:04:02.949470,CLI00041,www.jumia/produits.com,175,desktop,CMP0006,False,0.0
97b6412c-75af-4659-b96c-36a053c235c0,2026-09-01T08:48:02.949470,ANONb125ba7b,www.jumia/confirmation-commande.com,543,tablette,CMP0013,True,85.93
64668f6f-3b1e-45bd-992c-000cb5cc8cb3,2026-07-13T06:35:02.949470,ANON59328dfd,www.jumia/accueil.com,24,mobile,,False,0.0
69622f8c-0470-42fd-8977-f5663202579a,2026-07-23T19:09:02.949470,ANON6fc64062,www.jumia/checkout.com,3,desktop,CMP0014,False,0.0
edc40e3f-eecd-439a-919d-8c332a227662,2026-07-13T11:49:02.949470,ANON61416c03,www.jumia/panier.com,47,tablette,,False,0.0
b74829c3-1f67-4a41-9df3-54005914b6ad,2026-09-03T17:06:02.949470,ANONbc394dd5,www.jumia/accueil.com,12,tablette,CMP0002,False,0.0
320a733d-9738-4c6d-a2f3-2c5a1c94b745,2026-07-19T12:56:02.949470,ANON04f029de,www.jumia/accueil.com,2,mobile,CMP0003,False,0.0
065dea63-04f1-4262-bc49-448133796919,2026-08-07T06:30:02.949470,ANON28513501,www.jumia/checkout.com,40,tablette,,False,0.0
6cf739b7-a41c-42e7-baee-40678bcd55c3,2026-08-21T19:14:02.949470,CLI00201,www.jumia/confirmation-commande.com,137,tablette,CMP0009,True,59.87
f7cbf5ee-5af7-4c65-a0c5-86fc5ff0e02e,2026-07-26T21:29:02.949470,CLI00308,www.jumia/panier.com,75,mobile,CMP0012,False,0.0
c614e8d1-28e9-42a0-8e31-b0b125f6ba6c,2026-08-21T01:53:02.949470,CLI00029,www.jumia/panier.com,33,tablette,,False,0.0
619bbcc9-d31c-44cf-81da-2f94d00e77de,2026-08-04T03:48:02.949470,CLI00260,www.jumia/accueil.com,95,desktop,,False,0.0
3aef1ccd-084e-47e3-a28d-1d7520aea6d0,2026-08-05T20:04:02.949470,ANONff6ce333,www.jumia/contact.com,23,mobile,,False,0.0
5e003373-686e-4035-908c-79ff2357dd50,2026-08-12T23:34:02.949470,ANON23afce3e,www.jumia/promo.com,1,tablette,,False,0.0
168cf10f-1cf9-4034-b999-457f4e36f518,2026-08-13T21:06:02.949470,ANON108814d3,www.jumia/checkout.com,130,mobile,,False,0.0
4b0d0d82-0f55-4dde-9c2e-99cdfd9e286d,2026-07-11T01:15:02.949470,CLI00200,www.jumia/blog.com,87,mobile,,False,0.0
530c9106-7127-412d-a873-b8896509f087,2026-07-12T05:06:02.949470,ANONb3a804d7,www.jumia/confirmation-commande.com,129,desktop,CMP0006,True,61.46
b6f4d6ae-a03e-4aa4-b495-d94f29a33ba3,2026-07-21T00:14:02.949470,ANON30d6f0fd,www.jumia/accueil.com,3,desktop,CMP0010,False,0.0
8c3c6a7b-095c-4b5b-968a-cb5e439027ff,2026-08-04T16:15:02.949470,CLI00161,www.jumia/panier.com,163,tablette,,False,0.0
1bca3aad-3ce3-43d2-8a92-feab307cf375,2026-09-01T10:15:02.949470,ANON3b69b9a2,www.jumia/confirmation-commande.com,86,desktop,CMP0008,True,217.68
0959ce33-e8d0-402d-98f2-1a94a16c908d,2026-08-05T18:16:02.949470,CLI00273,www.jumia/produit/detail.com,74,tablette,,False,0.0
a63728fc-ffda-4203-90f0-568814887a77,2026-09-01T00:37:02.949470,CLI00382,www.jumia/produits.com,88,tablette,CMP0002,False,0.0
177fa0d3-b127-48bb-8399-f9bdec77575f,2026-08-11T05:18:02.949470,CLI00406,www.jumia/contact.com,179,desktop,CMP0005,False,0.0
e09e6995-de30-4407-b288-1e6897bbda3b,2026-07-31T23:27:02.949470,CLI00389,www.jumia/promo.com,79,desktop,CMP0004,False,0.0
c1d72089-7463-4517-9388-8172b883dbe5,2026-09-02T18:55:02.949470,CLI00197,www.jumia/produits.com,78,tablette,CMP0001,False,0.0
f03b2d92-3828-4f00-8ce7-9f7a39d0726a,2026-08-09T03:33:02.949470,ANON86e2273e,www.jumia/contact.com,420,mobile,CMP0008,False,0.0
7223f275-49f1-4d0d-a44d-d80b30ceb033,2026-07-19T07:05:02.949470,ANONdbd3cb60,www.jumia/accueil.com,127,desktop,CMP0006,False,0.0
0db4c5b3-69a9-4e86-a95e-045d41316b8e,2026-07-20T19:57:02.949470,ANON5512c68e,www.jumia/confirmation-commande.com,52,tablette,CMP0007,True,27.54
54e0f533-d3d2-466b-a115-999a46d93330,2026-08-08T14:37:02.949470,CLI00429,www.jumia/accueil.com,110,tablette,,False,0.0
7c8c9855-a895-4874-959a-bbeea69459ce,2026-08-09T12:39:02.949470,ANONccf53c40,www.jumia/promo.com,44,mobile,CMP0004,False,0.0
60dcdb55-c8a5-4d15-bca9-cc72bb1fc7b0,2026-07-15T20:23:02.949470,ANONf385ca30,www.jumia/produit/detail.com,23,desktop,,False,0.0
f26b15de-f1f8-40f9-8531-2645b6e3e6d9,2026-07-13T19:10:02.949470,ANON1af3dce6,www.jumia/contact.com,81,desktop,CMP0003,False,0.0
825eb173-1d4e-49b6-a616-c3e8a1d66ac5,2026-08-11T09:16:02.949470,ANON3ee9967d,www.jumia/promo.com,237,tablette,CMP0004,False,0.0
b2dcc3f2-9dec-464f-81f6-3dc0c862a861,2026-08-26T23:57:02.949470,ANONe65bebec,www.jumia/blog.com,238,mobile,CMP0010,False,0.0
1b75f3cc-a6f2-41c1-9c8c-0ffec4f03791,2026-07-14T08:54:02.949470,ANON965aa2fd,www.jumia/checkout.com,37,desktop,,False,0.0
aa52fa08-d5da-46b5-8819-c56c5b82de03,2026-08-26T03:12:02.949470,CLI00147,www.jumia/a-propos.com,67,tablette,CMP0003,False,0.0
f2353049-fa83-4156-9b33-de5becb67880,2026-07-24T16:50:02.949470,CLI00047,www.jumia/produits.com,21,tablette,,False,0.0
b598af69-4bf6-4904-8e68-406d8a4b3ac3,2026-07-07T15:07:02.949470,ANONd96beb40,www.jumia/confirmation-commande.com,488,tablette,CMP0009,True,194.34
cd32ec20-0645-4047-91ce-51c77174e292,2026-07-19T04:28:02.949470,CLI00170,www.jumia/blog.com,357,desktop,,False,0.0
a54f55f3-7fc2-41b0-b554-963c22495aac,2026-07-16T00:10:02.949470,CLI00064,www.jumia/contact.com,94,tablette,,False,0.0
78630582-b15c-496a-9a5c-128d4e7cb4a8,2026-08-05T19:52:02.949470,CLI00121,www.jumia/blog.com,146,mobile,,False,0.0
11e01c1c-f415-43a3-b47f-19faf6ad9673,2026-08-26T08:25:02.949470,CLI00230,www.jumia/accueil.com,113,desktop,CMP0009,False,0.0
47b65101-03d1-4c3f-b01d-a360436203f3,2026-08-03T14:41:02.949470,ANONe3f2e318,www.jumia/blog.com,80,mobile,,False,0.0
edce807f-87b8-433a-8b5d-456bdccaff6d,2026-07-14T00:54:02.949470,CLI00259,www.jumia/confirmation-commande.com,4,desktop,,True,22.74
95a3d64b-3369-4754-adff-3f45fcac2b9f,2026-07-18T15:32:02.949470,ANON240d3043,www.jumia/produits.com,54,desktop,CMP0004,False,0.0
3964bc90-2038-40a9-b6b1-cb9fa587bbff,2026-08-05T21:52:02.949470,CLI00293,www.jumia/accueil.com,101,desktop,CMP0006,False,0.0
eabeaf77-c6a2-4010-aa6d-b829f1596bc7,2026-07-13T23:48:02.949470,CLI00168,www.jumia/checkout.com,101,desktop,CMP0004,False,0.0
6de49a01-f97c-4f54-a976-f52b5ae70081,2026-07-09T16:56:02.949470,ANON01d44d9d,www.jumia/confirmation-commande.com,42,tablette,,True,75.93
8e686ba0-11e0-46ac-a737-545624880757,2026-08-26T05:16:02.949470,ANONaec1c464,www.jumia/promo.com,255,mobile,,False,0.0
240eaa40-c896-46fc-856e-6f737667eca7,2026-07-26T18:01:02.949470,ANON3d8092ea,www.jumia/a-propos.com,16,tablette,CMP0015,False,0.0
210d1fcf-9232-4e14-bbfa-31597b1c62bd,2026-08-11T11:57:02.949470,ANON2a5fed9a,www.jumia/blog.com,62,tablette,CMP0012,False,0.0
a916fa48-afaa-41b3-ace0-23000862071c,2026-07-19T07:53:02.949470,ANON0e90ba9a,www.jumia/panier.com,105,desktop,CMP0002,False,0.0
332bbf86-8a1e-45dc-a610-da6df6a84e87,2026-08-20T14:03:02.949470,ANONd91351f8,www.jumia/blog.com,107,tablette,CMP0011,False,0.0
7556cdb4-3bae-4ff4-bdd5-ff37d311d300,2026-07-06T06:15:02.949470,CLI00125,www.jumia/contact.com,94,desktop,CMP0013,False,0.0
7c63cf96-0be0-414d-8349-4639ed4df6e3,2026-08-26T17:37:02.949470,ANON3fda9309,www.jumia/produits.com,28,tablette,CMP0004,False,0.0
dd4feb42-f527-48a2-b8df-36a0b5f90d3b,2026-07-16T23:33:02.949470,CLI00124,www.jumia/panier.com,15,mobile,,False,0.0
6ad78ce3-2259-4068-b5ea-25f68fa90928,2026-08-28T23:16:02.949470,ANON7037b375,www.jumia/panier.com,90,tablette,,False,0.0
82992cba-a9e7-4577-ae22-359f54d11d4b,2026-07-14T01:08:02.949470,CLI00133,www.jumia/accueil.com,82,mobile,,False,0.0
12b24f0c-4e51-42e7-a48e-1ef99ea8c120,2026-08-30T12:30:02.949470,ANONcfea5aae,www.jumia/blog.com,17,desktop,CMP0004,False,0.0
804916d2-ac18-492c-8bc1-0ec3b3fc734b,2026-07-30T14:27:02.949470,CLI00225,www.jumia/contact.com,109,mobile,CMP0003,False,0.0
f030b54f-4cdb-4a0a-af38-dbaa14ac6434,2026-08-14T16:42:02.949470,ANONac30fd99,www.jumia/produit/detail.com,54,mobile,CMP0009,False,0.0
e52d2113-6a53-47de-8f9a-cda65152f775,2026-07-14T02:15:02.949470,CLI00353,www.jumia/accueil.com,99,mobile,CMP0010,False,0.0
95dd6c2b-cbb0-4f95-8636-0bbfdba29829,2026-08-02T13:44:02.949470,CLI00143,www.jumia/checkout.com,163,desktop,CMP0013,True,289.04
f29c700f-460c-4515-8e50-c6feac77cc7f,2026-08-16T21:10:02.949470,ANON0a7b7473,www.jumia/accueil.com,16,tablette,CMP0003,False,0.0
2b746037-ad98-4e4a-baba-9c6bb7777cb1,2026-08-05T05:24:02.949470,CLI00138,www.jumia/confirmation-commande.com,1,desktop,CMP0002,True,51.15
7b377021-e716-42e1-b028-0852296fc327,2026-07-09T08:52:02.949470,ANONcb8beb58,www.jumia/produits.com,135,mobile,CMP0012,False,0.0
c17c724c-7d2b-4b9a-9503-c881b33a5e75,2026-08-10T01:39:02.949470,ANON196bd318,www.jumia/checkout.com,84,mobile,CMP0012,False,0.0
79a12d56-6e13-4041-a82e-0b168c12466e,2026-08-17T22:43:02.949470,CLI00321,www.jumia/produit/detail.com,108,mobile,,False,0.0
4a0c69f0-3a81-4d5b-b982-3ceb1c98a03b,2026-08-06T09:01:02.949470,ANONfc3aa164,www.jumia/blog.com,163,tablette,CMP0004,False,0.0
135d275a-3929-4c17-8f1b-50bc5e7e6c47,2026-08-07T16:34:02.949470,CLI00153,www.jumia/contact.com,146,mobile,,False,0.0
205ce64d-12a5-41b9-b682-4f6004a42082,2026-09-03T08:32:02.949470,CLI00194,www.jumia/accueil.com,291,desktop,CMP0006,False,0.0
79c250b2-b882-4ad5-b265-77f97d8382b3,2026-08-14T04:42:02.949470,ANONd68bb276,www.jumia/produit/detail.com,69,tablette,,False,0.0
29aa585f-c8f7-48ba-aea2-443d57fece72,2026-07-23T21:18:02.949470,ANONc481a669,www.jumia/checkout.com,60,mobile,,False,0.0
0fc362d8-75c8-466c-870a-1d55b73bf02e,2026-09-01T09:49:02.949470,ANONae78bc9e,www.jumia/contact.com,46,desktop,CMP0011,False,0.0
b99890c0-92b9-412e-ab24-ba96c87b14a4,2026-08-06T23:59:02.949470,CLI00475,www.jumia/accueil.com,15,desktop,CMP0003,False,0.0
2b8adb63-76a4-4c34-a2c7-ffb47c4f5660,2026-08-27T23:32:02.949470,CLI00208,www.jumia/panier.com,76,tablette,,False,0.0
18a23395-a3b7-4f9f-917f-5db975d41a68,2026-08-17T06:12:02.949470,ANON02f478da,www.jumia/blog.com,29,desktop,,False,0.0
88e486c7-5596-43ee-aaf0-6da3f8c1194b,2026-09-04T08:18:02.949470,CLI00162,www.jumia/promo.com,228,desktop,CMP0010,False,0.0
58ff2bb6-67d9-44a5-9ae5-9489af84ccae,2026-08-16T12:45:02.949470,CLI00301,www.jumia/promo.com,78,tablette,CMP0015,False,0.0
9fe2b59e-b351-4e3c-8c78-c8274533184d,2026-08-06T18:08:02.949470,ANON4e3635db,www.jumia/promo.com,80,mobile,,False,0.0
bf9e6a3a-c1bf-4343-aa94-026dc63ca484,2026-07-22T14:30:02.949470,CLI00302,www.jumia/promo.com,39,desktop,,False,0.0
4d399569-18d5-42a8-801b-9da655e087f0,2026-08-27T04:32:02.949470,ANONfe7f9f45,www.jumia/panier.com,4,mobile,,False,0.0
a9588bd7-a01e-47dd-84b7-bbfb009f8012,2026-08-27T08:21:02.949470,CLI00066,www.jumia/produit/detail.com,2,tablette,,False,0.0
8b2d66e3-ae6b-41dd-9cd4-2a21960973a0,2026-07-20T12:48:02.949470,CLI00052,www.jumia/produit/detail.com,49,tablette,,False,0.0
6674065c-d88e-4bd2-acdc-daf2c477c29e,2026-08-10T13:17:02.949470,CLI00334,www.jumia/produits.com,7,tablette,,False,0.0
6e2b297f-058d-46c8-970d-3a062112a6ca,2026-08-29T21:53:02.949470,ANON45936978,www.jumia/confirmation-commande.com,84,mobile,,True,79.97
bb6e46d6-25c4-4595-92f9-b458324a571c,2026-07-06T16:36:02.949470,CLI00358,www.jumia/produit/detail.com,191,mobile,CMP0008,False,0.0
cdb7fcc3-e088-4907-9b55-b205d7f41b06,2026-09-02T01:24:02.949470,ANONf6cd9412,www.jumia/checkout.com,193,desktop,CMP0009,False,0.0
f3cc142e-aac7-4de7-a0b1-3adf91a46641,2026-07-17T14:42:02.949470,CLI00259,www.jumia/contact.com,96,mobile,CMP0012,False,0.0
824f759b-f3eb-4c40-80a1-6463d27f59fa,2026-08-29T11:21:02.949470,ANONf2a058f6,www.jumia/produit/detail.com,21,mobile,CMP0003,False,0.0
91a11958-a852-4f5d-bcd3-dd60072640f7,2026-08-03T11:13:02.949470,CLI00337,www.jumia/a-propos.com,178,desktop,CMP0008,False,0.0
f2a34a0b-b510-47a2-bb2b-39ef3de551ba,2026-07-10T07:05:02.949470,CLI00375,www.jumia/panier.com,195,tablette,CMP0012,False,0.0
c5253b86-0ab4-4d31-a056-179f65052aa9,2026-08-21T03:08:02.949470,CLI00240,www.jumia/promo.com,19,tablette,,False,0.0
c97f2b7d-5fac-4ece-8f6c-79547682f672,2026-08-09T02:57:02.949470,CLI00220,www.jumia/contact.com,120,tablette,CMP0011,False,0.0
2f07c175-70e1-4448-ae9f-322dd004f3f0,2026-07-23T13:21:02.949470,CLI00348,www.jumia/a-propos.com,30,mobile,,False,0.0
7066ac12-ed5f-4f55-8797-cea5a408c500,2026-07-06T14:26:02.949470,CLI00203,www.jumia/produits.com,146,mobile,,False,0.0
ba341995-5b58-4aa9-9bab-036ac0915cb1,2026-08-28T11:35:02.949470,CLI00197,www.jumia/blog.com,530,mobile,CMP0003,False,0.0
67bdc18b-f997-4ef8-a3e1-e394fc5a7363,2026-07-05T21:58:02.949470,CLI00231,www.jumia/a-propos.com,2,desktop,CMP0015,False,0.0
c3e44929-4457-49fa-b00a-c4105373c40d,2026-09-04T02:53:02.949470,CLI00205,www.jumia/confirmation-commande.com,204,desktop,CMP0015,True,108.42
e9d60d30-c3c0-4e79-8ebb-14747c44a2bb,2026-08-31T09:54:02.949470,CLI00221,www.jumia/checkout.com,87,tablette,CMP0003,True,29.91
eadb1221-9db3-435e-96c6-0b65c5809ef9,2026-08-03T05:05:02.949470,CLI00272,www.jumia/produit/detail.com,326,desktop,,False,0.0
a734da1e-bbe3-498a-ba47-2501e845c492,2026-08-17T19:54:02.949470,CLI00167,www.jumia/produits.com,56,mobile,CMP0007,False,0.0
ecb396be-bc85-4f04-9178-d5e8c7140fe6,2026-07-17T03:27:02.949470,ANON56d31151,www.jumia/promo.com,169,tablette,CMP0002,False,0.0
298ba5fe-98d1-4d60-8612-80da2e876b7c,2026-08-05T03:32:02.949470,ANONa0fe37dc,www.jumia/panier.com,5,tablette,CMP0014,False,0.0
3b892cbc-b32e-4700-9a2e-6e47b7b9d32d,2026-08-01T11:59:02.949470,CLI00163,www.jumia/contact.com,36,mobile,CMP0013,False,0.0
425ad972-2abe-46e5-b6f6-d763c5622514,2026-08-20T21:00:02.949470,CLI00024,www.jumia/promo.com,6,desktop,CMP0004,False,0.0
9ba449f3-f896-4306-924d-d5b104b59110,2026-08-26T02:41:02.949470,CLI00211,www.jumia/accueil.com,333,mobile,,False,0.0
ab8ee02b-7200-40e0-b918-778da092a60e,2026-07-08T16:53:02.949470,CLI00377,www.jumia/a-propos.com,152,mobile,,False,0.0
74c696c8-974f-46d5-b0b8-cba0f1eab4d0,2026-07-07T14:21:02.949470,ANONce440f07,www.jumia/panier.com,172,desktop,,False,0.0
b06969a2-05bd-425e-9e00-be3b710b60fc,2026-08-17T12:32:02.949470,ANON3fff7ced,www.jumia/promo.com,250,desktop,CMP0007,False,0.0
47858c98-a2dd-4c3a-9ff7-45aba88b6e2d,2026-08-13T10:27:02.949470,ANON82c43702,www.jumia/promo.com,8,desktop,,False,0.0
71acdf5d-1275-4090-b0a2-47e694ec2312,2026-07-14T02:53:02.949470,ANON24c42c81,www.jumia/produits.com,43,mobile,,False,0.0
fea92441-2c3c-4eb4-81af-061956d963e3,2026-07-29T07:11:02.949470,CLI00469,www.jumia/accueil.com,6,desktop,CMP0001,False,0.0
eff62349-1943-42b0-b87e-3d0de3f59e77,2026-07-19T06:20:02.949470,ANON3866a35d,www.jumia/contact.com,21,desktop,,False,0.0
d31eba0c-01c7-4323-a9c8-483037de64d7,2026-08-06T19:08:02.949470,ANON66d649e7,www.jumia/panier.com,23,tablette,CMP0011,False,0.0
8d97dec0-de11-4c30-bd93-9e3e1fb83861,2026-07-22T15:33:02.949470,ANONb6a0c14f,www.jumia/a-propos.com,56,mobile,,False,0.0
620693d4-b271-416d-8437-fa0e6b721ff8,2026-07-14T15:59:02.949470,ANON3dd48df6,www.jumia/checkout.com,28,mobile,CMP0012,True,263.5
88a28b35-8fee-4ded-8b56-2101ea22be74,2026-08-26T01:37:02.949470,ANON115f1b26,www.jumia/produit/detail.com,9,desktop,CMP0009,False,0.0
56a04c70-82e7-437c-b2be-961497baa7b8,2026-08-08T03:11:02.949470,CLI00098,www.jumia/checkout.com,16,tablette,,True,79.8
885ce1bc-ab29-4005-8da3-54f9ac51eec1,2026-08-22T09:14:02.949470,CLI00236,www.jumia/confirmation-commande.com,14,mobile,CMP0005,True,188.75
f9307228-7187-46ca-bc4c-f258b6894cdd,2026-08-17T03:36:02.949470,ANON7f03f69a,www.jumia/a-propos.com,325,tablette,CMP0007,False,0.0
c2804817-9909-4395-9d84-1a01f06c4f74,2026-07-16T00:32:02.949470,ANONac72f871,www.jumia/promo.com,128,desktop,CMP0013,False,0.0
56a98029-763d-4ca9-ba8d-39299cab4891,2026-08-25T15:05:02.949470,ANON97184a05,www.jumia/checkout.com,309,mobile,,True,134.78
22de7be3-ba7d-4633-a34e-9ab2d93db91e,2026-08-16T01:42:02.949470,CLI00378,www.jumia/confirmation-commande.com,52,desktop,,True,220.93
311889b3-b552-49ae-aa87-79ce5939a0ed,2026-08-20T14:20:02.949470,CLI00247,www.jumia/checkout.com,29,mobile,CMP0008,False,0.0
fc393335-2331-4618-b09b-88b5ca7a01ad,2026-07-12T08:44:02.949470,CLI00094,www.jumia/promo.com,144,mobile,,False,0.0
731f174a-b2cf-4938-86d8-9fcb37bf0ab7,2026-08-17T15:30:02.949470,CLI00416,www.jumia/a-propos.com,35,mobile,,False,0.0
43b7c118-b91d-47c9-bbee-2d8ab65f6faf,2026-08-04T12:04:02.949470,CLI00196,www.jumia/confirmation-commande.com,32,tablette,CMP0013,True,249.19
59c89d8c-1f8e-438b-9059-c8e85d3c0d2b,2026-07-25T08:11:02.949470,CLI00216,www.jumia/produit/detail.com,23,mobile,CMP0014,False,0.0
f1e1c425-48d1-4ac0-96ff-b4bcfebe2257,2026-07-14T09:18:02.949470,CLI00231,www.jumia/promo.com,12,tablette,CMP0011,False,0.0
c7568265-3274-4b5f-be38-9be41bc89010,2026-09-04T12:33:02.949470,ANON24778850,www.jumia/panier.com,26,desktop,,False,0.0
de558979-f2e1-4e76-aa31-8ea1dc8b14e4,2026-08-18T12:35:02.949470,ANON57ca8303,www.jumia/blog.com,39,desktop,CMP0014,False,0.0
a2049f5d-d817-4b2f-b4da-1bb3e6905149,2026-08-27T03:27:02.949470,CLI00327,www.jumia/contact.com,100,mobile,,False,0.0
32cfda73-2551-4c0a-854b-b0b422b4f8c8,2026-08-17T11:49:02.949470,ANON1ff24da5,www.jumia/promo.com,5,desktop,,False,0.0
5ec4dabf-6ae3-4029-bbfa-28f22198c763,2026-08-20T02:36:02.949470,CLI00255,www.jumia/confirmation-commande.com,21,tablette,,True,104.45
f542d655-3b95-42e5-9878-e6f8c8df8363,2026-08-07T21:24:02.949470,CLI00320,www.jumia/accueil.com,149,desktop,,False,0.0
c26757e2-e072-41e8-a1fd-099514248aa6,2026-08-22T01:01:02.949470,ANON317a9005,www.jumia/confirmation-commande.com,14,mobile,CMP0006,True,155.82
7a569d99-1bcd-43ec-90ec-d82e3ad69d4e,2026-08-10T12:51:02.949470,ANONd8cbb0f7,www.jumia/blog.com,37,mobile,CMP0010,False,0.0
9456df14-0404-47c1-8504-4e881f8493b2,2026-07-31T11:45:02.949470,CLI00211,www.jumia/panier.com,179,tablette,CMP0009,False,0.0
382cdc85-760a-4b8a-a60e-dc10bd5bd877,2026-07-06T22:33:02.949470,CLI00078,www.jumia/panier.com,15,tablette,,False,0.0
a2d57d1c-c673-4bc7-af7c-2b2ac3b7f829,2026-07-31T15:38:02.949470,ANON606fdbec,www.jumia/promo.com,7,mobile,CMP0015,False,0.0
a21d5958-5b7e-43ec-9e4b-f27e45305268,2026-08-15T05:19:02.949470,ANON3c2d1e7f,www.jumia/produits.com,59,mobile,CMP0015,False,0.0
2f3f67b1-7b6d-4d10-b786-8ca9882e3125,2026-09-03T13:13:02.949470,CLI00199,www.jumia/produits.com,32,tablette,,False,0.0
e530ff8a-837b-486b-9076-433a4c47f17e,2026-08-23T23:24:02.949470,ANON1d1f8c7e,www.jumia/contact.com,74,mobile,,False,0.0
d66740d3-1614-4cae-b726-8c4bd4111dca,2026-09-02T06:56:02.949470,ANON6831face,www.jumia/promo.com,146,mobile,,False,0.0
901ef1e6-351a-4dd3-8cfd-7ee84de7514a,2026-08-29T21:35:02.949470,CLI00400,www.jumia/produit/detail.com,13,tablette,CMP0003,False,0.0
874f9b15-e4ad-4c96-a169-357c4ed1a415,2026-08-09T22:56:02.949470,CLI00141,www.jumia/a-propos.com,78,tablette,CMP0015,False,0.0
181796d0-b99d-4a16-ab7f-f9fd54d8d560,2026-09-03T08:14:02.949470,CLI00024,www.jumia/panier.com,63,tablette,CMP0015,False,0.0
6be1daeb-ccbd-485b-ac1b-3c2b2a63d14a,2026-07-25T19:58:02.949470,CLI00212,www.jumia/a-propos.com,14,tablette,CMP0008,False,0.0
722e6c65-e0c8-498e-8409-1ccc279c499f,2026-08-30T01:44:02.949470,CLI00410,www.jumia/contact.com,88,desktop,CMP0012,False,0.0
95595be4-a10a-4658-bdb5-17a7f2ae9ddc,2026-07-21T17:38:02.949470,ANONadc82a15,www.jumia/panier.com,28,mobile,,False,0.0
6ac9c284-b216-4597-a5aa-aa5bd93729eb,2026-07-26T04:53:02.949470,ANONf6111086,www.jumia/confirmation-commande.com,60,mobile,,True,140.39
de5f110a-8de2-41c4-9b41-766a25040b34,2026-07-27T23:13:02.949470,ANON8672708e,www.jumia/panier.com,7,tablette,CMP0008,False,0.0
05a95b48-f094-4a6e-a04c-edb4ff0c6e9a,2026-07-23T17:24:02.949470,CLI00261,www.jumia/a-propos.com,55,mobile,CMP0001,False,0.0
50288622-75ec-40c1-b435-0edcdcbc3c6f,2026-07-11T20:51:02.949470,CLI00027,www.jumia/produits.com,32,mobile,CMP0015,False,0.0
813e68f6-baf9-42c6-9f37-a0bb63762b54,2026-09-03T02:13:02.949470,ANON2a9775a8,www.jumia/panier.com,155,desktop,,False,0.0
cb0e2a80-265a-401f-aa44-53604240cd0e,2026-08-09T08:39:02.949470,CLI00479,www.jumia/a-propos.com,5,tablette,CMP0013,False,0.0
8a879692-b73b-47a6-854a-dc70894192a3,2026-07-10T17:34:02.949470,ANON4002a013,www.jumia/contact.com,48,tablette,CMP0008,False,0.0
746e1067-881e-4829-a621-c214d86efe89,2026-08-03T11:35:02.949470,CLI00328,www.jumia/checkout.com,55,tablette,,False,0.0
8beff5a4-53eb-4aa2-b80e-83772893812d,2026-07-23T05:59:02.949470,CLI00243,www.jumia/promo.com,116,desktop,CMP0005,False,0.0
849387c7-fdc7-4765-bb0b-9d7b1b3ceb5e,2026-07-07T02:24:02.949470,ANON93d3d34f,www.jumia/blog.com,76,desktop,,False,0.0
122b1bb9-e20b-406e-93e6-684e3314127c,2026-08-26T18:36:02.949470,ANON8af7ddec,www.jumia/contact.com,99,mobile,CMP0003,False,0.0
2f2e1944-d649-4c07-9933-c843f1c0449e,2026-08-23T10:04:02.949470,ANON99196471,www.jumia/confirmation-commande.com,135,desktop,,True,180.95
20d540c3-b83b-4283-8e18-778b008a7aee,2026-07-29T09:17:02.949470,ANON4443adc7,www.jumia/produit/detail.com,178,tablette,,False,0.0
46c10586-8a92-42d4-bedc-2ef59bbf0041,2026-08-03T01:38:02.949470,ANON85c4ea06,www.jumia/panier.com,33,tablette,CMP0009,False,0.0
3a7d873f-77d2-494a-84ba-9bde19b8baeb,2026-07-07T23:08:02.949470,CLI00189,www.jumia/checkout.com,69,mobile,,False,0.0
2c22f82b-cfab-4586-98ec-196dd2236c24,2026-07-19T23:51:02.949470,ANON0ae8c3a0,www.jumia/confirmation-commande.com,164,desktop,CMP0014,True,34.66
83ec5b47-be21-4287-9e1b-3968e054a4fa,2026-08-15T17:48:02.949470,CLI00200,www.jumia/accueil.com,409,desktop,CMP0010,False,0.0
d74dbfe8-6909-4b90-ace4-48e694da0d2c,2026-09-02T00:51:02.949470,ANON406307ed,www.jumia/checkout.com,198,tablette,CMP0007,False,0.0
f542e3a9-64f5-4b20-9bb2-6df12c2887c9,2026-07-13T06:19:02.949470,CLI00146,www.jumia/produits.com,41,tablette,,False,0.0
6be4d4e0-3caa-4fe6-b6f4-7ba506e753f4,2026-08-06T03:19:02.949470,ANON39021164,www.jumia/produits.com,19,desktop,,False,0.0
f1bb1cbd-6ad1-4827-bde3-e10f3ef3b045,2026-07-10T08:32:02.949470,ANONc2265f4e,www.jumia/produits.com,60,tablette,CMP0003,False,0.0
8952066c-7c51-4fe2-b0ac-f192d0654c59,2026-08-16T21:57:02.949470,ANON519406b2,www.jumia/checkout.com,121,mobile,CMP0002,False,0.0
2c9e03b2-d654-4fb4-865d-59c4484dfc7c,2026-07-20T04:25:02.949470,CLI00456,www.jumia/accueil.com,61,tablette,CMP0008,False,0.0
21c78baf-093f-444b-b786-49751148a079,2026-08-12T03:24:02.949470,CLI00231,www.jumia/checkout.com,59,tablette,CMP0012,True,298.92
3732aeb1-19ae-4e0e-80cf-5a4d5211870e,2026-08-26T18:27:02.949470,CLI00327,www.jumia/panier.com,163,mobile,CMP0007,False,0.0
bfe8fd42-c2e7-4757-b919-68b634c16590,2026-08-23T19:23:02.949470,ANON095e3313,www.jumia/accueil.com,40,tablette,CMP0014,False,0.0
02564d72-2a1f-4391-abd1-37c86c54b613,2026-08-21T15:09:02.949470,CLI00286,www.jumia/panier.com,176,desktop,CMP0014,False,0.0
07f95a0a-4b63-41cd-8af7-e73d96cce3ac,2026-07-30T09:01:02.949470,CLI00213,www.jumia/blog.com,47,desktop,CMP0012,False,0.0
fbb9e2dd-e7e9-4e0e-a571-ef7878694a7d,2026-09-03T20:32:02.949470,ANON6e19aa37,www.jumia/panier.com,35,desktop,CMP0006,False,0.0
43ee7495-bdd7-404d-b577-36f50463fc47,2026-07-16T19:40:02.949470,ANON5aa7e791,www.jumia/produit/detail.com,54,tablette,,False,0.0
e79099ea-6dab-44e8-acb0-4bcfd1340213,2026-08-19T01:49:02.949470,CLI00038,www.jumia/panier.com,129,tablette,,False,0.0
e6db6ce9-895c-4feb-a2b6-10d7aa2ade67,2026-08-03T08:07:02.949470,CLI00317,www.jumia/accueil.com,12,mobile,CMP0007,False,0.0
b70eac80-0ea6-4b5d-a154-663de0ac4e0d,2026-08-05T09:11:02.949470,ANON9fe2768a,www.jumia/checkout.com,19,mobile,CMP0003,False,0.0
706f698a-8b3e-472e-a102-311c0f8090e7,2026-07-23T03:33:02.949470,CLI00398,www.jumia/confirmation-commande.com,272,desktop,,True,32.86
931f26aa-a434-47c7-b4b5-4f3973e66dca,2026-08-29T07:30:02.949470,CLI00445,www.jumia/blog.com,17,mobile,CMP0015,False,0.0
6451b46a-e640-4fda-b9bb-b63cc3addff4,2026-07-13T11:56:02.949470,CLI00112,www.jumia/produits.com,75,tablette,CMP0013,False,0.0
772aa8f6-e673-48d6-abb5-7b6e54111f6f,2026-08-12T06:19:02.949470,CLI00314,www.jumia/confirmation-commande.com,77,mobile,,True,116.46
5f2a8bbf-68a7-425c-980e-b5aa55e48d51,2026-08-15T00:03:02.949470,CLI00451,www.jumia/checkout.com,60,desktop,,False,0.0
800d3e7d-f54c-4a27-8afb-8ba57344d3b6,2026-08-12T19:33:02.949470,ANON2a7136ab,www.jumia/a-propos.com,93,desktop,CMP0014,False,0.0
8ae1a2fd-507c-452d-a8a9-01fb9138c2c8,2026-07-06T00:19:02.949470,CLI00374,www.jumia/panier.com,23,desktop,,False,0.0
26d422be-86f6-4d73-959c-27d329c6ae99,2026-08-24T04:31:02.949470,ANONf75a6781,www.jumia/blog.com,72,desktop,,False,0.0
4cbcc43b-e9f0-4efb-8e09-6d42ea1f5ed0,2026-07-15T00:06:02.949470,CLI00001,www.jumia/checkout.com,41,mobile,,False,0.0
cbd28a6e-0129-4790-a05c-5351cbb24518,2026-07-19T20:48:02.949470,CLI00375,www.jumia/produits.com,97,desktop,,False,0.0
fc04ec7d-660d-4ca4-8892-f3e20affa9df,2026-08-18T09:50:02.949470,CLI00048,www.jumia/produits.com,13,desktop,CMP0004,False,0.0
e8d33642-b2fe-4395-b09b-4571c3248e52,2026-08-19T13:01:02.949470,ANONf6528140,www.jumia/confirmation-commande.com,76,mobile,CMP0008,True,75.89
b0d9def2-87ca-41bc-98ad-8c4a47566391,2026-08-30T16:32:02.949470,CLI00125,www.jumia/contact.com,18,desktop,CMP0010,False,0.0
563f1745-51f6-4109-ab8e-165633d12bda,2026-08-16T07:59:02.949470,CLI00271,www.jumia/confirmation-commande.com,29,mobile,CMP0004,True,158.08
c1003a7a-75b1-4d28-a748-adbbbf72402d,2026-07-12T18:16:02.949470,CLI00106,www.jumia/promo.com,22,mobile,CMP0004,False,0.0
40d0fe7a-2a95-4f4a-8b00-e400fbf390cb,2026-07-25T20:36:02.949470,CLI00212,www.jumia/produit/detail.com,18,tablette,CMP0007,False,0.0
fb75010e-4d1e-47fd-8e38-2402ec739a60,2026-07-11T19:03:02.949470,CLI00234,www.jumia/produits.com,157,mobile,,False,0.0
8545bcb8-0502-48e0-a8ee-1526c6d335d2,2026-08-14T15:57:02.949470,CLI00155,www.jumia/produit/detail.com,30,desktop,,False,0.0
36786e8c-1043-4c85-8631-b2f81d8b25c1,2026-08-23T09:25:02.949470,CLI00429,www.jumia/accueil.com,235,mobile,CMP0011,False,0.0
0ca7c24e-8c44-4232-a4d7-f92dda70c447,2026-08-30T08:24:02.949470,CLI00415,www.jumia/produits.com,315,desktop,CMP0004,False,0.0
b886341f-7f59-4cea-be43-e128a03611e9,2026-09-04T02:43:02.949470,CLI00207,www.jumia/accueil.com,76,mobile,,False,0.0
f6a8ee40-1149-4106-ad1e-8b13ef7d1631,2026-07-17T00:35:02.949470,CLI00172,www.jumia/confirmation-commande.com,13,mobile,CMP0009,True,274.34
a7215b92-cf87-4543-ab02-a67379724c9d,2026-08-18T05:30:02.949470,CLI00380,www.jumia/produits.com,42,mobile,,False,0.0
1066c0ae-906d-4dcc-b29f-644a77fb12b7,2026-07-23T22:33:02.949470,CLI00162,www.jumia/produits.com,143,desktop,CMP0008,False,0.0
9f05adfe-beef-409e-a664-69d058a43911,2026-07-26T18:09:02.949470,CLI00441,www.jumia/blog.com,41,desktop,CMP0001,False,0.0
db079295-99d3-4afd-bb3a-4c923148827e,2026-09-01T01:45:02.949470,CLI00066,www.jumia/produit/detail.com,8,mobile,,False,0.0
351e640e-0b4b-45fd-b963-c66f5f9b7cdf,2026-07-22T19:34:02.949470,CLI00301,www.jumia/produit/detail.com,73,mobile,,False,0.0
9a709049-f6e9-4deb-a617-c0edae867490,2026-08-16T23:35:02.949470,ANONd6abc36f,www.jumia/produits.com,167,tablette,CMP0003,False,0.0
0a438a6c-28be-4f26-9b13-d5dc20439e49,2026-08-22T14:20:02.949470,CLI00107,www.jumia/checkout.com,143,mobile,CMP0002,False,0.0
35a36af2-acb5-44d1-a246-583edc0ee292,2026-07-20T12:38:02.949470,CLI00093,www.jumia/a-propos.com,17,desktop,CMP0011,False,0.0
e80762e4-704e-4736-ad2c-b8a3d95e3762,2026-07-13T00:42:02.949470,CLI00427,www.jumia/blog.com,100,tablette,CMP0010,False,0.0
52015c54-bd57-495f-b5b8-06ea0ae12ac8,2026-07-24T04:40:02.949470,CLI00153,www.jumia/checkout.com,22,desktop,CMP0003,False,0.0
4d6745a1-4061-4fb3-a616-a242d77149bb,2026-08-24T18:43:02.949470,CLI00099,www.jumia/checkout.com,22,tablette,CMP0009,True,30.53
a32dac95-b4e3-4ffe-b6c5-76f46d867268,2026-09-04T05:47:02.949470,ANON69902425,www.jumia/contact.com,186,tablette,CMP0008,False,0.0
863db9a7-7510-46d8-bfdf-520d7de3e1f7,2026-09-01T01:49:02.949470,ANONc9f71e23,www.jumia/confirmation-commande.com,25,desktop,,True,65.54
08fef691-b0a8-4055-8582-f65ea8bde1a0,2026-08-28T01:54:02.949470,CLI00353,www.jumia/produit/detail.com,27,desktop,CMP0013,False,0.0
fa0fcc89-888f-48df-a7ba-061cd3cc3f96,2026-07-31T06:24:02.949470,CLI00250,www.jumia/blog.com,1,mobile,CMP0014,False,0.0
7ff453c0-ac8a-4db7-b5b9-3921a4d74bbe,2026-07-29T02:27:02.949470,CLI00470,www.jumia/blog.com,184,desktop,,False,0.0
3cf8ffe0-f185-4c2b-9f32-c744cbdd7fd6,2026-07-24T21:49:02.949470,CLI00208,www.jumia/promo.com,141,tablette,CMP0006,False,0.0
1ebaa546-8aa0-4325-930f-8e8981197eaf,2026-07-28T23:50:02.949470,ANONa242cfda,www.jumia/checkout.com,88,desktop,,False,0.0
62f9c5c3-a3cf-4abe-a6d0-3ff19ddc529f,2026-08-02T17:52:02.949470,CLI00288,www.jumia/promo.com,124,tablette,,False,0.0
9357bd6d-f169-4fe1-b761-9a8ae9db5ae9,2026-08-19T17:31:02.949470,ANON5fcdde4e,www.jumia/promo.com,14,tablette,CMP0013,False,0.0
d89b5bda-bcf2-41de-9e14-67863f5cdc1f,2026-08-31T05:19:02.949470,CLI00467,www.jumia/blog.com,55,desktop,CMP0005,False,0.0
208d8055-dbf4-46ab-90c2-ffd7a84f0246,2026-09-03T12:41:02.949470,CLI00081,www.jumia/contact.com,38,tablette,CMP0006,False,0.0
12165865-de0d-4bd8-aa73-9dfaca7c68eb,2026-08-19T07:44:02.949470,CLI00115,www.jumia/confirmation-commande.com,8,tablette,,True,92.36
0c04018c-4021-424c-9e07-22db4be6d083,2026-07-24T08:07:02.949470,CLI00343,www.jumia/promo.com,59,mobile,CMP0012,False,0.0
5a9be2ef-723a-4f5f-b4f1-4d5ff46c9280,2026-07-31T21:57:02.949470,CLI00290,www.jumia/contact.com,228,tablette,,False,0.0
cf65e685-27c9-41cf-8b9e-f04b31db9c06,2026-08-15T02:11:02.949470,ANONca63a461,www.jumia/a-propos.com,3,tablette,,False,0.0
e69d72db-64b6-4050-acf3-6a1ae63069f8,2026-07-10T07:38:02.949470,ANON4650cc9e,www.jumia/a-propos.com,31,mobile,CMP0004,False,0.0
e974a0cc-8692-42eb-9a5a-6fcae3e1b960,2026-07-12T07:29:02.949470,ANONe68c928a,www.jumia/contact.com,20,mobile,,False,0.0
a85af0a5-05eb-4181-9a9a-1b0c5496ed88,2026-07-07T01:33:02.949470,CLI00195,www.jumia/accueil.com,24,desktop,CMP0004,False,0.0
08ca204d-859e-4c18-91ad-0fd6fa6587a1,2026-08-19T00:21:02.949470,CLI00049,www.jumia/checkout.com,215,desktop,,False,0.0
f3b44577-18d4-4f0d-82f5-0745ced50df7,2026-08-27T10:07:02.949470,CLI00459,www.jumia/produit/detail.com,56,desktop,,False,0.0
db6d4c3d-215b-4d4e-bfcd-9c2e0b3dbf7d,2026-08-21T03:08:02.949470,ANON0b524c94,www.jumia/checkout.com,56,mobile,CMP0003,False,0.0
e0f2b239-80dc-4a46-96ed-38344fc5e1a6,2026-08-12T04:22:02.949470,CLI00166,www.jumia/checkout.com,128,tablette,,False,0.0
7ade0f0c-52ed-40c4-982d-26ab4ed8af73,2026-08-12T14:42:02.949470,CLI00385,www.jumia/blog.com,15,mobile,CMP0012,False,0.0
64b44855-c4a3-4103-91a1-6053c43a54ac,2026-09-02T01:10:02.949470,ANON57aeaa09,www.jumia/promo.com,60,tablette,CMP0003,False,0.0
03870446-e7b0-4660-9b43-2913a13eaa36,2026-08-15T03:32:02.949470,ANON3959d9d8,www.jumia/a-propos.com,50,tablette,CMP0014,False,0.0
7cc322ac-aa54-4ed9-877d-b6e776d97c21,2026-07-11T15:39:02.949470,ANON82907ca7,www.jumia/blog.com,81,tablette,CMP0007,False,0.0
b0d93ad3-9cf1-4782-9fb3-3b18809007db,2026-07-24T13:01:02.949470,CLI00345,www.jumia/accueil.com,695,desktop,CMP0007,False,0.0
92ad8512-aeca-4001-a3f6-c115bdb49618,2026-08-18T11:46:02.949470,ANON4cb2432e,www.jumia/accueil.com,132,mobile,CMP0004,False,0.0
c45ff6f2-3011-4d5c-8966-991d61fb63a1,2026-07-29T21:42:02.949470,ANONf41be8e5,www.jumia/produits.com,45,desktop,CMP0013,False,0.0
016f6fd9-5a6b-4ef2-81b7-170e8fed09b4,2026-08-24T16:47:02.949470,ANON5fe5f976,www.jumia/accueil.com,158,mobile,CMP0005,False,0.0
c29312fc-64ab-4dda-af6c-43073215c506,2026-07-18T01:46:02.949470,CLI00470,www.jumia/blog.com,16,desktop,CMP0005,False,0.0
8ecfbc72-edc1-4df2-8ec6-670c8e14f36a,2026-08-17T01:15:02.949470,CLI00024,www.jumia/promo.com,2,tablette,CMP0013,False,0.0
79b6aef8-f634-4460-8e17-f75bc4b87619,2026-08-26T16:48:02.949470,ANONc23975e8,www.jumia/blog.com,20,desktop,CMP0001,False,0.0
df162eb4-1d5d-42e0-a355-c18796cfa035,2026-08-13T00:34:02.949470,ANONf6948231,www.jumia/produits.com,37,mobile,CMP0005,False,0.0
1ccdf218-ae90-4f1e-ad0f-28e96c941616,2026-07-30T18:50:02.949470,ANON849a6e06,www.jumia/produits.com,64,mobile,CMP0012,False,0.0
07872c1f-bb79-4cd6-8588-0993f4e1a8ae,2026-07-09T04:13:02.949470,CLI00467,www.jumia/accueil.com,85,mobile,,False,0.0
fe0ed1c4-39c6-4c47-b13a-ed7393fe5d8b,2026-08-08T12:25:02.949470,ANON3bd70951,www.jumia/produits.com,217,desktop,,False,0.0
f682a1bf-6393-4f54-ba81-30ac4344e294,2026-09-02T11:34:02.949470,CLI00318,www.jumia/promo.com,64,mobile,,False,0.0
4eefa960-206e-4c50-a8a7-c4b4565c6d3d,2026-07-21T03:41:02.949470,ANON9a1385f2,www.jumia/checkout.com,62,tablette,CMP0014,False,0.0
9af266f6-8914-4445-81aa-1d5d5b66642b,2026-09-03T04:51:02.949470,CLI00031,www.jumia/panier.com,4,desktop,CMP0015,False,0.0
80fd4e72-2399-4aca-900f-8b5fb55b6703,2026-07-17T20:59:02.949470,ANONee8579de,www.jumia/produits.com,3,desktop,CMP0008,False,0.0
7936bfa1-2ff6-4361-8643-3ca803a93887,2026-08-28T12:38:02.949470,CLI00041,www.jumia/confirmation-commande.com,72,mobile,CMP0009,True,239.35
7b0df3e0-b719-4576-bfbd-3764e64bcdb8,2026-08-29T17:28:02.949470,CLI00449,www.jumia/produit/detail.com,51,tablette,CMP0008,False,0.0
839ef7f7-a596-4fb2-9ab7-e672892f36ea,2026-07-12T13:15:02.949470,ANONfab562fd,www.jumia/produit/detail.com,164,desktop,CMP0014,False,0.0
8b9409dc-4d77-4865-b1c1-907c7e43f691,2026-09-01T09:14:02.949470,CLI00478,www.jumia/a-propos.com,15,tablette,,False,0.0
7c3787e4-4634-454b-b0ff-58e9135089ff,2026-08-26T14:37:02.949470,CLI00274,www.jumia/contact.com,2,tablette,CMP0002,False,0.0
6949abd7-e3e4-4b51-9db3-5310a9862045,2026-07-25T04:40:02.949470,ANONb95a5c1f,www.jumia/produits.com,53,tablette,,False,0.0
e8ad500d-ba3a-4578-a7f8-208fc16e52fb,2026-07-19T08:02:02.949470,CLI00195,www.jumia/checkout.com,24,mobile,,False,0.0
2ab93fd0-db9b-4765-885d-4a4bb10ccd12,2026-08-12T20:47:02.949470,CLI00327,www.jumia/contact.com,4,desktop,CMP0002,False,0.0
1bc53936-1539-4f91-8921-79851b6ca83d,2026-08-13T22:14:02.949470,CLI00296,www.jumia/checkout.com,116,mobile,,True,197.8
5e63ae4f-12b7-4d1a-82eb-12ebdbf54539,2026-07-28T04:28:02.949470,CLI00472,www.jumia/confirmation-commande.com,10,mobile,CMP0012,True,77.07
502253fa-f9b5-4611-a5f7-571236dd8ea5,2026-08-01T14:14:02.949470,CLI00035,www.jumia/blog.com,84,tablette,CMP0011,False,0.0
490394d2-043e-46b2-84d1-590a048b8df7,2026-07-22T05:53:02.949470,CLI00336,www.jumia/contact.com,29,tablette,CMP0006,False,0.0
58925bd4-b4fe-42f0-80cb-19c7c44ad4f2,2026-07-24T20:32:02.949470,CLI00369,www.jumia/produits.com,17,tablette,CMP0006,False,0.0
77cb9f1d-4a96-477b-9e31-6b37754fd0a7,2026-08-04T13:06:02.949470,CLI00270,www.jumia/confirmation-commande.com,42,tablette,CMP0010,True,136.39
60cf466c-ed8c-4ba0-94d3-44c9a2baf223,2026-07-24T11:08:02.949470,ANON1b5125e3,www.jumia/accueil.com,145,mobile,,False,0.0
3111cc3b-74fd-43d8-935c-ba8b3563388b,2026-07-28T22:09:02.949470,ANONf39d4c57,www.jumia/confirmation-commande.com,44,desktop,,True,138.32
6c8753dc-03f7-4423-a13f-abeea7f0a377,2026-09-04T16:30:02.949470,CLI00259,www.jumia/checkout.com,125,mobile,CMP0006,False,0.0
f299da71-e95d-4070-84c5-739cca3cfaa2,2026-08-03T15:18:02.949470,CLI00069,www.jumia/confirmation-commande.com,12,mobile,CMP0003,True,130.45
5cae1395-85d9-47bf-aba1-8b13686ef391,2026-07-22T07:27:02.949470,ANON1b28985a,www.jumia/produits.com,133,desktop,CMP0001,False,0.0
6e6ec933-214c-47c7-b825-a5bef901ae23,2026-08-29T15:30:02.949470,CLI00420,www.jumia/blog.com,24,tablette,CMP0014,False,0.0
5cc6d91e-fb21-4051-a86a-b6d4a8f7b3ba,2026-08-16T08:27:02.949470,ANON1447de28,www.jumia/a-propos.com,101,desktop,CMP0001,False,0.0
b169e57f-7b5c-44e2-ae8b-42ef139c9278,2026-08-23T22:28:02.949470,ANONd53d2326,www.jumia/blog.com,75,desktop,CMP0011,False,0.0
97ca10a7-1dbb-48d7-a2b8-184d34ed9afe,2026-08-09T13:35:02.949470,ANON26a93e1a,www.jumia/produits.com,238,desktop,,False,0.0
13eb982b-6752-4203-ade2-4c4002e9badd,2026-07-14T11:41:02.949470,CLI00257,www.jumia/produits.com,44,mobile,CMP0007,False,0.0
1189b20a-83c4-48e7-93fb-6a47105d603b,2026-07-28T15:42:02.949470,ANONe375baf9,www.jumia/produit/detail.com,6,mobile,CMP0003,False,0.0
3c0fc575-aa13-4818-a64d-69851d5cece3,2026-08-09T22:50:02.949470,CLI00444,www.jumia/produit/detail.com,1,tablette,CMP0005,False,0.0
bdefd3d0-a039-403c-b490-cb1237744fdb,2026-07-18T06:10:02.949470,CLI00140,www.jumia/produits.com,157,mobile,CMP0005,False,0.0
14f10c91-c3e1-4b89-bbef-31ecd6cd492c,2026-08-21T11:49:02.949470,CLI00191,www.jumia/produits.com,66,tablette,CMP0013,False,0.0
c015304c-b020-4f88-a02e-496ddad71c09,2026-07-13T01:54:02.949470,ANON339f4eac,www.jumia/confirmation-commande.com,134,desktop,,True,70.36
8906f04d-2f3f-4531-b886-87ec8db5a902,2026-09-02T22:42:02.949470,CLI00068,www.jumia/accueil.com,24,desktop,,False,0.0
93016119-249f-4b11-8b33-35e9f2c3af22,2026-07-23T22:12:02.949470,ANON9cc75d01,www.jumia/contact.com,38,tablette,,False,0.0
98cd1ed4-e071-45fe-b5b1-e73e78879b82,2026-07-08T14:20:02.949470,CLI00475,www.jumia/a-propos.com,2,mobile,CMP0004,False,0.0
48513364-3188-450b-a999-d3e055d9ecab,2026-08-28T20:33:02.949470,CLI00148,www.jumia/confirmation-commande.com,293,mobile,,True,84.14
66593770-585b-4417-95c8-0ef82b433da2,2026-08-14T05:27:02.949470,ANON53f77274,www.jumia/a-propos.com,99,mobile,,False,0.0
f2012858-35b6-46d7-ac60-05eb47c0b5d4,2026-09-03T14:48:02.949470,CLI00233,www.jumia/checkout.com,243,tablette,CMP0009,False,0.0
1922bd7f-4fce-4825-b4de-6229db1a5f31,2026-07-14T11:34:02.949470,CLI00285,www.jumia/promo.com,27,mobile,CMP0011,False,0.0
42ecf51f-130c-4fd2-b33f-2e5b1972af16,2026-07-07T06:46:02.949470,CLI00468,www.jumia/a-propos.com,85,tablette,,False,0.0
327a24ae-2a09-4bd0-b9fc-b2a60230bfbf,2026-08-19T19:15:02.949470,CLI00300,www.jumia/produits.com,102,tablette,,False,0.0
d6a90495-3146-460b-8855-cf7fb4a13603,2026-07-14T21:46:02.949470,ANON6ef248db,www.jumia/contact.com,34,desktop,,False,0.0
cfc0f68a-8b68-4c80-8c81-db601255fa36,2026-09-03T02:24:02.949470,ANONcf06b962,www.jumia/accueil.com,169,desktop,,False,0.0
997a15db-2627-4b57-9797-3af50afa5904,2026-08-27T05:07:02.949470,ANON2463c4e2,www.jumia/confirmation-commande.com,264,desktop,CMP0006,True,183.82
f47d1bf0-7554-4670-aa15-7bb3613f8810,2026-08-18T19:06:02.949470,CLI00459,www.jumia/accueil.com,194,desktop,,False,0.0
af11b2aa-4881-435c-9730-d1996adf4ec8,2026-08-13T08:08:02.949470,ANONb64c6943,www.jumia/confirmation-commande.com,120,tablette,,True,269.75
604ddcdf-9ec1-4db3-9b1b-4e5b748ccc15,2026-08-13T11:59:02.949470,ANON0ea8fd96,www.jumia/blog.com,29,desktop,CMP0002,False,0.0
7f6ed573-bcc7-42d0-ab5a-68f896e2d6d5,2026-08-01T08:47:02.949470,CLI00228,www.jumia/accueil.com,29,mobile,CMP0013,False,0.0
d7d08ac7-2ffc-464b-96f8-cebab90682f2,2026-07-31T04:41:02.949470,ANON44499511,www.jumia/blog.com,297,tablette,CMP0002,False,0.0
968c5ce5-4ab0-4542-ac78-9350f860433d,2026-08-09T20:51:02.949470,CLI00184,www.jumia/panier.com,1,tablette,CMP0009,False,0.0
1d09f972-4e0e-49a4-8e4d-4b3341c3ae88,2026-07-07T10:49:02.949470,CLI00315,www.jumia/produit/detail.com,113,tablette,CMP0012,False,0.0
4e623aeb-8aad-4dcd-b84e-6c9870e501b5,2026-08-14T06:50:02.949470,ANONbecefa63,www.jumia/contact.com,110,mobile,CMP0008,False,0.0
34d0d17f-bded-4799-a486-fda6878abe25,2026-07-25T19:06:02.949470,CLI00073,www.jumia/checkout.com,87,mobile,CMP0003,True,100.92
e9044145-2ecd-437e-b1f6-c311dec90d67,2026-08-23T19:49:02.949470,CLI00057,www.jumia/confirmation-commande.com,415,desktop,CMP0012,True,112.47
38ca61b4-fe99-413b-a26c-42207aca7ff9,2026-08-12T21:52:02.949470,CLI00434,www.jumia/promo.com,33,mobile,CMP0006,False,0.0
a8738db5-8e20-45d8-ad43-585c33e91f62,2026-07-30T00:25:02.949470,CLI00084,www.jumia/checkout.com,37,mobile,CMP0013,True,143.87
b8f126c7-0903-4327-8b3c-7b8c224ea4bd,2026-08-23T00:46:02.949470,ANONaf2ebd80,www.jumia/confirmation-commande.com,7,desktop,,True,207.56
2f3ad16b-6a23-4d40-8d48-0665ce50ae8c,2026-07-28T00:31:02.949470,CLI00276,www.jumia/produit/detail.com,52,tablette,CMP0002,False,0.0
aaa14ade-d777-4d51-909a-45297b3961f2,2026-07-30T01:34:02.949470,ANON19d412ee,www.jumia/promo.com,27,desktop,CMP0015,False,0.0
b73bb90f-f247-42ac-8846-3cd12cbbf63c,2026-07-31T00:29:02.949470,ANONe6518912,www.jumia/produits.com,37,desktop,,False,0.0
e38e970e-6452-486e-b12b-b49901221da5,2026-07-15T22:03:02.949470,ANON3c311c1b,www.jumia/produit/detail.com,161,mobile,CMP0003,False,0.0
66e16710-0f83-4cfc-ab59-5369d462aa9d,2026-07-24T20:58:02.949470,ANONd7c90ad2,www.jumia/produits.com,246,desktop,CMP0015,False,0.0
4f3694c2-8738-4a73-9aa6-aae27eee3f7d,2026-08-18T02:09:02.949470,CLI00108,www.jumia/contact.com,18,mobile,CMP0007,False,0.0
5305709b-b2a8-46fe-ad59-6de793631b9d,2026-07-31T01:40:02.949470,ANONaf902723,www.jumia/panier.com,41,mobile,,False,0.0
6027cfcb-b154-4e26-a298-f50483007cca,2026-08-28T02:09:02.949470,CLI00400,www.jumia/confirmation-commande.com,237,mobile,CMP0001,True,17.16
e034958a-31bd-4726-a0a3-5684034bd9a6,2026-07-08T07:38:02.949470,CLI00296,www.jumia/panier.com,5,tablette,,False,0.0
16b191dd-41fb-4640-b30e-f13c2164d2a4,2026-07-21T00:55:02.949470,CLI00250,www.jumia/produits.com,8,tablette,,False,0.0
10803318-1b78-456c-afcb-860dc2ddd53e,2026-07-08T18:35:02.949470,CLI00298,www.jumia/confirmation-commande.com,15,desktop,,True,137.63
8addee0c-1588-45af-b48a-9ad9ddb4082d,2026-07-15T00:25:02.949470,ANONb9d7d622,www.jumia/checkout.com,81,mobile,CMP0012,False,0.0
da012a84-58c7-4615-8a84-04e90c7e9b00,2026-08-07T17:55:02.949470,CLI00373,www.jumia/contact.com,14,tablette,CMP0010,False,0.0
46759ae1-875b-46f8-afd8-fd6c6ddc5ed1,2026-08-13T22:46:02.949470,ANON4352f30b,www.jumia/panier.com,309,mobile,CMP0013,False,0.0
02c5b0a0-154b-404f-b5bd-cd01ae285b8c,2026-08-22T01:37:02.949470,ANON47cddaef,www.jumia/contact.com,53,desktop,,False,0.0
c980223a-8e3e-431a-b131-d59f5f55e1da,2026-09-02T12:21:02.949470,CLI00226,www.jumia/checkout.com,62,desktop,CMP0006,False,0.0
f07aa6e5-e3a3-496d-9bf5-4ceb56a9e502,2026-07-06T17:39:02.949470,ANON9990046e,www.jumia/confirmation-commande.com,25,tablette,,True,70.81
40422a4d-a5fa-4fd8-919d-118e325274de,2026-08-18T22:30:02.949470,ANON7801398b,www.jumia/blog.com,57,desktop,CMP0008,False,0.0
a967786b-4e06-4f5f-8ad5-231e032c9626,2026-08-20T07:53:02.949470,ANON075af4b5,www.jumia/blog.com,97,mobile,CMP0003,False,0.0
5d88408a-6521-4e7c-b683-307af2308d35,2026-07-13T19:22:02.949470,CLI00359,www.jumia/confirmation-commande.com,125,mobile,CMP0009,True,150.89
ff2b6100-9470-4f50-bc15-29c80d567d76,2026-08-01T15:36:02.949470,ANON709cbd46,www.jumia/produit/detail.com,126,mobile,,False,0.0
0ba125ed-3d6b-4b97-b6de-8930fd8939e3,2026-07-20T21:15:02.949470,ANON4c5e60fa,www.jumia/contact.com,77,mobile,CMP0008,False,0.0
77e8b121-1840-43dd-bbcb-eeb2847d1204,2026-07-30T15:24:02.949470,CLI00126,www.jumia/produit/detail.com,211,mobile,CMP0007,False,0.0
3f57daf9-9a3d-4a80-8ea0-20d791858523,2026-07-18T16:03:02.949470,ANON736ea526,www.jumia/produits.com,153,mobile,CMP0006,False,0.0
e51afa72-0471-4b67-88d2-49cc29d992c5,2026-07-30T15:05:02.949470,ANONcfa10351,www.jumia/confirmation-commande.com,127,desktop,,True,133.01
274704ad-4757-4cbf-94e4-29561cb6e63b,2026-07-10T20:50:02.949470,ANON94749540,www.jumia/panier.com,5,mobile,,False,0.0
f2b4f45c-c1d4-474f-8df4-3e519d2b570d,2026-07-07T19:19:02.949470,CLI00466,www.jumia/panier.com,1,tablette,CMP0014,False,0.0
945c8c25-b79d-4d23-a2fc-6f5953279229,2026-08-23T12:08:02.949470,CLI00125,www.jumia/produits.com,21,mobile,,False,0.0
956f61d8-be8f-40f5-924e-a71937848282,2026-07-15T02:59:02.949470,ANON8e446aed,www.jumia/blog.com,98,desktop,CMP0011,False,0.0
e9cf2e08-d76e-4503-aae9-aadaa83b2c0e,2026-08-14T00:40:02.949470,ANONd36db064,www.jumia/a-propos.com,47,tablette,,False,0.0
144f8e07-dd0d-451f-a5c9-650a54c0478f,2026-07-21T22:03:02.949470,CLI00350,www.jumia/contact.com,46,desktop,,False,0.0
9390ae81-e04a-4043-952a-93e312512a0f,2026-07-27T12:36:02.949470,CLI00108,www.jumia/a-propos.com,194,mobile,,False,0.0
679821c3-6e24-4ac9-a85a-7bfd528c7307,2026-07-07T21:38:02.949470,ANON56a46322,www.jumia/accueil.com,203,desktop,,False,0.0
f2bb91b1-13e6-4823-85ac-521fcafbc306,2026-08-26T05:42:02.949470,CLI00095,www.jumia/blog.com,215,desktop,,False,0.0
df7b64d0-ed55-4568-971d-5b969f54af47,2026-08-30T02:27:02.949470,CLI00074,www.jumia/contact.com,33,mobile,,False,0.0
f0fcf501-772c-46f8-b5d4-67f4dce36e31,2026-07-23T04:54:02.949470,ANON1176dbdb,www.jumia/contact.com,105,desktop,CMP0013,False,0.0
8601c76d-b29d-407d-b336-68ab45c540fb,2026-08-18T06:52:02.949470,CLI00241,www.jumia/blog.com,28,desktop,,False,0.0
413a8cfc-8f39-4dd9-8827-8eef60631e56,2026-08-08T09:04:02.949470,CLI00143,www.jumia/promo.com,19,desktop,CMP0007,False,0.0
9b35511f-f3fe-4da2-9d49-710aed05ca09,2026-08-20T06:25:02.949470,CLI00071,www.jumia/confirmation-commande.com,18,desktop,CMP0005,True,16.66
219151ca-5fbd-44ca-96e4-1149df967bee,2026-08-11T23:08:02.949470,CLI00171,www.jumia/produits.com,37,mobile,CMP0007,False,0.0
cb1d10eb-f452-4e65-852f-bee23169cdce,2026-08-27T15:35:02.949470,ANON7d50544a,www.jumia/contact.com,50,desktop,,False,0.0
c8782c9b-cc8e-4ca6-b3c5-00b647b7f755,2026-08-20T09:43:02.949470,ANONf16bf8ee,www.jumia/accueil.com,159,tablette,CMP0004,False,0.0
269e78c0-d1df-409e-8db3-cd429b7311d0,2026-08-03T13:21:02.949470,ANON0879ee0b,www.jumia/produit/detail.com,11,mobile,CMP0011,False,0.0
b9c50d3f-1e90-4770-8ebb-7d28fa684fd7,2026-07-14T12:39:02.949470,ANON3416c736,www.jumia/confirmation-commande.com,119,mobile,CMP0014,True,271.79
a77d4e42-090e-4bf8-8db4-fb62ad527f53,2026-07-15T00:50:02.949470,CLI00439,www.jumia/accueil.com,68,desktop,,False,0.0
37bb9289-226a-4c10-9e8c-f5e3c0ac4563,2026-09-02T06:03:02.949470,CLI00450,www.jumia/produit/detail.com,30,desktop,,False,0.0
7b8651be-60f6-4465-9c8a-680d88f5d8cd,2026-07-13T10:50:02.949470,CLI00013,www.jumia/panier.com,61,mobile,,False,0.0
aec591b3-5e86-41ae-ba27-3dc068bd6944,2026-08-16T14:05:02.949470,CLI00349,www.jumia/produit/detail.com,32,mobile,CMP0005,False,0.0
b039281c-a5ea-4068-a27b-78f2e10459bf,2026-07-18T09:13:02.949470,CLI00029,www.jumia/promo.com,81,tablette,,False,0.0
73068c8d-c29e-40fe-b77d-5dc879194976,2026-08-20T02:52:02.949470,CLI00205,www.jumia/contact.com,51,mobile,CMP0015,False,0.0
afa48dd0-7239-444c-9584-df22653d6fc0,2026-07-31T00:58:02.949470,ANONcf78a4b9,www.jumia/a-propos.com,16,desktop,,False,0.0
eff93af8-ef0b-48e2-9e55-c622e6634222,2026-07-17T18:39:02.949470,ANON81dd6191,www.jumia/produit/detail.com,11,mobile,CMP0003,False,0.0
69a91c66-e724-4834-8a5c-358e3c130867,2026-08-26T20:29:02.949470,ANONe304434e,www.jumia/checkout.com,71,desktop,,False,0.0
e6e05ec6-e615-4b8f-b606-1c8f36b2f232,2026-07-14T07:24:02.949470,CLI00105,www.jumia/panier.com,209,desktop,CMP0014,False,0.0
53119195-f457-4fdf-9480-f800811bf034,2026-08-29T09:15:02.949470,ANON12a09d43,www.jumia/a-propos.com,37,mobile,CMP0001,False,0.0
066c10b2-d63c-43d8-a33d-21f525228c93,2026-09-04T17:06:02.949470,CLI00379,www.jumia/produits.com,118,tablette,,False,0.0
e6b250f9-fa1a-44fa-8e31-2d81a18b7a0f,2026-07-19T06:32:02.949470,ANON364fcca2,www.jumia/checkout.com,96,desktop,,False,0.0
b1847148-e7c6-44ee-9d41-2d0814663531,2026-09-01T08:28:02.949470,CLI00288,www.jumia/confirmation-commande.com,241,desktop,,True,276.41
ef0c5712-acd8-45c4-ae51-3ff9f52eeb20,2026-08-11T17:25:02.949470,CLI00134,www.jumia/promo.com,154,desktop,CMP0014,False,0.0
34e79ebd-a7ce-4809-a4cd-eefd7def4f46,2026-08-22T21:30:02.949470,CLI00423,www.jumia/accueil.com,75,mobile,CMP0004,False,0.0
5e9a9ca8-e869-45af-a8fa-b770f6236d41,2026-07-12T04:50:02.949470,CLI00461,www.jumia/a-propos.com,96,tablette,CMP0008,False,0.0
853ca5fb-81b0-47ff-a4b7-77a906074388,2026-08-19T17:13:02.949470,CLI00488,www.jumia/a-propos.com,205,tablette,CMP0015,False,0.0
a731365e-1ffe-435d-b637-d0bc39e9efe8,2026-08-07T13:12:02.949470,ANONb7cbe76f,www.jumia/checkout.com,45,desktop,,True,34.42
ab632459-1555-4aa4-a0c6-b45ee115aaa8,2026-07-09T02:47:02.949470,CLI00261,www.jumia/confirmation-commande.com,35,mobile,CMP0007,True,36.62
73232629-d173-4005-a8ae-c04e5f224c55,2026-08-28T04:44:02.949470,CLI00264,www.jumia/panier.com,1,desktop,CMP0011,False,0.0
7ead8c7a-cd2e-4de8-8bbb-e089b2082e78,2026-07-25T08:52:02.949470,CLI00320,www.jumia/accueil.com,157,mobile,CMP0001,False,0.0
95e0eb83-7c53-4dd3-9a17-1f5050ca7a47,2026-09-03T07:05:02.949470,CLI00230,www.jumia/produits.com,145,desktop,,False,0.0
4e1640b0-9ed1-4d39-9b4a-acfd81a58ce5,2026-08-28T09:07:02.949470,ANONe69e7c00,www.jumia/promo.com,9,mobile,CMP0002,False,0.0
77ea97df-e0ec-4370-bb3a-83fff09c9480,2026-07-15T09:22:02.949470,CLI00460,www.jumia/promo.com,77,tablette,,False,0.0
9f6308ea-24bf-4035-bd01-c92aa42f3c33,2026-08-19T12:13:02.949470,CLI00053,www.jumia/blog.com,56,mobile,,False,0.0
13f91492-992f-4e9b-be52-9a7fb6479a66,2026-07-12T06:05:02.949470,CLI00410,www.jumia/a-propos.com,11,desktop,,False,0.0
dddb5486-d0d4-49b7-baf3-b6c604e1d37e,2026-07-12T21:08:02.949470,ANONb43f3aee,www.jumia/contact.com,354,desktop,CMP0014,False,0.0
83985387-16a4-46c8-a274-034336e54be5,2026-08-12T18:17:02.949470,CLI00212,www.jumia/produits.com,21,desktop,CMP0011,False,0.0
d939a257-a048-401e-8406-d3f43be20a30,2026-08-29T20:18:02.949470,CLI00275,www.jumia/panier.com,6,desktop,CMP0001,False,0.0
5642f2d7-6b96-456a-be3e-2179476f086c,2026-07-18T02:54:02.949470,CLI00179,www.jumia/blog.com,81,desktop,,False,0.0
8241f0d4-cc5e-4dd4-bb0c-88244597fe40,2026-08-03T16:41:02.949470,CLI00123,www.jumia/panier.com,120,tablette,CMP0004,False,0.0
6f4ce4cc-4e63-436c-b4a9-96c0ff8b0153,2026-08-16T13:21:02.949470,CLI00082,www.jumia/blog.com,2,desktop,,False,0.0
015958a6-e921-4ec2-9928-15e301a2a31b,2026-08-16T22:38:02.949470,ANON6c10be7d,www.jumia/confirmation-commande.com,96,mobile,CMP0013,True,174.47
98e4f1a7-d871-4074-a1dc-c3c05313206f,2026-08-18T05:06:02.949470,ANONdbc161d5,www.jumia/blog.com,68,tablette,,False,0.0
6258bb6e-ff6c-4a19-8d2f-fbbeb2263aff,2026-08-06T14:27:02.949470,ANON2720b339,www.jumia/panier.com,9,mobile,CMP0014,False,0.0
3473e563-cb00-47fc-9690-e329b19ab831,2026-07-15T10:53:02.949470,ANON4d94f126,www.jumia/produit/detail.com,17,desktop,CMP0015,False,0.0
04068b56-a09e-4087-8f7a-e57fa9bf65a6,2026-08-23T06:59:02.949470,ANONaf644f23,www.jumia/checkout.com,75,tablette,CMP0013,False,0.0
8d1f9dbc-3f44-449a-b4ca-5add45f2878f,2026-07-29T18:17:02.949470,CLI00266,www.jumia/confirmation-commande.com,31,desktop,CMP0006,True,283.87
00ccc3df-1158-49c4-9142-4738f16f6310,2026-07-12T01:32:02.949470,CLI00098,www.jumia/accueil.com,250,tablette,,False,0.0
9ed494c9-713d-41e1-b1f0-c449799b699e,2026-09-02T13:31:02.949470,ANON6e1f3465,www.jumia/accueil.com,153,tablette,CMP0015,False,0.0
08d6d7a2-9029-4164-a4d2-964915fb13be,2026-08-04T02:07:02.949470,ANONb1ec7d04,www.jumia/contact.com,369,desktop,,False,0.0
d1ae367e-7ff5-4fb7-a9a4-22e116bb26a3,2026-08-05T09:30:02.949470,ANONa881ba23,www.jumia/produits.com,27,tablette,,False,0.0
df21bdae-c5f5-4114-ae77-cff9eff67600,2026-07-23T22:52:02.949470,CLI00259,www.jumia/blog.com,314,mobile,CMP0012,False,0.0
b17ceb61-eff9-4a53-8cb1-79668f9efc42,2026-07-06T13:35:02.949470,CLI00038,www.jumia/accueil.com,50,mobile,CMP0015,False,0.0
629009b6-50cc-4d00-b7b7-3c4f950b3b40,2026-08-20T02:41:02.949470,CLI00111,www.jumia/accueil.com,38,desktop,CMP0011,False,0.0
75ed91eb-2fbb-48e1-800b-3bace6b8fb56,2026-08-22T16:02:02.949470,ANON5ea123b2,www.jumia/contact.com,4,desktop,,False,0.0
371bc2e5-38a1-41bd-8003-b9411660e814,2026-07-12T14:25:02.949470,ANON540a2e64,www.jumia/blog.com,4,mobile,,False,0.0
d9512c14-9289-40cc-8e51-b50e0fd57093,2026-08-18T13:09:02.949470,CLI00187,www.jumia/promo.com,105,desktop,,False,0.0
0aba2010-4153-45e5-b4c8-0f86938453e9,2026-07-28T06:57:02.949470,CLI00021,www.jumia/promo.com,55,tablette,,False,0.0
280928f1-6010-4801-b7b3-bd465947c14e,2026-08-21T15:56:02.949470,CLI00399,www.jumia/checkout.com,23,desktop,CMP0004,True,190.27
0c6c2e78-464b-43f1-ad62-1e5ca196ef64,2026-07-15T00:31:02.949470,CLI00071,www.jumia/blog.com,85,tablette,,False,0.0
7de0f521-c030-44c0-964c-eb2f5e221507,2026-08-20T05:44:02.949470,ANONc0f6a7bd,www.jumia/produit/detail.com,26,mobile,,False,0.0
6895b741-c65d-4757-9a4c-ca163dd774d8,2026-08-27T21:09:02.949470,CLI00320,www.jumia/accueil.com,77,desktop,CMP0005,False,0.0
81470a63-ad7c-4cfc-bd87-65669a8cff93,2026-07-07T06:16:02.949470,CLI00026,www.jumia/produits.com,40,desktop,CMP0011,False,0.0
a02bc303-bcf3-451d-ac74-75bd73542d44,2026-08-06T15:09:02.949470,ANONb28c2a22,www.jumia/accueil.com,156,tablette,CMP0015,False,0.0
583f8608-86af-4f80-98bc-ea342f083727,2026-08-18T21:34:02.949470,ANON79863242,www.jumia/produit/detail.com,154,desktop,CMP0012,False,0.0
ad6d684f-ba01-424c-834f-83f0c1fe3a1f,2026-07-05T19:04:02.949470,CLI00293,www.jumia/panier.com,58,tablette,CMP0007,False,0.0
331e50d3-dde2-4891-bddf-617cd70cd117,2026-07-22T09:30:02.949470,ANON020e73fc,www.jumia/panier.com,38,mobile,CMP0008,False,0.0
5ac6dcdc-6d99-43eb-9d60-d70d20e0d341,2026-07-26T04:04:02.949470,CLI00458,www.jumia/produits.com,40,tablette,CMP0004,False,0.0
1c108eeb-b57e-4735-9673-d9e479d6002b,2026-07-16T21:50:02.949470,ANONd5f904e2,www.jumia/checkout.com,147,tablette,CMP0008,False,0.0
13e04330-08f6-40b4-a979-938fe0c36670,2026-08-07T08:12:02.949470,ANON0e95d72b,www.jumia/panier.com,35,mobile,CMP0005,False,0.0
73999521-ea4f-4fc3-ad00-582a0a07f5e7,2026-07-07T00:37:02.949470,ANON6ebf57fc,www.jumia/produit/detail.com,21,tablette,,False,0.0
b5778553-0222-47b9-ab2f-01dbc14b79ae,2026-08-01T07:55:02.949470,CLI00202,www.jumia/a-propos.com,7,desktop,CMP0009,False,0.0
6ebbf009-5f34-48b5-805c-6d88437c1b48,2026-07-22T13:29:02.949470,CLI00066,www.jumia/checkout.com,56,tablette,CMP0012,True,246.09
103391c3-b0b1-44d4-b5f7-fc9973c1556f,2026-08-31T18:15:02.949470,CLI00201,www.jumia/accueil.com,59,mobile,,False,0.0
af8247ca-a3cb-4737-ae85-10cd9c312947,2026-07-25T16:19:02.949470,CLI00302,www.jumia/accueil.com,165,tablette,CMP0001,False,0.0
b2556b84-58c9-4a45-9228-6a9df340aa2a,2026-08-24T04:49:02.949470,CLI00059,www.jumia/blog.com,22,tablette,CMP0003,False,0.0
c5a45f6a-4525-4865-a6f8-9d7ff0d16e89,2026-07-18T17:35:02.949470,ANON16028b96,www.jumia/panier.com,43,mobile,,False,0.0
c8bd0cf2-d631-452e-8899-e222b21672af,2026-07-26T08:26:02.949470,CLI00307,www.jumia/panier.com,148,mobile,,False,0.0
90fbdf53-5aa2-4060-bdf9-2433ea6a77ea,2026-07-10T19:35:02.949470,ANON30b289af,www.jumia/a-propos.com,156,tablette,,False,0.0
50bc72b6-bb8f-48fd-a2fa-5040eea4cb1d,2026-08-12T01:36:02.949470,CLI00002,www.jumia/checkout.com,43,tablette,CMP0009,False,0.0
d65e4cb7-0f7a-4373-931c-7f0a0f3ddca2,2026-07-08T00:05:02.949470,ANON1de944f9,www.jumia/confirmation-commande.com,55,desktop,,True,214.22
b3d01b6d-9d93-44b6-a387-4c6dfe4c210c,2026-07-10T05:06:02.949470,ANONf1d6f0e1,www.jumia/produit/detail.com,32,tablette,,False,0.0
51eb3c4b-d5a8-4005-9af0-c35170d4e0c0,2026-08-17T20:11:02.949470,CLI00135,www.jumia/panier.com,242,tablette,,False,0.0
9bb2f804-b8ff-4996-89e7-5da049f41fe9,2026-08-03T07:59:02.949470,CLI00088,www.jumia/a-propos.com,11,tablette,CMP0013,False,0.0
f99193dc-ddb1-4987-bb60-6b30cbbdaba1,2026-07-07T11:22:02.949470,CLI00071,www.jumia/blog.com,244,tablette,,False,0.0
ef4229e2-00b8-4b95-8b79-1e314b226e0c,2026-07-10T06:26:02.949470,ANON8064eac7,www.jumia/checkout.com,103,tablette,,False,0.0
6e09dfde-34ff-4c79-ba94-86b7aa075771,2026-07-22T09:26:02.949470,ANONa3815d02,www.jumia/panier.com,68,mobile,CMP0006,False,0.0
34775017-fdd0-4f4e-87cf-0a3f0c2b596b,2026-08-27T20:34:02.949470,ANONcbc526a8,www.jumia/panier.com,2,tablette,,False,0.0
6c6354b2-70d1-46ee-9a3a-87c0e2a80db0,2026-08-24T17:47:02.949470,CLI00477,www.jumia/panier.com,58,tablette,CMP0010,False,0.0
c4c955e7-1f8b-461a-8a02-7df71dbad477,2026-08-03T14:04:02.949470,CLI00300,www.jumia/produits.com,47,tablette,CMP0003,False,0.0
56a79fc0-08b3-43e4-8168-d940996c05d6,2026-07-24T23:14:02.949470,CLI00209,www.jumia/confirmation-commande.com,15,tablette,CMP0004,True,199.58
6325b4d9-7f7f-482f-8085-4f8629d3abc6,2026-07-12T07:23:02.949470,ANON174d23e9,www.jumia/produits.com,96,tablette,CMP0008,False,0.0
fdf1baa5-a322-41e1-b0c1-99283ee52292,2026-08-06T09:57:02.949470,CLI00272,www.jumia/a-propos.com,319,mobile,,False,0.0
dc1f34a3-c370-4883-b94b-b31ef82887ab,2026-08-01T01:59:02.949470,ANONc1f9f605,www.jumia/confirmation-commande.com,74,tablette,CMP0015,True,22.0
75761536-d777-484f-91b5-6d6605b76fba,2026-08-16T07:28:02.949470,ANON3709e575,www.jumia/contact.com,112,desktop,,False,0.0
61ba301d-a7f2-43be-88e7-8c1ef63a4107,2026-07-17T12:42:02.949470,CLI00264,www.jumia/a-propos.com,6,mobile,CMP0007,False,0.0
7c397c6c-e4de-4d76-b95c-771d20273109,2026-08-11T17:16:02.949470,CLI00487,www.jumia/blog.com,48,desktop,CMP0011,False,0.0
eef1f441-7c64-4884-b666-a440fe6dc4b0,2026-07-16T00:07:02.949470,ANON1d232b0e,www.jumia/a-propos.com,11,tablette,,False,0.0
15cfbeb0-d150-4254-8df4-9f13f63810c8,2026-07-06T08:50:02.949470,ANON2bc21b2b,www.jumia/promo.com,85,tablette,CMP0004,False,0.0
78c2da23-187a-4afd-bb9a-f0c855ebe79a,2026-07-11T22:52:02.949470,CLI00078,www.jumia/blog.com,250,desktop,CMP0008,False,0.0
d4feb220-02c2-4166-9b31-6b684bffcbfd,2026-08-13T09:56:02.949470,ANON099fbc80,www.jumia/a-propos.com,97,desktop,CMP0009,False,0.0
eec8aa07-3a54-4ce0-94fc-b3137cec9ebc,2026-08-22T11:33:02.949470,CLI00364,www.jumia/checkout.com,7,desktop,CMP0015,True,140.63
4bff72f5-dab7-4736-a740-8979b79d11c8,2026-07-27T10:07:02.949470,CLI00422,www.jumia/produit/detail.com,39,tablette,CMP0010,False,0.0
8da9bbfc-a37a-4b62-8d52-c0cfbdd43a25,2026-09-04T06:27:02.949470,CLI00273,www.jumia/contact.com,71,mobile,CMP0013,False,0.0
ddd7d8ac-b6bf-468b-b2f1-acf13b8e08f0,2026-08-15T22:25:02.949470,CLI00021,www.jumia/accueil.com,46,tablette,,False,0.0
3f4d9413-1cda-4b7c-bbb0-9759f8b500f9,2026-07-28T19:32:02.949470,CLI00139,www.jumia/promo.com,161,tablette,,False,0.0
e64df7b1-7372-4f5e-b11b-1c798bf78c44,2026-08-15T00:05:02.949470,ANON8e52b29d,www.jumia/contact.com,151,desktop,,False,0.0
927c7530-7829-473f-a646-93e8f77c6e0a,2026-08-15T08:35:02.949470,ANONaff246f5,www.jumia/produit/detail.com,85,tablette,,False,0.0
6a6a8677-5dc3-468a-bdc0-990b0d2dbd55,2026-07-17T18:39:02.949470,CLI00325,www.jumia/accueil.com,42,mobile,CMP0015,False,0.0
9f4a53f4-a635-42eb-90bd-22e3bd66c43c,2026-08-16T10:57:02.949470,CLI00141,www.jumia/produit/detail.com,26,tablette,,False,0.0
f1c6720e-f098-4fa7-abc8-7c52c4247a22,2026-08-22T18:57:02.949470,ANONdc7c4fcc,www.jumia/produit/detail.com,10,mobile,,False,0.0
524dd3c2-a430-4400-9e25-d4f2d8c0aedd,2026-07-16T02:26:02.949470,CLI00061,www.jumia/a-propos.com,39,mobile,CMP0010,False,0.0
379db425-0e32-4b61-bd44-4eeda8e3944a,2026-07-30T00:28:02.949470,ANON4124b105,www.jumia/panier.com,47,mobile,CMP0013,False,0.0
b0083b8a-d66d-4d8a-9f44-a2a7111205d5,2026-09-03T23:23:02.949470,ANON86592271,www.jumia/blog.com,101,mobile,CMP0003,False,0.0
83c8c642-b460-437e-96c3-64ba58826127,2026-07-22T17:23:02.949470,CLI00484,www.jumia/checkout.com,96,tablette,CMP0006,False,0.0
4d7c258e-c149-4192-9c79-f018fe0d5299,2026-08-26T05:03:02.949470,ANON537da203,www.jumia/checkout.com,6,tablette,,False,0.0
fecaf212-93ea-4a9f-a86b-2100ed83b34a,2026-08-13T06:29:02.949470,ANONd37bf65d,www.jumia/checkout.com,45,desktop,CMP0013,True,123.42
4a8f57b9-6068-474e-a017-ec70edcb8cff,2026-08-25T00:55:02.949470,CLI00191,www.jumia/panier.com,18,desktop,,False,0.0
927df612-7a01-4fca-b925-5dcbb71be271,2026-07-27T17:36:02.949470,CLI00282,www.jumia/a-propos.com,15,tablette,CMP0011,False,0.0
afb33f2c-8c41-438c-abfd-2e33805321a4,2026-08-27T07:54:02.949470,CLI00342,www.jumia/checkout.com,158,desktop,,False,0.0
b2334f05-3c53-4683-9886-de8702745404,2026-08-10T18:26:02.949470,CLI00281,www.jumia/blog.com,3,tablette,CMP0015,False,0.0
0a2190a9-8668-43ba-ab55-e6f711dd1793,2026-07-16T08:25:02.949470,ANONf862be18,www.jumia/checkout.com,48,mobile,CMP0007,False,0.0
e23b154c-9531-4afc-8767-18ab876c5115,2026-07-14T19:27:02.949470,CLI00187,www.jumia/a-propos.com,16,desktop,,False,0.0
ef1b71f7-2914-4c78-9f4d-942f08ff9bc6,2026-07-06T11:29:02.949470,CLI00396,www.jumia/blog.com,190,tablette,,False,0.0
665624e4-e3a3-4240-8097-af476df88aae,2026-08-10T01:14:02.949470,CLI00125,www.jumia/blog.com,73,tablette,,False,0.0
a4ab8962-2f51-4f18-ba1c-09c3b1565928,2026-08-19T05:27:02.949470,CLI00371,www.jumia/checkout.com,23,mobile,CMP0006,False,0.0
ba7c9474-27fb-422e-9f58-8c0bd467f736,2026-07-29T17:34:02.949470,CLI00238,www.jumia/produit/detail.com,62,tablette,CMP0009,False,0.0
33e314ae-e9a8-42d8-98f2-fd37a1717508,2026-08-26T18:35:02.949470,CLI00389,www.jumia/promo.com,118,mobile,CMP0005,False,0.0
d5ead096-57d7-4621-a930-34cf946792aa,2026-08-10T20:16:02.949470,ANONb9e13f03,www.jumia/contact.com,285,mobile,CMP0004,False,0.0
c1dde428-30d7-4958-ab67-100f21ec8532,2026-08-29T12:52:02.949470,ANONd42c6565,www.jumia/accueil.com,22,mobile,CMP0013,False,0.0
4f9a7984-d03e-4ff9-a14f-6be5ad8f8444,2026-08-09T18:36:02.949470,ANON2cb0873f,www.jumia/confirmation-commande.com,195,mobile,CMP0006,True,46.33
7aa3334b-2116-480b-9ca5-2864d5be5aed,2026-08-17T23:16:02.949470,CLI00176,www.jumia/accueil.com,245,tablette,,False,0.0
c8c305c1-84f2-4912-b410-bf6780f50d53,2026-07-17T11:38:02.949470,CLI00034,www.jumia/produit/detail.com,223,desktop,CMP0006,False,0.0
93210b61-5742-4bdc-902b-3631d9979338,2026-08-13T03:21:02.949470,ANON766b919f,www.jumia/panier.com,90,mobile,,False,0.0
c97c8c5e-0ffb-4b7d-bb0e-efe3fd7a19c3,2026-08-23T10:11:02.949470,ANONe65a0efa,www.jumia/panier.com,89,mobile,,False,0.0
b7ac471d-15ea-4537-9677-59357e0a766f,2026-08-26T18:18:02.949470,CLI00123,www.jumia/confirmation-commande.com,46,desktop,,True,179.19
92a8a4c9-435b-41a5-b95a-b12db73c4c73,2026-08-29T23:57:02.949470,CLI00136,www.jumia/produit/detail.com,125,tablette,CMP0015,False,0.0
2faeaab2-0472-4616-b2eb-30abb724743e,2026-08-02T15:56:02.949470,ANONc21abafe,www.jumia/confirmation-commande.com,68,mobile,,True,46.64
ec6a0c9a-5c30-4c1f-a80d-3271aaea21ee,2026-08-08T06:03:02.949470,ANON7a12a9e6,www.jumia/confirmation-commande.com,101,desktop,CMP0004,True,114.34
a0b09f94-52bf-4796-913d-570ce2099558,2026-07-11T03:12:02.949470,ANONc808a3f3,www.jumia/promo.com,50,tablette,,False,0.0
79286335-3340-4e05-8bad-fed4dfade32a,2026-07-11T12:46:02.949470,CLI00462,www.jumia/checkout.com,118,desktop,CMP0002,False,0.0
6c241007-c29b-411a-a751-97e25a4dd1b1,2026-07-26T15:46:02.949470,ANON2dad1a22,www.jumia/blog.com,156,mobile,,False,0.0
bc784576-ed60-449e-8aeb-a98b7eea0ee8,2026-08-05T00:06:02.949470,CLI00103,www.jumia/panier.com,14,desktop,,False,0.0
f2dda951-ef97-4b3b-a17c-cd2e30055961,2026-07-22T06:38:02.949470,CLI00045,www.jumia/confirmation-commande.com,161,desktop,,True,251.68
db57e687-f19d-409f-9950-92ec0b92e98e,2026-08-02T18:18:02.949470,ANON2cc5b5a4,www.jumia/blog.com,69,desktop,,False,0.0
17b0e5e0-da5b-49ed-baa4-9ecffef8063f,2026-08-30T21:43:02.949470,CLI00132,www.jumia/a-propos.com,167,mobile,,False,0.0
eb28b799-9568-4fce-ad11-ea9488733d86,2026-08-07T15:00:02.949470,ANON76edb7ad,www.jumia/accueil.com,50,desktop,CMP0001,False,0.0
a1212a48-f9b3-483e-b582-c7d5df6d1dc1,2026-08-11T01:37:02.949470,CLI00011,www.jumia/panier.com,42,tablette,,False,0.0
8474f510-2bf0-4aa5-ac66-f302f478107c,2026-08-13T04:36:02.949470,ANONc7f052bf,www.jumia/checkout.com,221,tablette,CMP0008,False,0.0
c0df7bd7-958e-46b7-ae91-d9bee26bfa6c,2026-07-27T18:11:02.949470,CLI00470,www.jumia/produit/detail.com,26,tablette,,False,0.0
9afd7f66-9c84-4ce9-bcdb-c178dfad2ab0,2026-08-20T17:58:02.949470,ANON827c1364,www.jumia/produit/detail.com,167,mobile,CMP0011,False,0.0
244b73cf-f366-436a-bd50-f9ba488a460b,2026-07-23T02:24:02.949470,ANON4811e5d1,www.jumia/a-propos.com,59,mobile,,False,0.0
8dcfd9fe-4182-46b3-9c9e-7460b2065964,2026-07-25T10:54:02.949470,CLI00150,www.jumia/produit/detail.com,64,mobile,,False,0.0
a30ee98c-2ff4-4288-a862-eaa092c06db0,2026-07-15T06:10:02.949470,CLI00188,www.jumia/accueil.com,33,tablette,,False,0.0
fef81e4c-842e-47d3-ae62-ef8fcfea9f4d,2026-07-15T11:43:02.949470,CLI00127,www.jumia/checkout.com,76,desktop,,True,118.12
ef813209-0a16-4a06-a27d-5fcddee4e9f6,2026-08-03T07:01:02.949470,CLI00368,www.jumia/confirmation-commande.com,35,mobile,CMP0010,True,98.45
b51898ec-104c-409c-9e0e-35895299e70e,2026-08-22T04:12:02.949470,CLI00436,www.jumia/panier.com,3,tablette,CMP0015,False,0.0
da51a920-72fb-4f51-9ac3-c6eb65309c53,2026-07-25T01:59:02.949470,CLI00469,www.jumia/produits.com,28,mobile,,False,0.0
e28bd5e5-9d9e-4e3c-9aae-ea874a28e215,2026-08-18T15:26:02.949470,CLI00061,www.jumia/produits.com,1,desktop,CMP0010,False,0.0
1e1a4966-dc93-4f95-9821-21d05d1e9cb5,2026-07-07T07:41:02.949470,CLI00345,www.jumia/contact.com,344,tablette,,False,0.0
dc196982-f50d-4a41-a763-4ba71850dad8,2026-07-14T07:29:02.949470,CLI00033,www.jumia/contact.com,303,mobile,,False,0.0
17a4ebc3-fa73-498b-a768-36de3bf787d7,2026-08-29T00:04:02.949470,CLI00315,www.jumia/produits.com,45,tablette,CMP0007,False,0.0
1b6d31b1-77bf-4a9d-8489-7afb9815403c,2026-07-09T18:04:02.949470,ANON7f6131fa,www.jumia/produit/detail.com,117,mobile,CMP0014,False,0.0
91aa311f-0dfe-4d44-87a8-8684af073962,2026-08-12T11:47:02.949470,CLI00165,www.jumia/contact.com,38,mobile,CMP0015,False,0.0
8130db33-9013-466c-84ae-5e537695582c,2026-08-18T08:59:02.949470,CLI00014,www.jumia/confirmation-commande.com,100,tablette,,True,54.02
66df6ff7-43e1-4256-a267-7ccea968d3fb,2026-08-18T09:03:02.949470,CLI00436,www.jumia/promo.com,147,tablette,CMP0011,False,0.0
2b374735-b95f-4a14-b159-70455f114755,2026-08-14T17:37:02.949470,CLI00141,www.jumia/confirmation-commande.com,263,mobile,CMP0004,True,29.57
839881c4-1eb0-464b-ba44-fa0329533e98,2026-07-05T23:21:02.949470,ANON2c41674b,www.jumia/a-propos.com,46,mobile,,False,0.0
4cc47932-6926-4e81-b4ba-3c9bd658c3ee,2026-08-10T10:07:02.949470,ANONe6d62e4d,www.jumia/checkout.com,137,mobile,,False,0.0
658e6a84-18ac-429d-b792-0053291a26e2,2026-07-16T13:52:02.949470,ANON2eb4a749,www.jumia/accueil.com,27,mobile,CMP0008,False,0.0
8c37615d-93df-4667-8487-58a2b6b84f22,2026-08-15T19:49:02.949470,ANON91f6d387,www.jumia/panier.com,417,desktop,CMP0013,False,0.0
0295c321-a621-4138-b10f-8ceed12348eb,2026-08-01T16:16:02.949470,CLI00036,www.jumia/a-propos.com,2,tablette,CMP0006,False,0.0
9ca52fe9-a850-453e-851f-066f9cf178c6,2026-08-20T22:47:02.949470,CLI00050,www.jumia/accueil.com,83,mobile,,False,0.0
828301f1-52d5-4a4a-8fd9-b3298ca83557,2026-08-31T02:25:02.949470,CLI00037,www.jumia/accueil.com,96,desktop,CMP0003,False,0.0
070b7140-d0ce-4a22-9246-9c9fae5e93d2,2026-07-12T01:47:02.949470,CLI00159,www.jumia/produit/detail.com,104,mobile,CMP0001,False,0.0
95bf0720-413e-423f-9bf3-ff206a18b09c,2026-07-05T21:47:02.949470,CLI00408,www.jumia/panier.com,11,mobile,CMP0009,False,0.0
11efe015-05b4-4ac8-b4af-ca038590441e,2026-07-08T12:19:02.949470,CLI00386,www.jumia/blog.com,251,tablette,CMP0012,False,0.0
986ff3df-f22e-4544-8df4-2e3e3d47862e,2026-07-13T18:21:02.949470,CLI00431,www.jumia/accueil.com,17,mobile,,False,0.0
67d55d9a-42c4-4ee9-9920-064bd986ef78,2026-08-09T13:15:02.949470,CLI00481,www.jumia/contact.com,87,mobile,,False,0.0
a0109598-e844-41ce-93d4-9753c7567b8f,2026-08-22T07:10:02.949470,CLI00362,www.jumia/checkout.com,22,desktop,CMP0012,False,0.0
4cc42bbb-ca6f-4229-ac10-54abe1f8cdd7,2026-08-04T23:34:02.949470,CLI00132,www.jumia/produits.com,33,mobile,CMP0006,False,0.0
6d953c7b-8b5d-480d-89f2-3894114df97e,2026-08-04T19:01:02.949470,CLI00187,www.jumia/accueil.com,71,tablette,CMP0004,False,0.0
b1841bad-203b-4abd-8cbc-877c81b4e5b1,2026-08-17T12:25:02.949470,CLI00111,www.jumia/contact.com,48,mobile,,False,0.0
990d6025-f2ed-4643-aa28-96ab359c2b01,2026-08-08T05:37:02.949470,ANON96fc0769,www.jumia/promo.com,15,mobile,,False,0.0
3ae833e7-cca0-4ee6-aded-7e9835451d57,2026-08-14T03:23:02.949470,CLI00479,www.jumia/confirmation-commande.com,16,desktop,,True,134.79
a86069ba-002e-40a3-9312-4b71747e6ea6,2026-07-15T13:57:02.949470,ANON2b510257,www.jumia/promo.com,48,mobile,CMP0007,False,0.0
9a930136-0649-471a-aca6-aac4e97b04c0,2026-08-04T08:03:02.949470,CLI00351,www.jumia/produits.com,127,tablette,CMP0008,False,0.0
4871c9bb-88c2-451d-99c9-7bb0a46bc5a5,2026-08-23T16:04:02.949470,CLI00218,www.jumia/panier.com,205,tablette,CMP0013,False,0.0
75774338-0569-4cf9-ad3a-cdf5a57172da,2026-07-28T06:38:02.949470,ANON9e9e5562,www.jumia/blog.com,7,desktop,CMP0007,False,0.0
ff860b54-31ed-407e-b4c7-1034e47635a2,2026-08-09T01:33:02.949470,CLI00051,www.jumia/panier.com,44,tablette,CMP0008,False,0.0
cc382be3-5ed0-4c98-9726-fd2457ed1463,2026-08-29T11:02:02.949470,ANON34b80cfa,www.jumia/accueil.com,9,mobile,,False,0.0
ace78d88-56da-47e6-a6a2-5e6634446fc2,2026-08-20T22:45:02.949470,ANONfda322fd,www.jumia/checkout.com,1,mobile,,False,0.0
4d1167b4-05d1-4b44-9901-25182001e249,2026-07-25T04:22:02.949470,CLI00218,www.jumia/panier.com,97,tablette,CMP0007,False,0.0
175074fa-461b-457d-8d59-3e868cd4e7e6,2026-07-18T18:50:02.949470,CLI00413,www.jumia/contact.com,83,desktop,,False,0.0
26fb1755-7f2a-4ad5-a17f-e9034ab4eca1,2026-08-23T22:15:02.949470,ANON91b9fa25,www.jumia/confirmation-commande.com,16,tablette,CMP0011,True,67.89
63bf2ebc-859e-48a1-a7a8-f6730ce79110,2026-07-19T22:10:02.949470,ANON9479c886,www.jumia/panier.com,23,desktop,CMP0009,False,0.0
356ebbd0-57cc-4aa1-8ab0-148f59c226f2,2026-07-22T09:33:02.949470,CLI00194,www.jumia/a-propos.com,2,tablette,,False,0.0
b51c208b-f95d-461c-9dd3-76e92082bd3f,2026-07-30T13:04:02.949470,ANON7345f310,www.jumia/panier.com,162,desktop,,False,0.0
e2d01d11-2b11-47ef-a451-e244893cebc9,2026-08-10T12:21:02.949470,CLI00143,www.jumia/a-propos.com,330,mobile,,False,0.0
a5b7ce24-8296-4907-a674-1a7342ea2d95,2026-08-06T16:10:02.949470,CLI00374,www.jumia/panier.com,13,tablette,,False,0.0
14c06f8e-ce52-4d57-bd6a-b2f245f2d451,2026-08-27T21:20:02.949470,ANONdca19cf3,www.jumia/produit/detail.com,23,tablette,CMP0003,False,0.0
adf93c63-8245-4105-b769-ed807a06525d,2026-09-04T13:39:02.949470,CLI00479,www.jumia/accueil.com,182,desktop,,False,0.0
d05341e5-e81e-4683-9bed-653579a521c3,2026-07-27T13:46:02.949470,ANON17299853,www.jumia/accueil.com,234,desktop,CMP0001,False,0.0
1f9f80c9-eb02-4ac6-bdef-3b56215cd6e3,2026-08-22T15:41:02.949470,CLI00088,www.jumia/produit/detail.com,48,tablette,CMP0002,False,0.0
e0dc0f0e-5f03-40d0-98c6-057aa6cbe32a,2026-07-16T03:02:02.949470,CLI00275,www.jumia/produits.com,4,desktop,CMP0004,False,0.0
8797baad-0257-4bbb-ab49-f4d84f11a0c3,2026-08-19T13:21:02.949470,CLI00028,www.jumia/contact.com,3,desktop,,False,0.0
b3939e2d-7f68-4cb9-a8cb-62bb92b7c642,2026-08-18T09:05:02.949470,ANON13aa3b87,www.jumia/a-propos.com,76,tablette,,False,0.0
5ea62a20-1c17-4f32-ac9b-c958c0b7b320,2026-07-22T13:02:02.949470,ANON08d7eba4,www.jumia/contact.com,44,tablette,,False,0.0
d2445554-bf14-4b6c-80f1-c48f7e44a1ba,2026-08-12T19:52:02.949470,CLI00252,www.jumia/produits.com,2,mobile,CMP0014,False,0.0
48af0241-c90b-494f-9e06-61d936b20884,2026-07-23T12:26:02.949470,ANONaa2b004b,www.jumia/confirmation-commande.com,78,mobile,CMP0006,True,162.28
08605278-a720-4e85-bb57-fa99d776cb00,2026-08-10T14:06:02.949470,ANONac00f118,www.jumia/accueil.com,1,desktop,,False,0.0
c0665770-9db4-4e09-8c97-fccf84c74354,2026-07-10T09:45:02.949470,ANONabb31224,www.jumia/confirmation-commande.com,139,mobile,,True,130.82
09904eb4-6f79-4626-a15b-c552ad01402b,2026-07-12T07:44:02.949470,CLI00237,www.jumia/confirmation-commande.com,32,desktop,,True,252.35
9baef602-8f3d-4efb-b13d-71dff70c41ce,2026-08-27T00:19:02.949470,CLI00215,www.jumia/promo.com,3,desktop,,False,0.0
8b3c1a19-f9ec-4683-9e2e-cb3225b9dae3,2026-08-13T07:45:02.949470,CLI00046,www.jumia/promo.com,79,mobile,CMP0009,False,0.0
3b7052ad-a3c7-4d25-a177-a7e3ae01984a,2026-08-08T17:17:02.949470,ANON04662b88,www.jumia/accueil.com,45,desktop,CMP0010,False,0.0
0f55e501-9647-41e5-8d4d-53e875c892f0,2026-08-08T00:16:02.949470,CLI00422,www.jumia/accueil.com,327,desktop,CMP0013,False,0.0
9714fe7e-45b3-4e54-b27c-ce75ae063f5f,2026-07-10T08:03:02.949470,ANON69152a76,www.jumia/produit/detail.com,70,mobile,CMP0013,False,0.0
f7cee78a-7b0e-47cb-b379-bab31d892f6e,2026-07-30T02:23:02.949470,CLI00472,www.jumia/produits.com,28,mobile,,False,0.0
a22a2b5b-35ff-4fa5-a44a-ee05b52de183,2026-07-10T10:11:02.949470,CLI00297,www.jumia/accueil.com,111,mobile,,False,0.0
75633377-2fa8-4570-987b-487f87f4f66a,2026-07-25T17:10:02.949470,CLI00345,www.jumia/produit/detail.com,28,tablette,,False,0.0
1d479083-4904-4a5a-8ab4-e6199ff0660e,2026-07-28T17:50:02.949470,CLI00116,www.jumia/confirmation-commande.com,211,mobile,CMP0013,True,213.03
c17b7f68-2455-45c9-8fa9-cdb790f1d81f,2026-08-18T14:30:02.949470,ANONb43cf595,www.jumia/produit/detail.com,42,desktop,CMP0013,False,0.0
d8a51a49-f3e8-450f-b399-0f449e6d1c56,2026-08-29T03:18:02.949470,CLI00467,www.jumia/confirmation-commande.com,71,desktop,CMP0011,True,236.5
62d80189-6055-48f1-a6be-739f3b41dd11,2026-07-12T09:23:02.949470,ANON432a10c1,www.jumia/produit/detail.com,4,desktop,CMP0014,False,0.0
9cb53cb7-bb94-4641-95cf-3ce07608888b,2026-08-09T21:12:02.949470,ANONf077d15f,www.jumia/checkout.com,49,desktop,,False,0.0
ffa98ab1-e337-4572-8a1a-cb37bd79de89,2026-09-01T00:29:02.949470,ANON126a8e9c,www.jumia/produit/detail.com,160,tablette,,False,0.0
a5871f6c-61a9-4ac1-b51d-3de6facc7bcd,2026-07-18T07:23:02.949470,CLI00120,www.jumia/promo.com,147,tablette,CMP0012,False,0.0
27c3c739-2626-4f00-afbc-6337ba954b7a,2026-07-22T05:48:02.949470,ANONb1b678fb,www.jumia/a-propos.com,22,desktop,CMP0004,False,0.0
2a48447f-68fb-4b22-a62c-8952a8373961,2026-07-26T01:38:02.949470,ANON1139aff5,www.jumia/promo.com,23,mobile,CMP0004,False,0.0
cc187129-0653-4d58-b694-963ae2b3eef9,2026-07-06T10:10:02.949470,ANONae19f118,www.jumia/promo.com,152,mobile,CMP0011,False,0.0
d099c783-f037-469f-81ad-5986ef2eace3,2026-08-16T12:59:02.949470,CLI00452,www.jumia/promo.com,239,tablette,,False,0.0
6117c999-e150-45d9-b0cc-0f0d19aa7d02,2026-08-03T23:12:02.949470,CLI00384,www.jumia/promo.com,9,tablette,CMP0012,False,0.0
acab27da-7880-41f2-9394-abd310cc7e9e,2026-08-30T00:16:02.949470,ANON2be800ce,www.jumia/panier.com,53,desktop,CMP0008,False,0.0
f4a3b1a2-c5b8-46c6-8911-f2d502c99c9f,2026-08-15T20:58:02.949470,CLI00106,www.jumia/panier.com,37,tablette,CMP0002,False,0.0
ee7cba64-a546-49a1-be62-baa764e2f7e0,2026-08-05T01:31:02.949470,CLI00070,www.jumia/produits.com,184,desktop,CMP0001,False,0.0
88375366-6090-4766-ad45-d21b46462f0e,2026-08-17T02:17:02.949470,ANON985e961a,www.jumia/produit/detail.com,7,desktop,CMP0001,False,0.0
8b9c110a-4e26-4fca-b4eb-6d15ea1c22ee,2026-07-14T14:42:02.949470,ANON177e5714,www.jumia/checkout.com,21,tablette,,True,190.77
91ac7cd7-c5b4-4e01-9007-6fbd6b433018,2026-07-19T19:58:02.949470,CLI00376,www.jumia/panier.com,125,desktop,,False,0.0
9530960d-1bf1-4076-9ca3-0bcea7f713bd,2026-07-26T04:29:02.949470,CLI00333,www.jumia/checkout.com,4,tablette,CMP0015,True,62.94
34b3553c-5cf8-467e-a3b0-e7cf7dc931bd,2026-08-30T02:41:02.949470,ANONd1bfb0a1,www.jumia/produit/detail.com,61,tablette,,False,0.0
7a776047-b981-4169-a995-65d799f637bc,2026-07-23T02:23:02.949470,CLI00358,www.jumia/promo.com,52,desktop,,False,0.0
c68d928a-9216-4c18-be98-c809d0abf71c,2026-08-03T07:54:02.949470,ANONfbf7d3d0,www.jumia/produits.com,36,tablette,,False,0.0
a9fc3ede-51df-45c9-910a-c39b2332c70a,2026-08-22T10:59:02.949470,ANON8968edc8,www.jumia/blog.com,45,desktop,,False,0.0
feafe6f1-682f-4257-a94b-4e45622c5b6b,2026-07-06T14:23:02.949470,CLI00180,www.jumia/panier.com,67,tablette,CMP0002,False,0.0
dca9b083-093e-4d6b-b4dd-5447573aa04c,2026-08-09T14:17:02.949470,CLI00164,www.jumia/checkout.com,15,mobile,CMP0004,False,0.0
dcb59568-d976-4cc0-bdcd-6077db695b3e,2026-07-25T04:37:02.949470,ANON3e8a976a,www.jumia/a-propos.com,76,mobile,,False,0.0
b99c59a6-2ecb-43a4-aac0-732933740975,2026-07-29T21:14:02.949470,ANON32d4c447,www.jumia/accueil.com,147,tablette,,False,0.0
2e0fada0-ba74-4d7a-a5e7-448482052aea,2026-07-18T04:56:02.949470,CLI00296,www.jumia/promo.com,128,mobile,CMP0005,False,0.0
cf7bdf74-6891-435b-8061-5acb870300d1,2026-07-08T14:43:02.949470,ANON5bc46291,www.jumia/blog.com,15,tablette,CMP0007,False,0.0
a25b43f4-493f-4e5f-8acb-6ff422c96190,2026-08-17T08:10:02.949470,ANONc2b812ed,www.jumia/panier.com,14,mobile,CMP0003,False,0.0
53ca3635-61d5-4a7f-aa91-f957bc49dd2c,2026-08-09T06:37:02.949470,ANONf139cc86,www.jumia/a-propos.com,28,mobile,CMP0002,False,0.0
0773f0fd-44b1-4c83-afca-ea078cb246ad,2026-08-13T15:33:02.949470,ANON5b7102f7,www.jumia/checkout.com,40,mobile,,True,201.31
d5ae0165-c61d-4283-a22a-c8624fdd83c4,2026-07-23T18:56:02.949470,CLI00097,www.jumia/checkout.com,47,mobile,CMP0003,False,0.0
e75a1189-beca-49a1-8f3e-9c1aefc86dd5,2026-08-26T04:15:02.949470,CLI00122,www.jumia/checkout.com,102,tablette,CMP0010,True,120.71
ef8da051-151c-478e-95af-758640bd0330,2026-08-08T06:59:02.949470,CLI00020,www.jumia/a-propos.com,5,desktop,,False,0.0
c4658353-3328-4032-a1e8-8e5300fa326a,2026-08-24T06:23:02.949470,CLI00288,www.jumia/produit/detail.com,3,desktop,CMP0005,False,0.0
3403a714-a32b-47b4-be86-1dab0592db6f,2026-09-04T13:40:02.949470,CLI00138,www.jumia/panier.com,44,desktop,CMP0006,False,0.0
276ca72c-7127-4ddb-8095-2f63749da176,2026-08-26T19:08:02.949470,CLI00389,www.jumia/a-propos.com,107,tablette,,False,0.0
68bbac55-7ec0-4dd9-8654-2a3353e96a18,2026-09-01T11:23:02.949470,CLI00140,www.jumia/contact.com,19,tablette,,False,0.0
5bf2b674-affe-47bc-a07c-a91f411084f1,2026-08-29T18:47:02.949470,ANON9d4d2ddd,www.jumia/blog.com,92,desktop,CMP0013,False,0.0
91eaa7e8-b670-4679-8397-b036bdc3bc2c,2026-07-26T00:52:02.949470,ANONcc7a5d6b,www.jumia/contact.com,27,desktop,,False,0.0
bf01398c-54ec-4471-86e2-e7ae8c088ccb,2026-07-26T19:48:02.949470,CLI00104,www.jumia/accueil.com,195,mobile,CMP0013,False,0.0
b97a0d8e-8491-4a36-b323-656c41f1d3b8,2026-08-23T13:23:02.949470,CLI00261,www.jumia/contact.com,203,mobile,CMP0005,False,0.0
96109b2f-9b4a-4f8b-a070-1fa2a0099846,2026-09-03T02:50:02.949470,ANONabf4e037,www.jumia/blog.com,31,tablette,,False,0.0
14e5fee7-6199-444a-8c83-45e44e79a62f,2026-07-30T10:59:02.949470,CLI00297,www.jumia/checkout.com,23,desktop,CMP0010,False,0.0
ce5788b9-d54d-4337-a4d5-f9a5194891bb,2026-08-18T22:01:02.949470,ANONbf2295c1,www.jumia/accueil.com,47,desktop,,False,0.0
45ea0e7b-5a63-4d8f-9db6-ef34ed5e3b46,2026-08-11T19:37:02.949470,ANON3e21b97d,www.jumia/produits.com,24,mobile,,False,0.0
acbb71e1-28c4-4c7f-852f-6996b07e5161,2026-07-07T01:23:02.949470,ANON23115437,www.jumia/contact.com,100,mobile,CMP0013,False,0.0
bd7dc356-fbca-4908-bd88-470d43ecec49,2026-07-27T07:02:02.949470,CLI00373,www.jumia/confirmation-commande.com,157,desktop,,True,15.01
a786ddaa-a463-42ed-8000-c58102b220c9,2026-07-10T12:18:02.949470,ANON0c2b20f0,www.jumia/blog.com,100,desktop,CMP0001,False,0.0
d1ae83c0-9c20-4c98-84ce-6b48730e759b,2026-08-17T03:48:02.949470,ANONf18a29c0,www.jumia/panier.com,156,desktop,CMP0012,False,0.0
469ee64d-4bee-4477-bffa-51c76e5581e4,2026-08-19T00:55:02.949470,ANONb9115691,www.jumia/blog.com,45,tablette,,False,0.0
35ba5e35-1c05-498f-a84a-ed10db65b321,2026-08-08T04:33:02.949470,ANON3b55a161,www.jumia/checkout.com,15,mobile,,False,0.0
8121afc6-a720-4b12-9cbf-52be23c3cbe4,2026-08-16T05:22:02.949470,ANON2a7d0f4e,www.jumia/panier.com,120,desktop,CMP0014,False,0.0
aae7af77-a287-49e7-9b7f-d93f307b18b0,2026-07-27T03:34:02.949470,ANONc7933945,www.jumia/checkout.com,40,tablette,CMP0012,False,0.0
40000f9d-b484-454f-9c96-02e3bc67b8ca,2026-08-01T21:02:02.949470,CLI00086,www.jumia/confirmation-commande.com,100,mobile,,True,243.44
8d95b149-a93a-49d8-a754-ed2bde59cd08,2026-07-24T20:26:02.949470,ANON7297f119,www.jumia/panier.com,28,tablette,CMP0001,False,0.0
1a9f321a-32a3-434a-a8fc-2b570bd6a9c7,2026-07-26T17:03:02.949470,ANON78d5c97e,www.jumia/checkout.com,7,mobile,CMP0003,False,0.0
1b7cf203-db01-48a5-844a-1a162e8e4054,2026-08-15T08:20:02.949470,CLI00148,www.jumia/promo.com,441,mobile,,False,0.0
8c26a887-328e-4bd6-9fd9-61bd7a9a96a5,2026-08-23T17:58:02.949470,ANONa5d008d5,www.jumia/blog.com,15,mobile,,False,0.0
46e49a70-23a1-4785-b030-36c0d76a3c52,2026-07-26T10:54:02.949470,ANONa73dc755,www.jumia/accueil.com,401,mobile,CMP0012,False,0.0
09233076-3103-40fa-a5c7-f7cdcfd63117,2026-08-28T23:00:02.949470,ANONe1a23db4,www.jumia/produits.com,340,tablette,CMP0007,False,0.0
0cc9d2dc-b58d-43c8-b0fa-0f1339c4a6c1,2026-08-16T00:32:02.949470,ANONd2b02ab0,www.jumia/a-propos.com,142,desktop,,False,0.0
d4cf7f97-87b0-400d-a7b2-88add5122e4d,2026-07-15T17:03:02.949470,CLI00244,www.jumia/accueil.com,96,mobile,CMP0009,False,0.0
75426455-68f1-4fe9-b010-b3b70a5db706,2026-07-30T04:58:02.949470,ANON36e6db4c,www.jumia/panier.com,77,desktop,CMP0004,False,0.0
fc3b80b6-856a-4502-8de2-bed4a666def8,2026-07-25T15:50:02.949470,CLI00261,www.jumia/promo.com,180,desktop,CMP0010,False,0.0
2d56776c-92b6-4838-8a29-3ee11e81bc15,2026-08-22T18:17:02.949470,CLI00346,www.jumia/produit/detail.com,30,mobile,CMP0002,False,0.0
dc722ff6-2070-4485-9645-dba82f43b821,2026-07-20T06:00:02.949470,CLI00366,www.jumia/accueil.com,56,desktop,,False,0.0
70324fd4-fa01-4d3b-a32d-98ec3a6145bf,2026-08-31T02:25:02.949470,CLI00444,www.jumia/confirmation-commande.com,86,desktop,CMP0008,True,146.38
fa95acab-6840-4db5-8e12-2e795016f2b7,2026-07-17T15:58:02.949470,CLI00483,www.jumia/blog.com,47,desktop,,False,0.0
ebf1ad36-9fcf-419c-8297-1cb4bbdb616f,2026-08-09T05:16:02.949470,ANONbca01ed7,www.jumia/a-propos.com,50,tablette,CMP0010,False,0.0
d4ba3642-f42c-4624-bf12-c515a665b28a,2026-08-06T09:48:02.949470,ANONfa302149,www.jumia/confirmation-commande.com,36,tablette,,True,189.78
81e40636-dc27-410c-8ac9-4a991d10c977,2026-07-24T14:47:02.949470,ANON1ddce019,www.jumia/confirmation-commande.com,74,desktop,,True,54.43
b20a54a0-1aad-4152-972d-63bebe7cdf3f,2026-08-29T01:00:02.949470,ANON34286c41,www.jumia/accueil.com,171,mobile,,False,0.0
e50ae0ad-618f-4d57-b67b-35e6e78084dc,2026-08-05T07:01:02.949470,CLI00136,www.jumia/produit/detail.com,20,mobile,CMP0008,False,0.0
6ad8d55a-0599-42c2-b406-cd04128e790a,2026-08-30T09:58:02.949470,CLI00228,www.jumia/confirmation-commande.com,245,mobile,CMP0002,True,71.92
1bf5b1b7-7244-4ee0-bacc-bdee801634ff,2026-07-10T05:20:02.949470,ANON52b09b46,www.jumia/panier.com,105,mobile,CMP0004,False,0.0
e2704ecb-be73-4fc7-ae1f-1a5dac4e4108,2026-08-14T12:35:02.949470,ANON0af2569e,www.jumia/accueil.com,155,tablette,,False,0.0
5dd77f15-8e0d-49c9-a865-552e48633e12,2026-08-29T03:19:02.949470,CLI00183,www.jumia/a-propos.com,73,mobile,CMP0007,False,0.0
55fdf68e-b74d-48c4-a3b8-99b6339a1699,2026-07-21T17:50:02.949470,CLI00269,www.jumia/confirmation-commande.com,136,desktop,,True,201.59
ce78cc3e-c171-4c7b-9e06-abfe86c0c82a,2026-07-29T01:53:02.949470,ANON6de811de,www.jumia/produit/detail.com,1,desktop,,False,0.0
0edf6e60-2624-48be-b153-cc5c8b4e601b,2026-08-01T20:12:02.949470,ANONf99a2ba2,www.jumia/accueil.com,153,mobile,,False,0.0
3f00a999-87cf-4235-99f8-fa61834d5307,2026-07-22T08:33:02.949470,ANON6e14ab2a,www.jumia/produits.com,3,mobile,,False,0.0
bf9fb051-4298-4304-94c8-11ae28740432,2026-07-09T17:47:02.949470,ANON1fd3eea1,www.jumia/confirmation-commande.com,198,mobile,,True,249.97
ccf4751c-fc2e-4351-a28a-92739c708ef7,2026-07-11T14:16:02.949470,CLI00303,www.jumia/blog.com,434,desktop,,False,0.0
4b02cbf5-07a6-4ea5-bdac-72749d895682,2026-07-10T21:07:02.949470,CLI00111,www.jumia/contact.com,31,desktop,CMP0015,False,0.0
c1b8669a-08ba-488e-9d52-04390c0ea0e1,2026-07-31T07:36:02.949470,CLI00218,www.jumia/produits.com,21,tablette,CMP0005,False,0.0
bee03eb8-65a9-468f-a359-df38d87c88d7,2026-08-16T14:58:02.949470,CLI00369,www.jumia/contact.com,130,tablette,CMP0011,False,0.0
040a23a5-4687-4f93-a3a0-df7306a23948,2026-08-12T07:57:02.949470,ANON412b8009,www.jumia/blog.com,26,tablette,,False,0.0
2b6d8172-fc5a-4f13-a7d6-3d21f9a31647,2026-08-30T23:17:02.949470,ANON2ed598c8,www.jumia/produit/detail.com,180,desktop,,False,0.0
17506796-7bba-412f-bc6e-85de301d1da1,2026-07-31T05:10:02.949470,CLI00317,www.jumia/produits.com,9,desktop,CMP0001,False,0.0
bc6f2570-6ab6-4a9e-8af5-cfa12d814bfe,2026-08-20T00:16:02.949470,CLI00093,www.jumia/promo.com,12,tablette,CMP0004,False,0.0
8d649d89-5e38-4fcc-bb38-9bc08e26bb28,2026-07-17T09:59:02.949470,ANONf3b27581,www.jumia/confirmation-commande.com,348,desktop,,True,94.3
72d5a581-ac3a-4424-a952-f882657f7d87,2026-08-18T02:11:02.949470,ANONc9db6631,www.jumia/produits.com,100,desktop,CMP0003,False,0.0
c0e4da8a-0b5c-4cf8-ae26-11d8e008cb1d,2026-07-09T05:36:02.949470,CLI00193,www.jumia/accueil.com,168,desktop,CMP0002,False,0.0
5ef78ac0-d4e3-4c74-a78c-4cc2f7f7f00f,2026-08-06T04:00:02.949470,CLI00303,www.jumia/produits.com,35,desktop,,False,0.0
cbc7c8f3-e6a6-46bd-8156-cf2b3ef23c20,2026-08-04T18:19:02.949470,CLI00154,www.jumia/checkout.com,101,mobile,CMP0003,False,0.0
818299e5-2052-46a1-a751-d72e87a8c8ff,2026-07-18T05:10:02.949470,CLI00460,www.jumia/produit/detail.com,81,tablette,CMP0002,False,0.0
a4f61e17-2aab-422f-a50f-0a51a1522607,2026-07-20T11:02:02.949470,ANON3ce2122f,www.jumia/produits.com,83,tablette,,False,0.0
adfb4b0f-333e-47e5-ac32-59a316a60cfe,2026-09-02T18:15:02.949470,ANON0c4fd946,www.jumia/blog.com,103,desktop,,False,0.0
5859ab9d-79af-48fa-b76e-db0ab75344b8,2026-09-03T10:02:02.949470,CLI00105,www.jumia/confirmation-commande.com,77,tablette,CMP0004,True,36.76
675aa71f-6088-45f9-8d1e-025258ce6d5c,2026-07-17T18:41:02.949470,CLI00462,www.jumia/blog.com,50,desktop,CMP0006,False,0.0
14b7cb92-56b6-4db5-86b4-35b3b5895b08,2026-08-08T20:54:02.949470,ANONf03ae8f2,www.jumia/a-propos.com,29,desktop,CMP0010,False,0.0
f5cad704-46b8-44c7-aa04-8c85e3ee6f11,2026-08-15T00:16:02.949470,ANON4f78081e,www.jumia/confirmation-commande.com,131,tablette,CMP0009,True,264.89
3b62d05e-06ad-4bcf-a4c5-3f2de8519f2f,2026-07-09T13:05:02.949470,ANONf228e9be,www.jumia/produits.com,23,mobile,CMP0015,False,0.0
6700bba6-e127-4f39-88d8-ba1e2022a916,2026-08-10T06:53:02.949470,ANONbc90737e,www.jumia/produits.com,106,desktop,CMP0009,False,0.0
0e061142-ed4d-4ba0-aa19-bfef03bbc0c0,2026-08-04T06:20:02.949470,CLI00106,www.jumia/produits.com,23,tablette,,False,0.0
f498edde-9d5a-46ff-ab0e-9ec01b3a41d2,2026-07-20T04:06:02.949470,ANONb1ee696d,www.jumia/a-propos.com,88,tablette,,False,0.0
d9f47c48-7e94-481d-ab87-80e4ec90cd06,2026-08-22T20:18:02.949470,ANON8d6bf1c1,www.jumia/produits.com,123,desktop,CMP0004,False,0.0
2c78ed1f-c21e-4ab2-b8d6-0f1d5b94d4c0,2026-08-30T06:44:02.949470,ANON0cc5d9d0,www.jumia/produit/detail.com,22,desktop,CMP0012,False,0.0
82171421-202d-43bf-8750-71052aaebba7,2026-09-01T23:38:02.949470,ANON10bd4269,www.jumia/promo.com,5,desktop,,False,0.0
3a48eb13-e64b-412d-8477-a87522738d25,2026-08-22T02:20:02.949470,ANON742c10b6,www.jumia/produits.com,12,mobile,,False,0.0
4d17bbf6-bafd-4b48-8799-f1ae5df33e7a,2026-07-10T10:52:02.949470,CLI00047,www.jumia/produits.com,83,desktop,CMP0015,False,0.0
509b3847-c52d-44d5-862c-0ffcbad641fe,2026-08-21T06:37:02.949470,CLI00329,www.jumia/confirmation-commande.com,170,mobile,CMP0002,True,118.3
85b52887-3f34-4ea8-8641-bb8f60e96a09,2026-09-03T20:52:02.949470,CLI00158,www.jumia/checkout.com,4,mobile,CMP0004,True,140.67
9ed3741d-01b6-4917-beeb-9074f8e2fed0,2026-08-17T16:38:02.949470,ANON43894995,www.jumia/blog.com,119,desktop,,False,0.0
d8674d40-c0ae-47bd-8235-1b1f4b36dfc0,2026-08-14T11:51:02.949470,CLI00234,www.jumia/blog.com,37,tablette,,False,0.0
7c9c6833-1c77-4e78-8bd8-22393a9e5ecf,2026-08-28T16:59:02.949470,CLI00454,www.jumia/checkout.com,58,mobile,CMP0013,True,174.13
ba81694a-7b4d-4851-9a9d-19a17b5158e3,2026-08-13T12:38:02.949470,ANONef5ec46f,www.jumia/promo.com,237,desktop,CMP0010,False,0.0
40a8f649-326a-4762-be89-acedae52c3a4,2026-07-26T22:35:02.949470,CLI00317,www.jumia/produits.com,36,mobile,CMP0011,False,0.0
f04e49d5-7980-4310-8dd8-5fce6ba91504,2026-07-31T22:30:02.949470,CLI00329,www.jumia/blog.com,56,tablette,,False,0.0
316dfb77-96b3-46b7-a280-3ca98f09b09b,2026-08-13T20:33:02.949470,ANON1cf0a8ba,www.jumia/a-propos.com,1,tablette,CMP0013,False,0.0
6e4150e7-9f5f-40a0-9daa-7dc844d91485,2026-07-14T00:14:02.949470,ANON525f33a6,www.jumia/blog.com,7,tablette,CMP0013,False,0.0
76611510-6682-456e-9858-b8f69c09c086,2026-07-15T08:24:02.949470,CLI00043,www.jumia/contact.com,26,desktop,CMP0003,False,0.0
0c0ed89c-96b3-461d-9b10-27039e8701a7,2026-09-03T14:57:02.949470,CLI00317,www.jumia/promo.com,2,desktop,CMP0013,False,0.0
e339d119-7aa8-4710-9a1e-7519865ce392,2026-07-14T19:05:02.949470,CLI00410,www.jumia/produits.com,89,tablette,CMP0005,False,0.0
4475666f-9fc8-4fbf-b464-ca03177872db,2026-07-05T18:54:02.949470,ANON02c0aef9,www.jumia/confirmation-commande.com,50,mobile,CMP0003,True,155.3
8abd79f4-03eb-4543-bb8a-7de4822f0a11,2026-08-10T15:01:02.949470,CLI00016,www.jumia/accueil.com,71,tablette,CMP0004,False,0.0
dfb92f7e-d28b-4ae7-8d00-8612b4dafca0,2026-08-17T09:30:02.949470,ANONd98f7455,www.jumia/promo.com,17,desktop,,False,0.0
0a21235e-e5d9-4ec4-9b9e-25fc56ff278b,2026-08-21T22:48:02.949470,ANON40f8cc09,www.jumia/produits.com,31,mobile,,False,0.0
4752ad32-aead-46c1-ba48-f1457af86522,2026-08-14T05:37:02.949470,ANON81dab065,www.jumia/accueil.com,98,desktop,CMP0003,False,0.0
95663049-b069-4b19-8a85-2c2c09977b99,2026-08-18T11:28:02.949470,ANON87ec92c2,www.jumia/produit/detail.com,302,tablette,,False,0.0
8d7844d1-251a-460b-856d-e528f07cd978,2026-09-04T10:57:02.949470,CLI00283,www.jumia/accueil.com,4,mobile,CMP0007,False,0.0
50ff93c3-9508-4bde-b0a4-58fc1e43fc5b,2026-08-24T23:48:02.949470,CLI00154,www.jumia/contact.com,198,desktop,CMP0013,False,0.0
4aafc5f4-d0f6-4582-b342-68b332c5032b,2026-08-03T07:16:02.949470,ANON56f54aeb,www.jumia/accueil.com,77,tablette,,False,0.0
eb0e1672-8d54-4763-b356-0b0fd720f5d1,2026-08-11T18:48:02.949470,ANON354a9a55,www.jumia/promo.com,74,tablette,,False,0.0
3a8d225d-0b1d-4283-86ee-54151e65659a,2026-07-27T07:57:02.949470,CLI00019,www.jumia/produits.com,62,desktop,,False,0.0
9897cc32-5902-4525-86b8-087872a72f88,2026-07-27T15:25:02.949470,CLI00264,www.jumia/a-propos.com,6,desktop,CMP0013,False,0.0
e1c623ab-62eb-4eaf-a42a-6d60e919ddbb,2026-08-08T11:31:02.949470,ANONe70b1120,www.jumia/confirmation-commande.com,8,tablette,CMP0012,True,136.29
d406f1e4-3ae1-42af-9b79-7731c54cbb95,2026-08-14T01:36:02.949470,ANON353a915f,www.jumia/blog.com,82,tablette,CMP0011,False,0.0
0d3656df-74a6-42b1-bf50-a8dd73e7e85b,2026-07-13T23:25:02.949470,CLI00051,www.jumia/panier.com,37,tablette,CMP0015,False,0.0
10b4eab7-2b2f-4a64-8280-6185b698691d,2026-07-29T19:31:02.949470,ANON182d0be9,www.jumia/contact.com,224,mobile,CMP0014,False,0.0
27c8e678-099b-4c4a-9755-a9504243d3b3,2026-08-23T13:11:02.949470,CLI00169,www.jumia/produits.com,46,tablette,CMP0009,False,0.0
24114e73-c688-4750-a6aa-52ccaa1d5b2f,2026-08-21T03:26:02.949470,ANON73dc9a08,www.jumia/confirmation-commande.com,13,tablette,,True,223.01
d9ea5ba1-959e-4889-94ab-a19cfd0043c3,2026-07-16T17:08:02.949470,ANON50467761,www.jumia/produits.com,112,desktop,CMP0002,False,0.0
47c14a7e-6e65-4d2c-9fbc-c089c4f9b05b,2026-08-04T13:18:02.949470,CLI00226,www.jumia/produit/detail.com,31,tablette,CMP0006,False,0.0
9e20bc58-72f0-4401-8bfb-caf1e2f4bc19,2026-07-21T12:54:02.949470,ANON8f01a0f4,www.jumia/blog.com,67,desktop,,False,0.0
63273d53-117b-4662-bc0d-a0b2e173287b,2026-07-19T14:35:02.949470,CLI00114,www.jumia/produit/detail.com,107,tablette,,False,0.0
02dd34c2-befb-4cda-9cc5-92ce12bf1796,2026-08-21T07:03:02.949470,CLI00262,www.jumia/a-propos.com,207,desktop,CMP0009,False,0.0
9035a43a-0268-4551-84cd-3d189578fd46,2026-08-27T15:05:02.949470,CLI00410,www.jumia/confirmation-commande.com,141,tablette,,True,123.3
475c7f0b-f5c7-4934-902c-95bfffd69b62,2026-07-15T13:29:02.949470,ANONbb3b2e8e,www.jumia/a-propos.com,101,tablette,CMP0013,False,0.0
9c3b94a8-0f69-482a-88ed-4b363068440e,2026-07-17T00:05:02.949470,ANON1d8101c3,www.jumia/accueil.com,102,mobile,,False,0.0
b0cc49a4-990d-4036-b692-444be48691a5,2026-08-08T00:41:02.949470,CLI00460,www.jumia/a-propos.com,262,tablette,CMP0004,False,0.0
58f6fab9-bf6e-4a01-bcb8-9ff73ed52e21,2026-07-27T08:06:02.949470,ANON0ccacb42,www.jumia/blog.com,31,desktop,,False,0.0
ecd8028d-996f-4d11-bfb6-dad389d8285d,2026-09-02T08:12:02.949470,ANONd1bc1bc7,www.jumia/blog.com,1,desktop,CMP0001,False,0.0
b9fe1aa2-b2b9-474c-ba84-debbc900da7d,2026-07-26T11:46:02.949470,ANONfb110ac9,www.jumia/promo.com,28,desktop,CMP0005,False,0.0
b0a746c8-8b90-4a19-b2b9-0dcfe174b7b9,2026-08-28T13:02:02.949470,CLI00326,www.jumia/panier.com,22,mobile,CMP0002,False,0.0
b000c5ac-1d7b-4173-99c0-ec63d13c87ea,2026-09-04T09:52:02.949470,ANONb9995551,www.jumia/confirmation-commande.com,97,mobile,,True,185.91
df83e335-af38-49e5-a5c5-625e4d0b703b,2026-09-03T11:16:02.949470,CLI00363,www.jumia/contact.com,90,desktop,,False,0.0
8f97228c-a2e5-48df-8d0f-ceba05a8bf34,2026-07-11T15:36:02.949470,CLI00270,www.jumia/blog.com,81,tablette,,False,0.0
d4d603ef-85ea-4e5d-af30-0c715e7ecd69,2026-08-30T23:59:02.949470,CLI00384,www.jumia/produits.com,1,tablette,CMP0013,False,0.0
5f69b431-5a65-4ba6-9a8d-44248448c26b,2026-08-14T09:59:02.949470,CLI00209,www.jumia/confirmation-commande.com,117,mobile,CMP0004,True,239.33
a34129bc-1c53-449c-9722-60bbbadafc69,2026-08-24T06:21:02.949470,CLI00058,www.jumia/promo.com,35,desktop,,False,0.0
965bc67d-265c-4f70-a603-8731693bda4b,2026-08-03T11:10:02.949470,ANONd7a961e0,www.jumia/accueil.com,98,tablette,CMP0015,False,0.0
e412c2dc-8d8d-4a39-9d16-acdd4e3c1c04,2026-07-19T06:19:02.949470,CLI00057,www.jumia/blog.com,73,mobile,CMP0003,False,0.0
00ba242c-523d-4db0-977d-3b5c50ae27e4,2026-08-27T19:37:02.949470,CLI00244,www.jumia/produit/detail.com,37,mobile,,False,0.0
57a45739-05e3-4a86-b811-cdecac174614,2026-09-03T02:41:02.949470,ANON5abedc8e,www.jumia/panier.com,13,desktop,CMP0005,False,0.0
91712718-5f97-4059-8d55-74c09d64d107,2026-08-24T16:10:02.949470,CLI00025,www.jumia/promo.com,8,tablette,CMP0007,False,0.0
282b0105-6646-46f6-a8c5-bfaa12eb0d59,2026-08-08T02:59:02.949470,CLI00043,www.jumia/a-propos.com,160,mobile,,False,0.0
27be4b36-50e9-4dcb-889f-7c6e0e14a09b,2026-07-22T19:22:02.949470,CLI00003,www.jumia/produits.com,225,desktop,CMP0015,False,0.0
9b99d2f0-80c1-468f-991e-e3cd4db6a798,2026-08-30T02:00:02.949470,CLI00452,www.jumia/a-propos.com,94,desktop,,False,0.0
f5c8e3eb-804f-42c8-98db-9725caf0434c,2026-07-31T18:03:02.949470,CLI00140,www.jumia/blog.com,9,mobile,CMP0006,False,0.0
63b131ab-a4ca-4bb8-a7d0-54413406ae04,2026-07-28T02:09:02.949470,CLI00456,www.jumia/blog.com,46,desktop,CMP0007,False,0.0
d042b448-3776-4919-81e4-b2faf9419a2c,2026-08-29T03:31:02.949470,ANON68787cb1,www.jumia/produit/detail.com,117,desktop,,False,0.0
e427fbb3-d58c-4f8d-a3f7-a9e16a40f567,2026-07-13T20:12:02.949470,CLI00357,www.jumia/checkout.com,136,mobile,CMP0004,False,0.0
68d99257-5811-404b-b767-5f8c5aa5ae53,2026-07-12T14:16:02.949470,ANONc80b0afd,www.jumia/confirmation-commande.com,11,tablette,CMP0009,True,131.5
c8e2f401-40e6-4b16-9684-c5690444f64a,2026-08-15T15:41:02.949470,CLI00022,www.jumia/produit/detail.com,1,mobile,,False,0.0
12f2a12f-bff6-476b-a3ee-0951d5eb39e7,2026-08-31T05:52:02.949470,ANON288b8caa,www.jumia/panier.com,112,tablette,,False,0.0
64e1a398-eebe-469f-bb4e-331daf9ca888,2026-07-20T19:15:02.949470,ANON0550ce48,www.jumia/a-propos.com,39,mobile,CMP0006,False,0.0
bb22b46d-0992-4e60-8eb1-d93fcb64ff3a,2026-07-10T23:56:02.949470,CLI00311,www.jumia/confirmation-commande.com,26,tablette,CMP0005,True,128.33
7f9da1a1-73df-47ce-a6b1-3b040b0f8dd9,2026-08-07T02:50:02.949470,CLI00288,www.jumia/promo.com,1,mobile,,False,0.0
c96e47c8-3aaa-485d-9d0d-d2c582ae0000,2026-08-28T10:25:02.949470,ANONdac657e1,www.jumia/promo.com,69,tablette,CMP0011,False,0.0
f7658934-e85c-4658-bb3e-ee59c6dd9168,2026-08-10T22:10:02.949470,CLI00190,www.jumia/produits.com,171,mobile,CMP0008,False,0.0
61c1c102-09d2-4aae-a951-006d5cd1d92e,2026-08-11T16:16:02.949470,ANON08795c6e,www.jumia/promo.com,284,mobile,CMP0002,False,0.0
253aad85-7996-4e53-830d-eca8dc55029a,2026-07-27T01:15:02.949470,CLI00278,www.jumia/produit/detail.com,75,tablette,CMP0015,False,0.0
500dd4e5-522a-4c5c-bf55-ad7ee873cfed,2026-08-23T16:20:02.949470,ANONcda34860,www.jumia/promo.com,65,desktop,CMP0013,False,0.0
31f45993-7a9d-40c0-bff2-e1763584a2de,2026-07-23T09:00:02.949470,ANONf387faa8,www.jumia/promo.com,8,mobile,CMP0007,False,0.0
a1c3e9ab-4879-4d70-8a2d-18222b36a4eb,2026-08-04T18:55:02.949470,ANONf81e04b5,www.jumia/panier.com,71,tablette,CMP0012,False,0.0
4da57543-1eb1-45ad-a8c0-3736124b3b0c,2026-08-28T03:46:02.949470,CLI00242,www.jumia/contact.com,43,mobile,,False,0.0
325ea35d-06b6-44af-891a-af1940ffe0cd,2026-07-27T08:23:02.949470,ANON1d370817,www.jumia/promo.com,84,desktop,CMP0003,False,0.0
291abba6-2b27-4c3a-8cae-45eedb26c743,2026-08-24T14:26:02.949470,CLI00485,www.jumia/panier.com,44,desktop,,False,0.0
2ed9ae19-e533-4e5a-8272-3eb464a75363,2026-08-29T21:54:02.949470,CLI00064,www.jumia/accueil.com,24,tablette,CMP0010,False,0.0
6c5de715-110b-4fc5-9713-55cb0250fd1c,2026-07-08T21:39:02.949470,ANONab5b85a1,www.jumia/contact.com,8,desktop,,False,0.0
db06c92e-e198-4e94-a513-47085e371e4b,2026-08-29T02:21:02.949470,CLI00037,www.jumia/checkout.com,34,desktop,CMP0005,False,0.0
c9457f7e-baa4-49e6-afc7-afb493f865e2,2026-07-13T23:54:02.949470,CLI00257,www.jumia/confirmation-commande.com,9,mobile,,True,129.37
ad82f74a-ccad-4272-ae7c-ad57aa8aa32a,2026-07-20T04:49:02.949470,ANONdce98b52,www.jumia/contact.com,17,desktop,,False,0.0
27893692-aa99-442a-949a-593d8b924518,2026-07-12T07:06:02.949470,CLI00110,www.jumia/promo.com,393,tablette,CMP0011,False,0.0
08f96d7d-53d1-407f-bdc4-52f31d4a6157,2026-07-25T22:47:02.949470,CLI00495,www.jumia/confirmation-commande.com,52,mobile,,True,114.61
7e428fba-21f8-4e37-be7c-11d740fec7d4,2026-08-28T16:19:02.949470,CLI00383,www.jumia/promo.com,68,desktop,CMP0014,False,0.0
0ab7e82f-41e9-4052-a950-c2a639b3e7af,2026-08-28T09:55:02.949470,CLI00210,www.jumia/blog.com,186,mobile,,False,0.0
ee053e44-81f4-41c5-8467-980b2d526fb5,2026-07-15T11:21:02.949470,ANONd3ca12eb,www.jumia/produits.com,487,mobile,,False,0.0
072934da-038e-40e9-81f1-f5e240c025d8,2026-07-31T23:47:02.949470,ANONda1b40b7,www.jumia/checkout.com,78,desktop,CMP0012,False,0.0
8cf32729-3567-451a-89f0-e81315a781d5,2026-07-07T08:38:02.949470,ANONaa16796f,www.jumia/contact.com,150,tablette,CMP0013,False,0.0
a504a49c-b2b4-4b02-b22b-1afe5c45fcef,2026-08-19T21:48:02.949470,CLI00303,www.jumia/contact.com,35,tablette,,False,0.0
754ae4b5-2039-4eb6-b63f-0fb8938e55c2,2026-08-26T16:47:02.949470,CLI00179,www.jumia/confirmation-commande.com,32,mobile,,True,177.99
a34538a6-017f-4d36-97b8-bdc857a97f7a,2026-08-08T16:45:02.949470,CLI00393,www.jumia/blog.com,46,mobile,CMP0005,False,0.0
ea36744f-b74b-4caf-b9cb-a62451c6f152,2026-07-13T08:33:02.949470,CLI00010,www.jumia/produits.com,100,desktop,CMP0014,False,0.0
fc58a258-cd0e-452d-92fe-4924ffc34123,2026-07-28T14:15:02.949470,CLI00054,www.jumia/contact.com,103,tablette,CMP0014,False,0.0
0908d96e-6c9a-42fc-9408-41dc937407fe,2026-07-08T07:01:02.949470,CLI00018,www.jumia/contact.com,34,tablette,CMP0011,False,0.0
8324ae68-afd4-4c0b-9858-5031392d5ebc,2026-08-02T17:10:02.949470,CLI00349,www.jumia/produits.com,12,desktop,CMP0009,False,0.0
74881a80-358b-47ee-972f-bf741bd19d11,2026-09-01T16:41:02.949470,CLI00415,www.jumia/panier.com,90,tablette,CMP0013,False,0.0
d09cbf62-dbc4-452b-8370-03e31d7e5972,2026-08-10T12:59:02.949470,CLI00102,www.jumia/blog.com,12,desktop,CMP0011,False,0.0
3ca2377d-bcdc-462f-bcd6-fb3019bddb80,2026-07-21T06:28:02.949470,CLI00270,www.jumia/promo.com,77,desktop,,False,0.0
e4797bbd-9df6-4324-ac65-ca1a57b3de91,2026-07-08T09:35:02.949470,CLI00110,www.jumia/checkout.com,106,mobile,CMP0003,False,0.0
8282253c-6c92-49c6-816b-1ab763b26b15,2026-07-20T06:24:02.949470,ANON890cf587,www.jumia/produits.com,108,desktop,CMP0004,False,0.0
94f4bbe5-3db4-4f2c-a1fe-1345978795be,2026-07-17T20:10:02.949470,CLI00253,www.jumia/checkout.com,126,mobile,CMP0014,False,0.0
48675e2d-8d0c-4124-a537-dcfef3b4688b,2026-08-02T07:26:02.949470,CLI00246,www.jumia/promo.com,185,desktop,,False,0.0
bd1089f9-41cc-4f2a-bf82-4f872d72387c,2026-08-02T21:16:02.949470,CLI00394,www.jumia/accueil.com,62,tablette,CMP0001,False,0.0
658af0b1-fadd-40f0-b01c-bebeb6980af5,2026-07-09T09:15:02.949470,ANONfa9328af,www.jumia/blog.com,117,desktop,,False,0.0
7c4bcd1b-5755-4f76-8ae8-4e9ad40f784d,2026-08-09T22:56:02.949470,CLI00499,www.jumia/confirmation-commande.com,86,tablette,,True,66.72
373383f9-c74e-4db8-baf0-7b29e479d6c3,2026-08-01T02:29:02.949470,ANONd96ae3ea,www.jumia/checkout.com,18,mobile,,False,0.0
5e0153cc-c2ef-4b25-ab5e-fe8843c854b7,2026-07-15T11:27:02.949470,CLI00481,www.jumia/promo.com,2,mobile,,False,0.0
4bc8cfde-acc4-4df9-a2d8-bcc822249a6d,2026-07-10T23:15:02.949470,ANON0059e75a,www.jumia/produit/detail.com,30,mobile,CMP0004,False,0.0
3ff9f180-79aa-4529-af99-f0a88b55a76a,2026-07-22T15:14:02.949470,CLI00194,www.jumia/produits.com,52,mobile,CMP0014,False,0.0
3fea7216-f853-4254-9ef9-a2dda63c1d52,2026-08-12T10:22:02.949470,ANON7b347add,www.jumia/produit/detail.com,86,desktop,,False,0.0
818e7f6c-6160-4140-b5a1-a6908fe7a8cd,2026-08-26T14:27:02.949470,ANON51279b0d,www.jumia/contact.com,170,desktop,CMP0013,False,0.0
61086c98-3597-4ef1-9d55-3bbf35f9fc22,2026-08-15T14:49:02.949470,ANON9b38fd45,www.jumia/produit/detail.com,19,desktop,CMP0006,False,0.0
9397c34c-d754-4aa3-9570-47b21fee66f4,2026-08-18T04:49:02.949470,CLI00050,www.jumia/a-propos.com,12,tablette,CMP0002,False,0.0
fcdc10a1-0299-49bc-9c7e-2289d97d874d,2026-08-29T16:53:02.949470,ANONedec4c6e,www.jumia/panier.com,297,tablette,CMP0007,False,0.0
0390e1f9-b8ac-4b70-bfee-55e937de9316,2026-07-07T15:53:02.949470,ANONbb5b789c,www.jumia/a-propos.com,10,mobile,CMP0004,False,0.0
26297c46-0c07-4c06-9360-5e6f01609562,2026-08-19T12:45:02.949470,CLI00155,www.jumia/produits.com,58,tablette,CMP0012,False,0.0
9d745d12-936b-4c70-8afd-484f65105d5d,2026-08-24T03:27:02.949470,CLI00344,www.jumia/produit/detail.com,79,mobile,CMP0002,False,0.0
50229da6-1436-4eec-8ecc-333f68d821f0,2026-07-06T20:48:02.949470,CLI00125,www.jumia/confirmation-commande.com,70,mobile,,True,91.08
d36c5318-2bc1-4c2e-b0e6-ff8026daf10d,2026-08-31T21:39:02.949470,CLI00467,www.jumia/blog.com,8,mobile,CMP0003,False,0.0
1816497a-da35-473c-a793-d9d1878c938a,2026-07-17T19:04:02.949470,CLI00150,www.jumia/contact.com,5,desktop,CMP0013,False,0.0
07102b88-72dd-41ab-bb39-e1116adb8fc7,2026-07-08T18:08:02.949470,ANON5b571af5,www.jumia/contact.com,10,desktop,CMP0007,False,0.0
4b4bd19c-af77-491f-8db6-74658f197f45,2026-07-12T11:47:02.949470,CLI00380,www.jumia/promo.com,79,desktop,,False,0.0
53636edc-4a44-4269-a0b6-8fa28d2a58e8,2026-07-06T09:58:02.949470,ANON15e8591a,www.jumia/produits.com,70,tablette,,False,0.0
359f61cf-813a-4a18-8912-d13b08c339cd,2026-07-31T23:38:02.949470,CLI00269,www.jumia/a-propos.com,23,desktop,CMP0001,False,0.0
2efb1bb5-1d46-42aa-8568-69bc9c964abe,2026-08-09T20:14:02.949470,CLI00295,www.jumia/panier.com,91,mobile,CMP0009,False,0.0
0837837f-803d-4743-bdde-8578dce51573,2026-07-20T15:42:02.949470,ANONa78a5714,www.jumia/blog.com,154,desktop,CMP0005,False,0.0
d6d309aa-5468-4e7e-823c-709afe2e0ff3,2026-08-14T08:01:02.949470,ANON13ed72cc,www.jumia/blog.com,3,mobile,CMP0010,False,0.0
248a2c99-7181-482b-935b-097bf79ed9f9,2026-07-26T17:29:02.949470,CLI00350,www.jumia/accueil.com,62,desktop,,False,0.0
a0d1fc18-f8ac-4b78-ba38-5cc9d31c0103,2026-08-25T03:22:02.949470,CLI00290,www.jumia/contact.com,105,tablette,,False,0.0
ac563b72-a69e-479f-8bd7-5ae602c92006,2026-07-06T01:51:02.949470,ANON805da606,www.jumia/produits.com,26,tablette,CMP0014,False,0.0
22b3202b-ac1b-4daa-b766-2d97b84f314b,2026-08-13T09:15:02.949470,CLI00443,www.jumia/confirmation-commande.com,33,mobile,CMP0009,True,174.22
6af7f973-b1f2-4f77-b9f9-76116451f8a6,2026-07-18T07:06:02.949470,CLI00006,www.jumia/contact.com,85,desktop,CMP0007,False,0.0
7c50dbba-0a69-4fa0-a723-c0193b4482a7,2026-07-16T21:53:02.949470,CLI00128,www.jumia/blog.com,205,tablette,,False,0.0
292ad9ef-6855-4021-be92-f176d4784904,2026-07-14T04:42:02.949470,CLI00058,www.jumia/blog.com,149,tablette,CMP0001,False,0.0
649f80dd-54f7-4679-9bbf-795cea3ad52b,2026-08-21T19:07:02.949470,CLI00406,www.jumia/checkout.com,78,mobile,,False,0.0
0edd8e8a-bac9-4176-8d1d-1203d63542ee,2026-08-30T13:46:02.949470,CLI00388,www.jumia/a-propos.com,117,desktop,CMP0006,False,0.0
3c7ff2d4-6b05-48f1-9b81-92222f587e93,2026-07-18T16:25:02.949470,CLI00210,www.jumia/confirmation-commande.com,40,desktop,,True,142.86
f2157279-e7b3-4196-8f17-617a101dd458,2026-08-28T21:02:02.949470,CLI00294,www.jumia/panier.com,92,tablette,CMP0015,False,0.0
6f428107-2d23-43d8-a330-57c25ff912d6,2026-08-20T05:39:02.949470,ANON9eb936f0,www.jumia/checkout.com,56,mobile,CMP0003,True,245.23
7ae94425-faea-4d20-8489-7393abe6d289,2026-07-15T11:47:02.949470,CLI00263,www.jumia/promo.com,18,tablette,CMP0010,False,0.0
608ba478-ee96-46b8-a80a-b70499ba7e9f,2026-08-05T13:09:02.949470,CLI00389,www.jumia/promo.com,108,desktop,CMP0004,False,0.0
6599bcdd-e4b3-4766-a048-0a02690a2e45,2026-07-12T10:31:02.949470,CLI00014,www.jumia/panier.com,73,mobile,CMP0014,False,0.0
9b0f4a30-141e-427b-8409-b5dc67dd1ba1,2026-07-28T08:04:02.949470,ANONc0e96b08,www.jumia/checkout.com,39,tablette,CMP0001,True,87.29
b07db758-c4fc-49f8-83d4-2bdf7ececa0b,2026-07-29T18:53:02.949470,CLI00415,www.jumia/panier.com,218,tablette,CMP0007,False,0.0
c33dc043-a5a5-4a79-b2fd-4bf684a81a2d,2026-08-15T12:09:02.949470,CLI00287,www.jumia/checkout.com,1,desktop,CMP0004,True,173.85
99a8e6d7-19d8-4c77-bf56-53441fc5a074,2026-08-04T09:27:02.949470,ANON6b6be390,www.jumia/accueil.com,34,desktop,,False,0.0
dbe76226-0166-4f51-8b3c-636b4143a470,2026-07-23T01:51:02.949470,ANONbb85d5b3,www.jumia/promo.com,5,tablette,CMP0011,False,0.0
07efb149-2eea-42eb-bf2f-4dc7838159e9,2026-08-04T16:12:02.949470,CLI00041,www.jumia/contact.com,130,mobile,,False,0.0
1b878a51-a3a5-461e-8d9f-6f33ebe21f7a,2026-07-08T01:46:02.949470,ANONd2b5cbf4,www.jumia/contact.com,108,desktop,CMP0010,False,0.0
31375f27-e255-4118-8d73-125b9c541051,2026-09-02T10:29:02.949470,ANON72ae8e4f,www.jumia/confirmation-commande.com,36,mobile,,True,48.15
46b712e0-cbd0-4daa-8c9d-3d5e75f9b5da,2026-07-25T11:49:02.949470,ANONe99ca362,www.jumia/promo.com,101,desktop,,False,0.0
4300b325-35a0-4c75-bd8d-15ab27053acf,2026-08-19T09:18:02.949470,ANON79ffc641,www.jumia/a-propos.com,45,mobile,,False,0.0
5afce6bd-095b-4cc0-a73c-eaae07b9f4ed,2026-07-28T06:33:02.949470,ANONc6a2fccf,www.jumia/produit/detail.com,127,desktop,,False,0.0
8b304af7-ea52-4bfc-af45-e85126ba549f,2026-07-09T09:10:02.949470,ANON47e6885d,www.jumia/confirmation-commande.com,54,tablette,,True,248.02
0b58b138-7097-4f69-9b84-769635bd903a,2026-08-31T04:23:02.949470,CLI00056,www.jumia/accueil.com,47,desktop,CMP0014,False,0.0
f7cecee6-0956-4eb8-8efe-3e34bcec80a8,2026-08-11T09:57:02.949470,CLI00345,www.jumia/confirmation-commande.com,245,desktop,CMP0008,True,134.22
921f15bd-d9b3-4544-b6e9-fbd766cbbe05,2026-07-15T11:08:02.949470,CLI00199,www.jumia/promo.com,25,mobile,,False,0.0
87ec2eab-7729-499b-8098-b007c284a21f,2026-07-24T10:53:02.949470,CLI00105,www.jumia/promo.com,11,mobile,CMP0011,False,0.0
555adf57-75a4-40ff-8791-f75ea4b5d8ed,2026-08-13T10:48:02.949470,CLI00440,www.jumia/confirmation-commande.com,79,mobile,,True,226.37
6529bbcd-431d-4fac-8db7-a60dfc1dcb93,2026-08-28T07:56:02.949470,ANONb0abdfb5,www.jumia/produit/detail.com,313,tablette,,False,0.0
a3e014f6-5382-4273-8ab1-87fa56d3738c,2026-08-20T07:36:02.949470,ANON17c5fbbc,www.jumia/a-propos.com,42,desktop,CMP0003,False,0.0
95f17560-5fdd-41da-9869-59aa901060cb,2026-07-08T14:21:02.949470,ANON615a3c68,www.jumia/contact.com,5,desktop,,False,0.0
78a9f98c-b1b6-4741-a2a3-2b83de2a00b8,2026-08-13T06:01:02.949470,CLI00290,www.jumia/blog.com,37,mobile,CMP0011,False,0.0
5f7176f4-af53-4626-a7e6-d69a8446cb07,2026-07-30T02:03:02.949470,ANON9f53453c,www.jumia/contact.com,63,mobile,CMP0003,False,0.0
59961b89-d8ea-4f39-90cb-76ced079bb05,2026-08-16T20:35:02.949470,ANON413d7a1e,www.jumia/confirmation-commande.com,15,tablette,,True,50.11
00a480e2-15f3-4db0-9157-55f91b1a0c72,2026-08-13T07:43:02.949470,CLI00277,www.jumia/produit/detail.com,96,desktop,CMP0013,False,0.0
bbd02b61-7531-424f-8bb4-5996146de0a0,2026-07-17T23:46:02.949470,CLI00404,www.jumia/produit/detail.com,548,mobile,CMP0013,False,0.0
09d64311-6e34-4674-89ab-655602902428,2026-08-14T13:31:02.949470,CLI00404,www.jumia/blog.com,54,tablette,CMP0005,False,0.0
a5e78282-8c60-42e5-aeff-176cdd5fc514,2026-08-30T19:25:02.949470,ANON49e19f6b,www.jumia/promo.com,39,desktop,,False,0.0
1d8d7e4b-3979-4076-a58d-39c0207dcab7,2026-08-20T02:15:02.949470,CLI00177,www.jumia/produit/detail.com,46,mobile,,False,0.0
07250fe2-659c-4628-8387-12e3c202ca4c,2026-07-27T09:06:02.949470,CLI00072,www.jumia/promo.com,11,desktop,,False,0.0
9b965646-a481-4789-98a8-51668e7b38fe,2026-07-10T23:04:02.949470,ANONdbf45614,www.jumia/accueil.com,193,mobile,CMP0008,False,0.0
d97a0cc1-d02f-4f2a-8ea5-779eee437419,2026-08-25T07:27:02.949470,CLI00454,www.jumia/a-propos.com,48,desktop,,False,0.0
950168a8-99c4-4a0d-be36-60bce190d8d1,2026-07-24T12:02:02.949470,CLI00055,www.jumia/produits.com,44,tablette,,False,0.0
525777be-27e6-4846-b9a9-c6b1effa0100,2026-08-15T11:22:02.949470,CLI00494,www.jumia/checkout.com,97,tablette,CMP0003,False,0.0
249e0d83-6891-41d2-a53e-ccfbc3b1f0aa,2026-08-25T18:52:02.949470,CLI00155,www.jumia/produit/detail.com,52,desktop,CMP0008,False,0.0
88f676a6-c4e3-4a22-a360-81dd92c600a3,2026-07-26T19:02:02.949470,ANON956b68e9,www.jumia/contact.com,94,tablette,CMP0007,False,0.0
f26f4fc7-cfa1-4b1a-a020-8b97729917b4,2026-07-30T19:15:02.949470,ANON85765564,www.jumia/produit/detail.com,5,mobile,CMP0004,False,0.0
e1ccb24e-df1b-4a90-803d-066b28e122fe,2026-07-13T02:28:02.949470,CLI00461,www.jumia/produits.com,151,tablette,CMP0008,False,0.0
9d079297-fbd3-462a-83d2-cdd4c9bf98d0,2026-08-20T05:07:02.949470,ANON7f1ddc77,www.jumia/promo.com,253,tablette,CMP0007,False,0.0
34baddb2-4d1b-4596-8ad4-dc3540c398fe,2026-08-16T23:06:02.949470,ANON46b157db,www.jumia/contact.com,94,mobile,,False,0.0
8871979f-8eb3-4d22-b2f7-a4ea560018dd,2026-09-02T11:03:02.949470,ANON3c343735,www.jumia/checkout.com,278,desktop,CMP0013,False,0.0
ab2aa523-e410-46cd-97f6-f8b93f38e0dc,2026-08-11T06:23:02.949470,ANON7b9227a7,www.jumia/contact.com,14,tablette,CMP0010,False,0.0
f4f92c0e-0709-4992-9df8-de20ebe3af22,2026-08-11T06:51:02.949470,CLI00100,www.jumia/produit/detail.com,58,tablette,CMP0007,False,0.0
5a17bc18-b132-4f2a-9519-831b84a66d06,2026-08-10T10:32:02.949470,CLI00360,www.jumia/accueil.com,82,mobile,CMP0001,False,0.0
2bda502d-d40d-4621-b7c1-cab69a24cc82,2026-08-08T09:51:02.949470,CLI00011,www.jumia/produit/detail.com,78,tablette,CMP0002,False,0.0
30025f40-e361-4c96-ad40-e0747a24c920,2026-07-16T18:17:02.949470,CLI00371,www.jumia/contact.com,46,desktop,,False,0.0
e4059d21-cbc4-4c65-9073-62c07678e3b2,2026-07-25T05:49:02.949470,CLI00318,www.jumia/produit/detail.com,37,tablette,CMP0005,False,0.0
f24e137b-2846-4fef-a35e-201cc30f6071,2026-08-30T16:36:02.949470,CLI00213,www.jumia/produit/detail.com,12,desktop,CMP0015,False,0.0
238cd8e1-7e30-46c5-8d67-25a645d6215a,2026-07-26T15:19:02.949470,CLI00208,www.jumia/promo.com,44,desktop,CMP0002,False,0.0
033bdf5e-15b4-40d0-b38a-e9b3a60ba1d5,2026-07-22T02:42:02.949470,CLI00370,www.jumia/blog.com,15,mobile,,False,0.0
a411882b-700c-4846-af94-f2bd2e6fd9a2,2026-08-05T12:30:02.949470,CLI00278,www.jumia/panier.com,119,mobile,,False,0.0
dc0c395e-1bef-4215-8580-32046bd9e312,2026-07-06T12:55:02.949470,CLI00122,www.jumia/a-propos.com,21,mobile,CMP0008,False,0.0
dad5ef73-6cf2-4837-bf46-c6d235e62855,2026-07-31T12:17:02.949470,CLI00408,www.jumia/produits.com,5,desktop,,False,0.0
c920273d-2d80-41ee-8a49-ad6fb82f021e,2026-07-27T09:10:02.949470,CLI00039,www.jumia/checkout.com,72,tablette,CMP0003,False,0.0
7a80789e-6045-4424-ad43-4a586409fc8e,2026-07-27T11:17:02.949470,CLI00049,www.jumia/confirmation-commande.com,81,mobile,CMP0011,True,27.62
fbb6ef5d-f4b1-4a27-b278-8428e86513e3,2026-08-11T08:03:02.949470,ANON11e16255,www.jumia/contact.com,184,tablette,,False,0.0
62fd504b-d62c-419d-9991-f19691ac9790,2026-07-13T19:11:02.949470,ANONe2956711,www.jumia/accueil.com,77,mobile,CMP0002,False,0.0
e15889e6-eb49-4ce1-926a-7f9e35e99508,2026-08-29T11:41:02.949470,CLI00122,www.jumia/panier.com,38,tablette,CMP0012,False,0.0
2a718cd4-47ba-4342-aaf6-59a0f88551c3,2026-07-15T13:00:02.949470,ANON79a99dae,www.jumia/promo.com,146,tablette,,False,0.0
5c5854aa-1260-4149-84e3-a8ceea9abb71,2026-08-29T01:20:02.949470,CLI00304,www.jumia/produits.com,69,desktop,CMP0006,False,0.0
d07a16cf-84fc-4ac4-ba09-cbe02de609df,2026-08-09T15:30:02.949470,ANONb1d295fd,www.jumia/produits.com,7,desktop,CMP0006,False,0.0
e5d043eb-15fa-4b2a-bd3b-736f96ddbae6,2026-08-28T01:23:02.949470,CLI00145,www.jumia/promo.com,75,mobile,,False,0.0
0cc6f87c-ff67-47ad-b2e8-9fb508d49c1f,2026-07-07T08:53:02.949470,CLI00357,www.jumia/produits.com,214,desktop,,False,0.0
800b2a38-b9b1-4ddd-85d1-099b7fd4196a,2026-09-01T23:51:02.949470,ANON2959bfb8,www.jumia/promo.com,45,desktop,CMP0008,False,0.0
71fca117-22e1-4145-8ac3-31300086d8f2,2026-07-16T06:40:02.949470,CLI00280,www.jumia/panier.com,31,tablette,CMP0002,False,0.0
ecca9d29-a2d1-4a07-b92c-32b92b5ded80,2026-07-09T23:51:02.949470,ANON3335d58b,www.jumia/contact.com,13,tablette,,False,0.0
40e176da-95f8-4296-9644-86ef2bcdd8d4,2026-08-03T02:20:02.949470,CLI00405,www.jumia/contact.com,14,desktop,,False,0.0
67d96a08-310a-4f7f-8514-6625e627c0d5,2026-07-16T02:51:02.949470,CLI00453,www.jumia/confirmation-commande.com,51,tablette,CMP0005,True,260.08
ffbbf12d-31dc-4eb8-8814-28a2e98743d0,2026-09-01T09:05:02.949470,ANON14efb6e3,www.jumia/blog.com,81,desktop,CMP0010,False,0.0
333765ee-2f1b-4f8b-be60-6a639273c661,2026-08-04T21:53:02.949470,ANON928a5c10,www.jumia/checkout.com,7,tablette,,True,162.78
24d0f60c-3d78-4b81-8a7a-0d7f071fb5cb,2026-08-15T20:25:02.949470,ANON5761cc5c,www.jumia/panier.com,252,desktop,CMP0015,False,0.0
fec57203-6f4f-4fd1-a70e-fce9d26ae331,2026-09-03T12:13:02.949470,CLI00242,www.jumia/promo.com,126,desktop,CMP0005,False,0.0
9d45565e-23e9-420a-9f5d-5c1751bdb6aa,2026-07-09T14:33:02.949470,ANONbe85a710,www.jumia/accueil.com,79,tablette,,False,0.0
fb13c14d-ae2e-462c-800b-0862d3eeac49,2026-07-10T08:16:02.949470,CLI00066,www.jumia/checkout.com,158,desktop,CMP0004,False,0.0
6fa0a2cd-2f1c-4ae6-97fe-78f4ff02b2ca,2026-07-30T17:21:02.949470,ANON8aa337b0,www.jumia/produit/detail.com,7,desktop,,False,0.0
87e6da34-921d-4f7c-8c29-fd7f489967d6,2026-07-22T13:41:02.949470,CLI00401,www.jumia/promo.com,58,mobile,,False,0.0
bc223e38-0c9f-4f54-b4ae-5d40b82a5e9b,2026-07-09T14:20:02.949470,ANON37a707d1,www.jumia/accueil.com,89,mobile,CMP0005,False,0.0
6b8ac87f-af61-4e31-aea8-338f1680d050,2026-08-18T04:41:02.949470,ANON315d97c3,www.jumia/produits.com,158,desktop,CMP0002,False,0.0
7dff6d07-f8d7-4bb8-bcf3-6854802d9c81,2026-07-16T23:57:02.949470,CLI00492,www.jumia/confirmation-commande.com,137,mobile,CMP0002,True,135.01
a2f605d8-e6d4-423f-b3a9-b6a364e54eba,2026-08-30T19:12:02.949470,CLI00313,www.jumia/panier.com,29,mobile,CMP0005,False,0.0
7a002a93-2e0e-4677-8d08-14abaf90cd00,2026-07-27T14:05:02.949470,CLI00411,www.jumia/checkout.com,254,tablette,,True,178.93
f0371ccb-3183-4c25-9a3d-fa947d834d7a,2026-07-21T15:20:02.949470,ANON80fbd013,www.jumia/contact.com,11,desktop,CMP0007,False,0.0
c2c9351f-1b5a-4556-863d-3182246a0f62,2026-08-25T20:54:02.949470,CLI00087,www.jumia/produit/detail.com,187,desktop,CMP0010,False,0.0
72842ec8-b4aa-4ffa-b5f8-2780bca92eeb,2026-08-24T00:19:02.949470,ANON820b4a66,www.jumia/blog.com,318,desktop,CMP0012,False,0.0
4d07b52f-6187-47e8-bd2d-84d3f4303db8,2026-07-05T20:18:02.949470,ANON3dc159b9,www.jumia/promo.com,17,mobile,CMP0010,False,0.0
033ff91d-80b3-4990-a241-35bd3ab26bae,2026-08-20T14:35:02.949470,CLI00035,www.jumia/checkout.com,115,desktop,CMP0014,False,0.0
5817843c-b26a-4040-a53f-5707660afa61,2026-08-07T09:47:02.949470,ANON8bac5201,www.jumia/confirmation-commande.com,3,mobile,,True,89.05
8a76ff62-2a8b-437d-9e19-9f51cbbbde7b,2026-08-20T03:43:02.949470,CLI00318,www.jumia/contact.com,46,tablette,,False,0.0
3e0fae0c-ca9d-4b3d-9b86-11e90218f72f,2026-07-15T18:17:02.949470,ANON916c18c7,www.jumia/contact.com,65,desktop,,False,0.0
6faee5a4-73f0-48c9-9ca8-3dc546454764,2026-08-26T03:08:02.949470,CLI00119,www.jumia/promo.com,78,desktop,CMP0004,False,0.0
924a570c-9634-4edc-82cc-88279e56186c,2026-08-11T18:49:02.949470,ANON2873925c,www.jumia/promo.com,247,mobile,CMP0004,False,0.0
66593ff4-0c56-42d4-8b41-924de0c9f15a,2026-08-25T16:54:02.949470,ANONc7e61d4f,www.jumia/panier.com,100,desktop,CMP0008,False,0.0
dc271a8d-5bec-486b-ae19-71476d56ad04,2026-08-04T00:47:02.949470,ANONffba7067,www.jumia/produits.com,59,mobile,,False,0.0
69cbee59-5d7c-462a-926d-c582bdfd363a,2026-07-20T19:31:02.949470,CLI00323,www.jumia/panier.com,149,mobile,CMP0005,False,0.0
349fd9e7-f0de-4c53-8b7a-49b8a3a232e4,2026-07-17T01:59:02.949470,CLI00151,www.jumia/contact.com,270,desktop,CMP0014,False,0.0
9a5a6790-280d-4cf1-8555-2bc21570d202,2026-07-07T15:08:02.949470,ANON69f3333d,www.jumia/contact.com,2,mobile,CMP0004,False,0.0
ddb184a1-9ac2-4893-9e72-f2cbade661b9,2026-07-09T01:46:02.949470,ANONafd23e7a,www.jumia/blog.com,364,mobile,CMP0006,False,0.0
0960e16b-5dd7-43ec-ba2d-f47127e1c2b4,2026-07-14T02:24:02.949470,ANON9f47549a,www.jumia/contact.com,8,tablette,CMP0002,False,0.0
3e49a2e2-bc47-40fa-85ff-8b5a2a79899c,2026-07-11T05:54:02.949470,CLI00412,www.jumia/promo.com,151,desktop,CMP0014,False,0.0
dbcd3144-0856-4201-8f4f-7dffe9934dd3,2026-08-15T16:35:02.949470,ANON34a3cdb9,www.jumia/checkout.com,29,desktop,CMP0003,False,0.0
f167632d-db48-4fcb-b3b0-cc583d60e7e2,2026-07-24T20:37:02.949470,CLI00191,www.jumia/produits.com,12,mobile,CMP0003,False,0.0
6d2822ec-fa6a-43ca-a052-864343cecb5b,2026-07-26T02:04:02.949470,CLI00249,www.jumia/a-propos.com,52,mobile,,False,0.0
530899f2-5363-4116-8793-bd1bbdc2384d,2026-08-11T21:26:02.949470,ANON2b86e6a5,www.jumia/confirmation-commande.com,92,desktop,CMP0012,True,272.47
3e554174-5f2d-4500-9f60-8df7560c9f98,2026-08-20T17:46:02.949470,CLI00493,www.jumia/checkout.com,43,mobile,,False,0.0
2a3f719b-e563-42b9-84c3-9a8d668cc435,2026-08-14T17:27:02.949470,ANON6e883580,www.jumia/confirmation-commande.com,5,mobile,CMP0006,True,117.01
83f91583-d203-4f90-a6cb-c112365dc1a5,2026-09-01T06:59:02.949470,CLI00264,www.jumia/produit/detail.com,82,desktop,,False,0.0
5c70b784-9e4d-49c4-8f67-026adb0dfebf,2026-08-01T01:33:02.949470,CLI00382,www.jumia/blog.com,209,mobile,,False,0.0
43848094-ab13-46ca-9732-8470a2f79521,2026-08-28T21:14:02.949470,CLI00187,www.jumia/blog.com,43,mobile,,False,0.0
f7897d9e-0fd2-4419-b72b-61af3f34673d,2026-07-25T22:32:02.949470,CLI00224,www.jumia/produits.com,21,desktop,,False,0.0
214cec93-cb2a-470a-a328-bb806fd5a950,2026-07-08T03:41:02.949470,ANONb992861f,www.jumia/blog.com,52,tablette,CMP0010,False,0.0
72c84f03-cd49-4590-9b46-4a11c842d5bf,2026-08-26T06:14:02.949470,ANON4e9d3405,www.jumia/contact.com,4,mobile,,False,0.0
fa2228c3-6f83-41b0-bc89-56dc681364e8,2026-07-25T01:15:02.949470,CLI00478,www.jumia/a-propos.com,154,mobile,CMP0007,False,0.0
d589e42b-a176-418d-8eb0-d83b89f1d37e,2026-08-22T12:34:02.949470,ANONd732bba8,www.jumia/blog.com,157,tablette,CMP0002,False,0.0
4ebfe340-7b82-453e-ba58-ace099c16aaf,2026-07-11T20:18:02.949470,CLI00263,www.jumia/a-propos.com,79,tablette,CMP0003,False,0.0
67e3eb54-67af-4b2b-af11-6d7a95156a20,2026-08-09T22:06:02.949470,CLI00499,www.jumia/blog.com,39,tablette,CMP0001,False,0.0
2ab73632-08fe-40e7-bb0b-f5127de9072e,2026-07-13T06:47:02.949470,CLI00261,www.jumia/contact.com,144,tablette,CMP0002,False,0.0
e1c2bd99-30aa-4ba6-8501-27b80268e751,2026-08-09T17:54:02.949470,ANON96add912,www.jumia/blog.com,72,tablette,CMP0014,False,0.0
09efdfd4-d3ae-422b-be04-d8c84f9f3cec,2026-07-08T06:12:02.949470,CLI00205,www.jumia/a-propos.com,157,tablette,CMP0010,False,0.0
67db55c2-e70a-4836-af31-3de5291d9976,2026-08-22T23:56:02.949470,CLI00246,www.jumia/produit/detail.com,89,tablette,CMP0009,False,0.0
4cd80581-78c9-42b3-af08-e90377c76a7f,2026-08-06T00:24:02.949470,ANONe394395b,www.jumia/produits.com,138,tablette,CMP0011,False,0.0
edfa9aa8-9d0e-4ac2-8bab-e7ad3abaf3ea,2026-08-17T04:00:02.949470,CLI00181,www.jumia/blog.com,82,desktop,CMP0004,False,0.0
bd64897d-f284-44f3-9df6-ef46205a3986,2026-07-07T09:05:02.949470,ANONbe698fd7,www.jumia/accueil.com,48,tablette,CMP0012,False,0.0
732a664a-e7aa-4ea5-a624-eb872551410f,2026-07-19T20:21:02.949470,ANONd0953496,www.jumia/a-propos.com,285,tablette,CMP0008,False,0.0
422fca88-d4c9-45ea-b1a0-dad4fb4852e2,2026-08-12T15:08:02.949470,CLI00146,www.jumia/promo.com,70,tablette,CMP0011,False,0.0
b1c5d15d-113b-40a0-b85d-5db7bc80f7d3,2026-07-19T08:01:02.949470,CLI00247,www.jumia/checkout.com,83,desktop,,False,0.0
daf81151-b201-4e7d-97eb-0441d89ec1c2,2026-07-30T11:04:02.949470,CLI00036,www.jumia/a-propos.com,22,desktop,,False,0.0
c678b9f8-88e6-4d1d-b8b3-28ceb4b8e5ce,2026-08-23T10:29:02.949470,CLI00221,www.jumia/accueil.com,88,desktop,CMP0007,False,0.0
bacbf6e5-1af8-4ed6-987e-ba41113322a6,2026-08-17T14:22:02.949470,CLI00156,www.jumia/panier.com,76,mobile,CMP0007,False,0.0
9c3b4a1f-aa27-4987-964c-6ade4c4f15be,2026-08-06T20:30:02.949470,CLI00302,www.jumia/produit/detail.com,18,mobile,,False,0.0
a6ebfdba-89df-4d99-b875-366bf2fc64df,2026-08-20T19:40:02.949470,ANONc7a8de6a,www.jumia/blog.com,5,desktop,CMP0014,False,0.0
596998f7-4a26-441c-bb84-8039257b1920,2026-08-23T00:47:02.949470,ANON36f6af02,www.jumia/contact.com,83,mobile,,False,0.0
676449b1-4b54-448d-b28a-affe97778b30,2026-07-07T15:44:02.949470,ANON9ea0ec36,www.jumia/contact.com,129,mobile,CMP0008,False,0.0
723b0cf9-3f0e-43d0-9b04-434f04efc33c,2026-08-12T00:25:02.949470,CLI00247,www.jumia/produit/detail.com,66,mobile,CMP0006,False,0.0
95d4aecd-f3a3-4e57-bbae-3336a0b07f60,2026-08-28T21:41:02.949470,CLI00192,www.jumia/checkout.com,23,mobile,CMP0001,False,0.0
cf484588-28ff-4996-af3c-12d55688b1e3,2026-08-16T19:53:02.949470,CLI00382,www.jumia/accueil.com,98,tablette,CMP0001,False,0.0
08e11c70-ddc9-4f62-870d-8a7301038020,2026-08-11T13:30:02.949470,ANON1675f295,www.jumia/contact.com,7,desktop,CMP0004,False,0.0
f64c5aa7-6c00-4c4f-9545-f006f1be3b68,2026-08-15T08:47:02.949470,CLI00194,www.jumia/produits.com,52,desktop,CMP0008,False,0.0
32dbe2dc-f9d7-4532-a8df-23c88413e843,2026-07-18T18:44:02.949470,ANON4beca378,www.jumia/panier.com,16,tablette,,False,0.0
32a97fb4-fb49-468d-8487-a8f29723de66,2026-07-20T15:35:02.949470,CLI00115,www.jumia/confirmation-commande.com,18,desktop,CMP0010,True,59.86
3b7926f9-6ef0-4d42-ac92-6b126d56bffa,2026-08-14T01:33:02.949470,CLI00225,www.jumia/promo.com,20,tablette,CMP0012,False,0.0
e77cff4a-180a-4cb2-b299-88a7d5faca03,2026-08-16T07:52:02.949470,CLI00199,www.jumia/produit/detail.com,44,tablette,,False,0.0
bdeea73c-3b19-4db5-83df-5577b6c41d57,2026-08-14T10:16:02.949470,CLI00409,www.jumia/blog.com,4,mobile,CMP0002,False,0.0
30b3a3c8-ade2-4b56-bb98-f044a57757bd,2026-07-15T04:41:02.949470,ANON34937bdc,www.jumia/accueil.com,45,mobile,CMP0006,False,0.0
3899e939-492c-41cd-9fa9-15cd63b36126,2026-07-15T22:47:02.949470,ANON7e5ce221,www.jumia/checkout.com,64,desktop,CMP0004,True,123.94
2259a25a-dcfe-41ac-bc95-b96f74a11fba,2026-08-02T21:43:02.949470,CLI00289,www.jumia/accueil.com,59,desktop,CMP0011,False,0.0
a190b2a3-e13b-416d-b08f-e3000a8e95b9,2026-07-12T11:26:02.949470,ANON8afffd06,www.jumia/a-propos.com,43,mobile,,False,0.0
d4eb06f6-2604-478d-8193-73a7feb687e2,2026-07-26T20:58:02.949470,ANON1299cfa7,www.jumia/produits.com,164,mobile,CMP0001,False,0.0
a67328ca-63b7-4eb0-8402-94d16bddc0a5,2026-07-19T12:40:02.949470,CLI00142,www.jumia/contact.com,14,tablette,CMP0009,False,0.0
215d0bcc-06b4-49be-a421-fe5c586447da,2026-08-13T20:09:02.949470,CLI00043,www.jumia/confirmation-commande.com,63,desktop,CMP0013,True,55.05
591083d3-aede-4275-9006-db81eed4cbdf,2026-08-14T05:25:02.949470,ANON09a2c33a,www.jumia/checkout.com,5,mobile,CMP0013,False,0.0
963336f9-179a-473f-ba34-1dcb44d07061,2026-07-05T22:42:02.949470,CLI00285,www.jumia/produit/detail.com,6,desktop,,False,0.0
8e9bdcb7-74c2-4bad-b6d9-e2565b08825f,2026-08-09T12:25:02.949470,CLI00445,www.jumia/contact.com,76,mobile,CMP0012,False,0.0
b514687f-038a-4ba2-9f22-f22c0fd94373,2026-08-03T20:51:02.949470,ANON5489af87,www.jumia/produits.com,75,tablette,CMP0004,False,0.0
a4c8ceb5-bab0-41a3-8c44-a239c337440f,2026-07-08T16:41:02.949470,ANON685268a1,www.jumia/produits.com,189,desktop,CMP0007,False,0.0
26c37ded-885b-4f92-b618-95ebf75afad6,2026-08-24T22:10:02.949470,ANON596180e6,www.jumia/blog.com,73,mobile,,False,0.0
9354bdb0-3bb9-4449-8b2d-fde9d29d2528,2026-07-29T20:33:02.949470,ANONa2d1b7a6,www.jumia/produits.com,289,tablette,CMP0015,False,0.0
ac6ae6f0-979c-4dd6-bdba-772e07affea9,2026-08-11T17:39:02.949470,ANONd800b7bb,www.jumia/promo.com,4,mobile,,False,0.0
ca195fd0-32dd-4704-af95-211a58c79922,2026-08-21T05:26:02.949470,ANON52ac8684,www.jumia/promo.com,9,mobile,,False,0.0
fc3906bc-9bdf-4b0b-b299-9be4dc272ce0,2026-08-31T04:18:02.949470,ANONdb4d848e,www.jumia/panier.com,4,desktop,CMP0009,False,0.0
fc7ab697-5487-44bb-a3bf-5f96bb3812bc,2026-07-09T19:46:02.949470,CLI00387,www.jumia/produits.com,18,tablette,CMP0005,False,0.0
695710a3-821b-4303-b8b3-e4666c3ca1bc,2026-07-11T22:26:02.949470,ANONcad122b7,www.jumia/produits.com,70,desktop,,False,0.0
85cb9ce9-3003-4b3c-978f-a72d868503da,2026-07-06T05:30:02.949470,CLI00162,www.jumia/produits.com,93,desktop,CMP0012,False,0.0
b4f633fb-6120-4b57-95bb-faee445fea4d,2026-08-30T13:14:02.949470,CLI00258,www.jumia/confirmation-commande.com,4,tablette,CMP0005,True,133.01
5af4618d-c1fd-49dc-a753-9c2d5fad5b2f,2026-08-22T03:22:02.949470,CLI00052,www.jumia/checkout.com,262,tablette,CMP0015,False,0.0
e1fd904a-e2df-437f-99e1-364063ed62d1,2026-08-04T10:45:02.949470,CLI00415,www.jumia/confirmation-commande.com,166,desktop,CMP0004,True,232.43
ed8ec7cb-8b7e-4031-be1e-63f2bf5d84e3,2026-07-23T05:02:02.949470,CLI00168,www.jumia/contact.com,31,tablette,CMP0013,False,0.0
a426bc1a-0852-45d7-ab28-e5bdf6f09010,2026-07-22T20:01:02.949470,CLI00110,www.jumia/contact.com,7,desktop,,False,0.0
a5091554-1e23-406c-8336-45776ffb7433,2026-07-22T14:12:02.949470,ANONc5317c37,www.jumia/contact.com,16,mobile,CMP0015,False,0.0
22a1d4be-1350-4376-bb49-19d49e90c57c,2026-08-13T01:47:02.949470,ANON60eb41b3,www.jumia/blog.com,12,tablette,,False,0.0
9dc4b71e-db1c-4b03-bf81-17588ebee270,2026-08-14T03:37:02.949470,CLI00154,www.jumia/produits.com,11,mobile,CMP0011,False,0.0
7807f678-9e41-4edb-ada3-b0c3db3febe6,2026-08-28T06:33:02.949470,ANON114e5359,www.jumia/contact.com,65,desktop,CMP0007,False,0.0
7f23cb06-a539-4b40-a636-44b1421e1de9,2026-07-19T21:16:02.949470,CLI00251,www.jumia/blog.com,25,mobile,,False,0.0
534afb43-e250-49aa-969f-6ed6084029d1,2026-07-11T16:25:02.949470,ANON3126667c,www.jumia/promo.com,39,desktop,CMP0001,False,0.0
2abed596-c9e9-46f3-a2a3-0caa85d30ad7,2026-08-16T04:50:02.949470,CLI00116,www.jumia/blog.com,410,mobile,CMP0002,False,0.0
1ab93569-dd00-4c31-8ba1-6955050ff828,2026-07-30T03:33:02.949470,CLI00267,www.jumia/blog.com,103,desktop,CMP0008,False,0.0
620ea8e0-d34b-434d-b1d7-4182e4d56c96,2026-08-13T04:28:02.949470,ANONf1cd3c9c,www.jumia/promo.com,267,tablette,CMP0013,False,0.0
fa96891e-8ecf-4d4b-ba74-968e01bdfed8,2026-08-12T03:04:02.949470,CLI00460,www.jumia/panier.com,13,desktop,CMP0002,False,0.0
f88b5470-946c-4218-8f43-784b0fb7f2bb,2026-08-25T21:33:02.949470,ANON59c1a8ca,www.jumia/contact.com,43,desktop,,False,0.0
01cac5af-7fff-4c40-99d1-cc470a062d00,2026-07-05T21:00:02.949470,ANON612d8353,www.jumia/contact.com,72,desktop,CMP0013,False,0.0
a15562e3-db90-4cf7-bffe-ac72747a0e70,2026-08-11T04:10:02.949470,ANONcc256655,www.jumia/accueil.com,7,desktop,CMP0004,False,0.0
b48640de-065f-4126-b4c3-d250663eebee,2026-08-07T21:39:02.949470,CLI00055,www.jumia/promo.com,1,tablette,,False,0.0
2e81433c-1f8d-496a-928e-cfa7f62e073f,2026-08-23T08:25:02.949470,CLI00013,www.jumia/produit/detail.com,99,mobile,CMP0001,False,0.0
18ff2c86-5c4d-4dbf-bc08-02f0a5c69918,2026-07-23T03:50:02.949470,CLI00435,www.jumia/promo.com,92,desktop,CMP0013,False,0.0
72f057c4-7ac9-46a4-b00c-66438a16431a,2026-08-03T02:46:02.949470,ANONea11110b,www.jumia/checkout.com,47,tablette,CMP0011,False,0.0
ec1a85bc-8da5-4834-b6a7-5a0e33341470,2026-08-01T17:31:02.949470,CLI00056,www.jumia/contact.com,60,tablette,CMP0003,False,0.0
6795d4fd-6087-4ee6-a3ce-d310f063c59d,2026-07-07T01:18:02.949470,ANON9a368aaa,www.jumia/accueil.com,48,desktop,CMP0004,False,0.0
bba9a877-4af4-45e1-9727-e4d66537bac4,2026-08-14T17:23:02.949470,CLI00207,www.jumia/confirmation-commande.com,2,desktop,CMP0003,True,76.12
5270e53e-223f-4909-9cd8-1009844e1eb3,2026-08-19T22:19:02.949470,ANON3b6ff460,www.jumia/contact.com,36,mobile,,False,0.0
0f405bf3-ec3f-4a90-b62e-0389d8227b98,2026-07-12T08:45:02.949470,ANON398c6e90,www.jumia/blog.com,17,tablette,,False,0.0
5c6000d3-f0f0-4a42-84ea-a05805d43351,2026-09-01T22:49:02.949470,ANONf49a1201,www.jumia/panier.com,9,tablette,CMP0012,False,0.0
6cc0f590-5aaa-49cf-b322-df3cd2dfa8d1,2026-08-26T12:24:02.949470,CLI00169,www.jumia/panier.com,282,tablette,CMP0009,False,0.0
639c3a44-5120-4c42-8386-98684335b0b6,2026-07-15T10:14:02.949470,ANON931b6b5f,www.jumia/produits.com,82,desktop,,False,0.0
848f22c3-9540-4945-bc3c-b222a83595e2,2026-08-18T21:31:02.949470,CLI00103,www.jumia/produits.com,117,desktop,,False,0.0
98b0c615-6251-42d3-8f33-3a98ae8c99c8,2026-09-02T13:56:02.949470,CLI00188,www.jumia/confirmation-commande.com,34,mobile,CMP0001,True,174.38
10753ca1-52a3-4b31-936e-19fe4ffbf7c9,2026-08-05T02:24:02.949470,CLI00451,www.jumia/produits.com,44,desktop,CMP0010,False,0.0
3a108ebc-732c-48ed-8fd1-84f8a6bb2bc6,2026-07-14T04:33:02.949470,ANON0ca78f68,www.jumia/promo.com,24,mobile,CMP0013,False,0.0
70f517bb-d51f-4acd-b468-5f5f4b2642e1,2026-09-03T06:20:02.949470,CLI00420,www.jumia/promo.com,9,tablette,CMP0005,False,0.0
5e642a32-af1c-4df4-8239-af8d2a8e9e3a,2026-08-19T14:00:02.949470,ANON9e8d1226,www.jumia/confirmation-commande.com,17,mobile,CMP0005,True,117.78
dd77b6f1-cd61-4bb5-8977-871d72e053d0,2026-08-29T02:10:02.949470,CLI00068,www.jumia/contact.com,143,tablette,,False,0.0
01b43e57-994d-479e-982c-2383490b91f0,2026-08-27T22:18:02.949470,CLI00383,www.jumia/promo.com,101,mobile,CMP0007,False,0.0
59b63735-d4eb-4560-be85-b4360b50e216,2026-07-29T04:40:02.949470,ANON8738fbdc,www.jumia/accueil.com,71,desktop,,False,0.0
7110054b-494e-4a64-b37a-d15db61a7d32,2026-07-07T14:31:02.949470,CLI00342,www.jumia/produits.com,58,mobile,CMP0001,False,0.0
6e0fa899-b286-47b9-97fa-de15cb0fc359,2026-08-17T17:35:02.949470,CLI00213,www.jumia/produits.com,230,tablette,CMP0006,False,0.0
ce6ee22a-b5a7-4bb6-a255-641bb7cfdd59,2026-08-04T01:07:02.949470,ANON11cb9b06,www.jumia/promo.com,6,tablette,CMP0005,False,0.0
77f0dc8b-44c3-4566-bd96-aff0ee20baa8,2026-08-06T20:40:02.949470,ANON9580829e,www.jumia/accueil.com,29,mobile,,False,0.0
7ec79b5d-6d31-4357-ac07-d50d5b316281,2026-08-18T18:07:02.949470,ANONdae4a7d9,www.jumia/a-propos.com,38,desktop,CMP0011,False,0.0
75553344-3831-4ccf-a61a-fdb3b1f4aa88,2026-08-17T07:25:02.949470,ANON4baee7d1,www.jumia/a-propos.com,137,desktop,CMP0001,False,0.0
9931e013-feaf-44d2-985f-5edb1bd23394,2026-08-04T22:44:02.949470,CLI00032,www.jumia/checkout.com,440,tablette,,False,0.0
2e5429d7-506f-4942-9374-164e75dcd880,2026-07-13T10:15:02.949470,ANONd4046419,www.jumia/panier.com,24,tablette,,False,0.0
34663d78-3fdb-44c3-aaa6-4b962e926f63,2026-08-01T05:52:02.949470,CLI00071,www.jumia/produit/detail.com,186,mobile,,False,0.0
6563dfaa-4d7b-4387-a572-432504794ed0,2026-08-24T11:07:02.949470,CLI00110,www.jumia/produits.com,159,tablette,CMP0003,False,0.0
8ed74655-b75b-4a0c-adf5-992705dbeed1,2026-08-21T07:24:02.949470,CLI00327,www.jumia/panier.com,22,mobile,CMP0008,False,0.0
9c6d3d37-5940-4779-ad35-9ee224ecb427,2026-07-15T00:58:02.949470,ANONd620ff01,www.jumia/blog.com,45,tablette,CMP0002,False,0.0
2f0d6ad1-289c-4a45-8381-c59f46c48da1,2026-07-21T08:04:02.949470,ANONc90f9fe5,www.jumia/promo.com,47,mobile,CMP0015,False,0.0
eae91b20-dbfa-46e8-86c0-18ae94826a22,2026-08-01T08:59:02.949470,CLI00116,www.jumia/promo.com,344,tablette,CMP0014,False,0.0
97e29590-55d5-49da-9daa-07bada274365,2026-07-10T17:08:02.949470,ANONe306ef99,www.jumia/confirmation-commande.com,17,tablette,,True,54.87
49220a55-6ac6-4fd8-a423-b9938ced41e2,2026-07-15T15:23:02.949470,ANONf1caeeb5,www.jumia/produit/detail.com,144,desktop,CMP0008,False,0.0
752806d8-1e4b-40b6-9ebb-0e2b4cfe4b58,2026-08-31T13:47:02.949470,ANON6ec8a960,www.jumia/promo.com,36,tablette,CMP0005,False,0.0
a2ce558f-6c24-45b9-9f32-2279193251ba,2026-07-26T00:31:02.949470,ANON8c297fb2,www.jumia/blog.com,118,desktop,CMP0003,False,0.0
069892e4-f458-4511-9a00-bc60351b095a,2026-07-22T04:15:02.949470,ANONfb2a1f2a,www.jumia/blog.com,49,tablette,CMP0013,False,0.0
231addb2-bcef-4f09-b96b-841bbe364975,2026-08-21T11:59:02.949470,ANON149c9c74,www.jumia/produits.com,77,mobile,CMP0014,False,0.0
7b268d30-0d6e-4633-b1df-e3009d1b27d1,2026-07-25T01:46:02.949470,CLI00363,www.jumia/a-propos.com,160,mobile,CMP0005,False,0.0
273a717e-a47f-4c95-b9dc-e7ad771a7236,2026-07-26T12:03:02.949470,CLI00360,www.jumia/confirmation-commande.com,146,tablette,CMP0014,True,184.24
5edc3946-56df-4bdf-9518-5458d4d6c469,2026-08-25T16:35:02.949470,ANONb00c6626,www.jumia/produit/detail.com,181,desktop,,False,0.0
c877a780-d2cd-4410-90d4-96c3ed001a3a,2026-08-08T10:31:02.949470,CLI00183,www.jumia/promo.com,5,mobile,,False,0.0
c1281467-2b32-4590-b291-a41bd8a743f0,2026-08-18T22:33:02.949470,CLI00200,www.jumia/panier.com,106,desktop,,False,0.0
532f5fde-16d3-40cd-8ca7-60d3581a8af8,2026-07-15T21:58:02.949470,ANON06bdbadd,www.jumia/blog.com,13,tablette,CMP0012,False,0.0
9efa41da-17d5-4b3e-b1e4-ec188064126d,2026-07-07T00:41:02.949470,CLI00275,www.jumia/accueil.com,48,mobile,CMP0009,False,0.0
87965d9b-ae7c-4e98-a099-7f8557397af7,2026-08-14T04:54:02.949470,ANON6ce2477a,www.jumia/contact.com,71,desktop,,False,0.0
15b8f2c2-dcb5-43a9-b732-30f24dea3744,2026-08-24T02:18:02.949470,ANON1dd2c99e,www.jumia/panier.com,46,tablette,CMP0015,False,0.0
e6222acf-531d-4377-b700-f8f3393a5ae8,2026-08-28T06:03:02.949470,CLI00178,www.jumia/produits.com,65,tablette,,False,0.0
49267830-c8b3-4c5f-a4c9-b709f9599417,2026-08-15T22:48:02.949470,CLI00044,www.jumia/produits.com,509,mobile,,False,0.0
58ebd834-68c5-4144-bc43-6e7487979dcc,2026-08-05T15:45:02.949470,ANON34633abf,www.jumia/contact.com,13,mobile,,False,0.0
9c734b7e-0ac0-48c6-95bd-47965025e42f,2026-07-19T17:05:02.949470,CLI00335,www.jumia/contact.com,101,desktop,CMP0006,False,0.0
f92ef87e-c082-49db-977f-832272e388ce,2026-07-11T21:42:02.949470,CLI00436,www.jumia/produit/detail.com,45,mobile,CMP0009,False,0.0
125615ff-a2f9-464c-b5e3-67227ec5deb6,2026-07-18T19:22:02.949470,CLI00490,www.jumia/panier.com,12,mobile,CMP0001,False,0.0
098f72a5-c809-40ef-b613-0ebe253a184a,2026-08-22T11:16:02.949470,ANONebe0611b,www.jumia/a-propos.com,15,mobile,CMP0003,False,0.0
65eba9b2-6047-48b5-ae4d-b5c1de4b88f9,2026-08-07T08:46:02.949470,ANON9d6d3995,www.jumia/produit/detail.com,268,mobile,,False,0.0
bef2c226-253c-4fe3-b350-aac1863af2da,2026-07-08T10:15:02.949470,CLI00043,www.jumia/produit/detail.com,190,tablette,,False,0.0
46a57187-8852-482c-987d-15a0169cad91,2026-08-03T02:17:02.949470,ANON8869df0d,www.jumia/checkout.com,213,mobile,CMP0006,False,0.0
a7a5862f-f60c-4ef4-b729-35cd8cf98f22,2026-07-16T19:02:02.949470,ANON5b85f749,www.jumia/accueil.com,429,tablette,CMP0002,False,0.0
3e693fbb-52c1-49ad-ab2e-95707bff4759,2026-07-23T23:06:02.949470,ANONdf303ad3,www.jumia/blog.com,21,tablette,CMP0014,False,0.0
e6abfb50-526d-43fc-938c-445dd290d63c,2026-08-20T00:03:02.949470,CLI00455,www.jumia/panier.com,39,tablette,,False,0.0
5932bc04-bc92-4c4f-8838-532dc90001d4,2026-07-31T04:36:02.949470,ANON70dda7f1,www.jumia/confirmation-commande.com,99,tablette,CMP0012,True,109.62
16d89b52-e438-49be-9e16-d6071ead2939,2026-08-19T18:33:02.949470,ANON9f9d6876,www.jumia/accueil.com,59,tablette,,False,0.0
ce0324d1-95ac-43f8-bb30-6833cb6b3ac6,2026-07-13T13:51:02.949470,ANON91087421,www.jumia/produit/detail.com,48,mobile,,False,0.0
8c18176b-95c7-4253-9992-64d48ad21322,2026-08-01T23:45:02.949470,CLI00215,www.jumia/accueil.com,39,desktop,,False,0.0
b8776de1-5def-4a34-8740-109130ab709e,2026-07-13T22:47:02.949470,ANONb352c1b4,www.jumia/a-propos.com,81,mobile,CMP0003,False,0.0
e3a15251-5ead-453c-86e0-9c125e83f561,2026-07-06T17:29:02.949470,ANONa50a878a,www.jumia/checkout.com,77,mobile,CMP0005,True,145.22
cf1eb118-81b1-47fb-a861-1546c84c1e7e,2026-08-10T21:59:02.949470,CLI00490,www.jumia/a-propos.com,15,mobile,,False,0.0
3c78557f-9535-4dd9-840f-8f7596f3b0ce,2026-08-30T13:39:02.949470,ANON4e32d85e,www.jumia/panier.com,57,mobile,,False,0.0
674f1c1c-2a54-45e0-920f-5e507e9966ad,2026-08-02T08:11:02.949470,CLI00347,www.jumia/checkout.com,72,mobile,CMP0009,True,73.81
d881a432-1eb9-4d99-9171-19a4ce189500,2026-07-22T05:49:02.949470,CLI00010,www.jumia/blog.com,76,mobile,,False,0.0
bf948244-593e-4b8b-8ae8-d58388d8d105,2026-08-02T06:48:02.949470,CLI00280,www.jumia/checkout.com,21,tablette,CMP0001,True,224.3
f8775418-f32f-43db-a273-babcdd285224,2026-07-06T21:53:02.949470,CLI00209,www.jumia/checkout.com,122,tablette,,True,284.43
5d94258c-34e0-467a-90da-f2561076eafc,2026-07-16T10:32:02.949470,CLI00184,www.jumia/accueil.com,2,desktop,CMP0005,False,0.0
28a288a0-5f30-4719-a894-e7bad37acafb,2026-08-26T19:13:02.949470,ANON25035ab0,www.jumia/promo.com,39,tablette,,False,0.0
7af59b42-6be6-4dc8-816e-f72f2beb0314,2026-08-20T07:38:02.949470,ANONd6ee4099,www.jumia/produits.com,136,desktop,,False,0.0
fe5edf95-32fa-4d69-8b49-cc4ec458b20f,2026-08-28T00:17:02.949470,ANON3463e5eb,www.jumia/produit/detail.com,74,mobile,CMP0003,False,0.0
0fa0d302-821c-4f6f-a688-3718edccd5ff,2026-08-17T12:31:02.949470,ANONb959cda3,www.jumia/panier.com,27,desktop,CMP0009,False,0.0
868c4566-9023-4f60-af8b-f02a2ed7452f,2026-08-16T09:12:02.949470,ANONb1122f55,www.jumia/accueil.com,106,tablette,CMP0006,False,0.0
5d8d05e8-b41a-4781-9d25-fe53760ad561,2026-08-29T16:51:02.949470,CLI00175,www.jumia/panier.com,75,tablette,CMP0007,False,0.0
a6a6fb22-c7f2-46cc-9f35-ac5f1f7bcf45,2026-07-28T20:21:02.949470,ANONbe2e18ef,www.jumia/produit/detail.com,143,desktop,CMP0002,False,0.0
de1c51fc-ac27-4c8e-94be-0e095c67e24c,2026-07-26T11:15:02.949470,CLI00361,www.jumia/a-propos.com,119,tablette,CMP0003,False,0.0
bbc7bd8e-ff68-4693-9203-c6b9ecfd8a80,2026-08-08T23:57:02.949470,ANON20b0415d,www.jumia/checkout.com,84,mobile,CMP0002,False,0.0
7bb20c5d-87a3-4158-a41f-5ae8d09cbe81,2026-07-20T18:48:02.949470,CLI00463,www.jumia/a-propos.com,60,tablette,,False,0.0
40e22b96-f7fc-4426-826d-fdd5ce626f41,2026-07-06T17:20:02.949470,ANONe3310582,www.jumia/blog.com,12,mobile,CMP0002,False,0.0
9d4a576c-5313-4072-a136-b6c228aaad42,2026-08-26T04:24:02.949470,CLI00458,www.jumia/panier.com,27,desktop,,False,0.0
48a5b09d-8f9b-4e07-83c7-cd91787cfc03,2026-08-19T05:16:02.949470,ANON48e0aa75,www.jumia/confirmation-commande.com,48,mobile,,True,184.93
2be2ff2f-fa7b-44ac-bce1-f92b16bfa9a0,2026-07-08T05:19:02.949470,ANON20c50486,www.jumia/contact.com,82,desktop,,False,0.0
337d1f01-1a9c-4cde-a8df-707e8041bddc,2026-08-03T10:10:02.949470,ANONde47828d,www.jumia/produits.com,64,tablette,,False,0.0
1bb53930-4c2d-460d-8c04-1b93e40814f0,2026-07-18T09:09:02.949470,CLI00363,www.jumia/checkout.com,30,desktop,,False,0.0
2daa851d-b06b-479b-9502-2d17f4c3714d,2026-07-31T23:00:02.949470,CLI00445,www.jumia/produits.com,1,mobile,,False,0.0
2cc99018-219f-4532-af72-41fa7af987b7,2026-07-29T19:07:02.949470,ANON465d0276,www.jumia/a-propos.com,61,tablette,CMP0015,False,0.0
60fd4c59-552b-4850-8a33-59625c77d3d4,2026-08-03T20:23:02.949470,ANON4ddca957,www.jumia/produit/detail.com,30,mobile,,False,0.0
902987b6-f254-4540-9c33-c6bbf9951c2c,2026-07-13T00:44:02.949470,ANONe48ab8a6,www.jumia/blog.com,119,mobile,CMP0009,False,0.0
5469f29f-41e8-472f-9e98-025c4c6479de,2026-07-06T10:44:02.949470,ANONaa8a434c,www.jumia/produits.com,2,mobile,CMP0007,False,0.0
3af864fe-4e6a-441c-a28a-8b29f563fb5e,2026-08-17T11:12:02.949470,ANONfb3ef1a1,www.jumia/panier.com,79,mobile,CMP0009,False,0.0
5f99b722-8799-4223-b445-f7a186a56d87,2026-08-18T09:49:02.949470,ANONdb62e21c,www.jumia/panier.com,255,tablette,CMP0002,False,0.0
e4b9323d-036e-47e6-a67a-a28d70ae1de9,2026-08-28T13:10:02.949470,CLI00453,www.jumia/promo.com,17,mobile,,False,0.0
6f4f5b4f-9d60-4fbe-abe6-bb21c5e26b23,2026-08-03T22:12:02.949470,CLI00202,www.jumia/accueil.com,57,mobile,,False,0.0
36b63267-f9b5-47ae-ba4f-09509d40cdbb,2026-07-19T11:15:02.949470,ANON85954ee1,www.jumia/confirmation-commande.com,8,mobile,CMP0009,True,266.52
1a261f47-18ba-4e05-8581-5eaac3e318b8,2026-08-07T06:18:02.949470,ANON308d00ec,www.jumia/promo.com,88,tablette,,False,0.0
6b33c701-f175-49db-abd0-f41d21f44781,2026-07-31T11:13:02.949470,ANON70a70712,www.jumia/panier.com,71,tablette,CMP0013,False,0.0
f478e98a-9a7b-4c3f-b84a-582f6a7ab46d,2026-08-04T07:16:02.949470,ANON753d5310,www.jumia/promo.com,47,mobile,CMP0012,False,0.0
f6f81463-17c6-4dbd-bd7e-d1b3e2b97aa2,2026-08-15T19:02:02.949470,CLI00299,www.jumia/promo.com,66,tablette,CMP0010,False,0.0
ba90940b-1dc2-4810-9ae5-4680bbf21a72,2026-08-16T04:22:02.949470,ANON28d6c895,www.jumia/checkout.com,204,desktop,CMP0008,False,0.0
7ce24cde-87fb-4140-b2ba-8d426fb03a09,2026-07-22T22:26:02.949470,CLI00298,www.jumia/produit/detail.com,19,tablette,,False,0.0
3f60a765-5145-4071-b810-22c4e4a3c348,2026-08-01T22:56:02.949470,ANON8380ec1a,www.jumia/checkout.com,2,desktop,,False,0.0
15c660aa-3a58-4aca-9878-1524021fc42a,2026-08-24T09:25:02.949470,CLI00201,www.jumia/accueil.com,178,tablette,CMP0010,False,0.0
6bd591b2-4ecd-4322-991b-c6e2525adc44,2026-07-22T01:53:02.949470,CLI00472,www.jumia/promo.com,77,tablette,CMP0015,False,0.0
0626c111-f21a-4885-be2c-62a392f7265b,2026-07-27T15:12:02.949470,ANON8bd4b59d,www.jumia/accueil.com,199,desktop,,False,0.0
023423d3-4ae1-4804-8396-24fc2855a03f,2026-08-26T14:17:02.949470,ANON33aee4d1,www.jumia/confirmation-commande.com,81,desktop,,True,159.29
adbcb397-4b31-4fda-aebd-f59552b25167,2026-08-03T11:20:02.949470,CLI00214,www.jumia/a-propos.com,149,mobile,CMP0011,False,0.0
78bd0f74-07b3-4066-badc-d5f5dc34dcbd,2026-07-30T10:05:02.949470,CLI00157,www.jumia/accueil.com,50,desktop,CMP0014,False,0.0
39e8e44d-92db-4442-90c3-c73176b02701,2026-08-28T16:45:02.949470,ANONe96bf038,www.jumia/produits.com,124,tablette,CMP0008,False,0.0
0ae06863-88dd-4294-9b0c-4a4cdad43438,2026-08-28T09:01:02.949470,CLI00472,www.jumia/panier.com,219,desktop,,False,0.0
174cf87c-306f-4a09-8cad-9d0c2510b7b5,2026-08-16T19:13:02.949470,CLI00274,www.jumia/panier.com,76,desktop,,False,0.0
01069ae3-33c3-4fcc-9045-dc0016a85fdc,2026-08-11T23:41:02.949470,ANONfac2e430,www.jumia/confirmation-commande.com,17,mobile,CMP0012,True,95.52
eda8b095-bbc2-47d7-99c1-c5a976686e4f,2026-09-01T00:58:02.949470,CLI00489,www.jumia/a-propos.com,28,desktop,CMP0010,False,0.0
bf432cb7-f37a-4036-84f4-6b750aa306e6,2026-08-17T20:18:02.949470,ANON3a5b2355,www.jumia/produit/detail.com,19,tablette,CMP0002,False,0.0
c2d310c4-33c7-4404-a38f-dbbbe5b05112,2026-08-26T06:52:02.949470,CLI00356,www.jumia/confirmation-commande.com,25,desktop,CMP0008,True,245.53
d5f320c6-bc3d-4841-815b-0dc3397cf869,2026-08-14T08:41:02.949470,CLI00072,www.jumia/produit/detail.com,32,mobile,CMP0012,False,0.0
4d0052ab-4cfb-4589-8039-9335752f0bd0,2026-07-23T10:03:02.949470,ANON29d32c91,www.jumia/confirmation-commande.com,72,tablette,CMP0007,True,267.58
de180c7c-28c5-4815-a820-8823d0722413,2026-07-21T16:54:02.949470,ANONf16b1593,www.jumia/accueil.com,79,mobile,CMP0006,False,0.0
a750c786-bddb-4a7b-a322-ed22e14656cd,2026-07-07T19:58:02.949470,CLI00215,www.jumia/checkout.com,50,desktop,CMP0005,True,281.0
c55afbf0-12dd-4f40-9724-91dc941c1715,2026-08-11T03:23:02.949470,CLI00082,www.jumia/produits.com,86,tablette,CMP0007,False,0.0
4c6daa5a-5f3c-4ae3-9d81-e38e132546bf,2026-08-11T02:31:02.949470,CLI00326,www.jumia/produit/detail.com,7,desktop,,False,0.0
89c1d2ba-362c-4c2a-8e0e-e5a96b507d67,2026-08-18T18:20:02.949470,ANON46a6c02d,www.jumia/confirmation-commande.com,8,tablette,,True,23.45
78dceea4-cb83-43c3-916d-c21699534536,2026-07-30T22:29:02.949470,CLI00278,www.jumia/panier.com,16,tablette,CMP0014,False,0.0
b6a61dab-5de2-40b0-af46-a72f79aff04f,2026-08-20T14:33:02.949470,CLI00286,www.jumia/confirmation-commande.com,65,mobile,CMP0005,True,85.77
871548af-17d7-4b88-a18c-3f9a80ca89f5,2026-09-03T02:55:02.949470,ANON0acb2dd1,www.jumia/promo.com,21,desktop,CMP0013,False,0.0
b5ba9def-c40c-44ef-8676-ad7a4ed66abc,2026-07-08T22:58:02.949470,CLI00256,www.jumia/contact.com,29,desktop,CMP0006,False,0.0
32c867cf-a774-4550-bff4-86b13bae76b9,2026-08-24T12:10:02.949470,CLI00407,www.jumia/panier.com,46,mobile,,False,0.0
ff76057f-d65c-4f2c-be7c-c3d870a004ad,2026-08-15T23:03:02.949470,ANONd694b84e,www.jumia/promo.com,150,mobile,CMP0004,False,0.0
3b4e3d4d-65a2-4121-9f08-4cca1bf29e7d,2026-07-22T16:24:02.949470,CLI00356,www.jumia/panier.com,1,desktop,CMP0001,False,0.0
f2b1a375-641c-4835-958c-aabbe2d359ba,2026-08-11T07:18:02.949470,ANON6c2ff98e,www.jumia/produit/detail.com,94,desktop,,False,0.0
7d22e12a-fcbf-42a0-b8fe-ce49139693ae,2026-08-31T12:33:02.949470,CLI00032,www.jumia/promo.com,99,desktop,CMP0011,False,0.0
aed3a64f-2b13-416b-9f56-8a493896fff0,2026-07-29T05:15:02.949470,CLI00311,www.jumia/accueil.com,144,desktop,CMP0002,False,0.0
c765323f-b3d5-451a-b0a8-54b00570e9e3,2026-08-16T08:33:02.949470,CLI00175,www.jumia/produits.com,242,mobile,,False,0.0
4a3cadc7-b5bb-49cb-9d3a-543f07a3889a,2026-07-07T19:45:02.949470,CLI00314,www.jumia/accueil.com,1,desktop,CMP0004,False,0.0
9c801c49-4e48-4232-abb9-8fb4df0cd6e1,2026-08-02T14:02:02.949470,ANON1baa4e3d,www.jumia/blog.com,15,mobile,,False,0.0
9cafeb2a-0820-400a-9857-f43d9ff01c13,2026-08-20T21:07:02.949470,ANON01b2c7cb,www.jumia/panier.com,195,tablette,,False,0.0
5b62d36d-b0e4-492c-93a8-3373c39a4ea7,2026-08-22T15:26:02.949470,ANONf200eb73,www.jumia/produit/detail.com,55,tablette,,False,0.0
94e8d672-a9ba-4514-b874-22ae37192b50,2026-09-02T07:22:02.949470,CLI00002,www.jumia/confirmation-commande.com,74,desktop,,True,78.93
c8f32089-3193-4f68-a94e-7944f77ebaaf,2026-07-10T23:43:02.949470,CLI00029,www.jumia/a-propos.com,97,mobile,,False,0.0
ecbb1b1d-be66-4b91-bf3d-c7c6f5f1be8a,2026-08-30T23:04:02.949470,CLI00144,www.jumia/produit/detail.com,102,desktop,CMP0008,False,0.0
f997eddb-44e7-4e02-86a7-3663944f9473,2026-08-23T19:52:02.949470,CLI00377,www.jumia/a-propos.com,241,tablette,CMP0009,False,0.0
3920a6ef-ff66-4a0e-b781-453cbaaad478,2026-08-31T09:22:02.949470,ANON7c2ea38a,www.jumia/accueil.com,521,desktop,CMP0009,False,0.0
bb8a072f-d044-4999-919e-36ec236138d2,2026-07-17T22:42:02.949470,CLI00356,www.jumia/accueil.com,114,mobile,,False,0.0
5e642084-3fff-47e8-8f32-a91f9dd1f775,2026-07-16T08:08:02.949470,CLI00213,www.jumia/blog.com,30,desktop,CMP0015,False,0.0
c845c162-bce3-472e-8f55-25a0266c7490,2026-08-07T12:52:02.949470,CLI00210,www.jumia/accueil.com,190,tablette,CMP0015,False,0.0
17bab7d5-9943-4f33-9154-472e64942947,2026-08-01T17:24:02.949470,ANON36e1255f,www.jumia/checkout.com,4,tablette,CMP0007,False,0.0
46ef1df7-f51f-4e6d-9c29-285dccbb631f,2026-08-15T03:30:02.949470,CLI00186,www.jumia/contact.com,23,mobile,,False,0.0
c2b53c79-2445-4614-aade-9680df871c60,2026-08-03T12:01:02.949470,CLI00281,www.jumia/a-propos.com,204,desktop,,False,0.0
499f45e8-0b75-4512-9f78-9d9a84e285f6,2026-07-06T08:32:02.949470,ANON981f32e1,www.jumia/checkout.com,26,desktop,,False,0.0
f97f6a3f-c9b8-470f-932c-ca2097e7d6d7,2026-08-04T09:21:02.949470,ANON147b2522,www.jumia/produits.com,22,mobile,,False,0.0
337a9d79-8730-4e55-a398-78a255808186,2026-09-01T14:04:02.949470,ANON8f8469d8,www.jumia/produit/detail.com,13,tablette,CMP0008,False,0.0
e2c15fa5-c8c9-4339-a41e-704c9d1d19ae,2026-07-24T22:57:02.949470,ANON6b107fed,www.jumia/a-propos.com,176,mobile,CMP0013,False,0.0
17b8c0e3-dca8-4292-b4b6-b1f25005bf6e,2026-09-01T07:15:02.949470,ANON0c559a91,www.jumia/blog.com,62,desktop,,False,0.0
bb523d64-0225-4522-9a88-5b60a93798dd,2026-07-13T08:33:02.949470,ANON3511cf57,www.jumia/produits.com,101,tablette,CMP0004,False,0.0
8e55ed85-483d-429c-9f8f-9e7c61832626,2026-08-08T07:34:02.949470,ANONc90b6265,www.jumia/a-propos.com,24,tablette,CMP0012,False,0.0
3939818d-3f8f-41f2-ab1a-5761f9c0009f,2026-07-06T00:36:02.949470,ANON9e9ebc52,www.jumia/blog.com,127,desktop,,False,0.0
7e7d8b28-7472-4cdc-bfb2-2ad69ad0e2ae,2026-07-25T10:27:02.949470,ANON1e50d550,www.jumia/produit/detail.com,128,desktop,CMP0006,False,0.0
9a63f7e6-5bbf-467e-b56d-e2fa456e76e2,2026-08-12T10:44:02.949470,ANONad674cbe,www.jumia/checkout.com,33,mobile,,True,210.14
0b1faeef-2e18-4b74-9ab8-f393f333bccd,2026-07-29T16:15:02.949470,CLI00010,www.jumia/produits.com,47,tablette,CMP0014,False,0.0
55593aef-5625-46b1-a923-2194374b9b57,2026-08-12T21:11:02.949470,ANON9c3d04c7,www.jumia/a-propos.com,21,desktop,CMP0005,False,0.0
5bb02e4e-fa58-4b92-b808-76a1f2c05bce,2026-07-06T16:39:02.949470,CLI00371,www.jumia/blog.com,337,desktop,CMP0012,False,0.0
63065a7d-a662-4c8a-9a26-91e440399ce6,2026-08-29T21:55:02.949470,CLI00053,www.jumia/accueil.com,93,desktop,CMP0008,False,0.0
2342878e-4d74-4028-8beb-4a2d67924258,2026-08-27T03:35:02.949470,CLI00281,www.jumia/promo.com,245,desktop,CMP0004,False,0.0
ad31c588-1642-4066-84de-8b9bee975b3e,2026-08-21T09:10:02.949470,CLI00467,www.jumia/checkout.com,32,tablette,CMP0012,False,0.0
67e67695-520e-4493-8cc7-6fbc361a9db3,2026-07-09T04:36:02.949470,ANONb664f3a2,www.jumia/accueil.com,137,mobile,CMP0015,False,0.0
d90dc88f-614c-423a-870a-f561efa307ab,2026-08-18T09:35:02.949470,CLI00378,www.jumia/confirmation-commande.com,130,mobile,,True,23.0
c32914be-1fa3-4758-92ec-1af8c473b90f,2026-07-06T05:35:02.949470,CLI00243,www.jumia/produit/detail.com,105,tablette,CMP0011,False,0.0
d7ba70ff-e885-425f-a116-aea165237b92,2026-08-23T14:46:02.949470,ANON1e84f73f,www.jumia/accueil.com,303,mobile,,False,0.0
d67c1c5a-99ae-4fc1-ae43-3120537b56c0,2026-07-06T15:43:02.949470,ANONb3a3bcfa,www.jumia/confirmation-commande.com,45,tablette,,True,272.77
2c8db754-a35a-4ba0-9ad1-670500fee7d3,2026-08-05T03:13:02.949470,ANONa66de33a,www.jumia/confirmation-commande.com,12,tablette,CMP0012,True,197.4
48de1b9f-c9d1-4682-8b16-a6087dd62a46,2026-08-02T05:10:02.949470,ANON7d20387f,www.jumia/checkout.com,100,desktop,,True,231.62
3482e8b7-fb4c-47a3-b266-3af95694ecdf,2026-07-15T07:14:02.949470,ANON57197d0d,www.jumia/checkout.com,117,mobile,,False,0.0
c8f0b782-0fd3-4291-bac4-150c872be614,2026-07-09T03:37:02.949470,CLI00369,www.jumia/panier.com,77,desktop,CMP0002,False,0.0
ab76c087-f55d-4607-8e16-21d861066a77,2026-07-23T20:22:02.949470,ANONe61e0ea7,www.jumia/produits.com,20,mobile,,False,0.0
8559971f-1ec8-41b1-a05c-14eba110ea37,2026-07-21T09:31:02.949470,ANONcfc1034b,www.jumia/panier.com,63,desktop,,False,0.0
a07d8c5b-313f-4579-80dc-2c5a673425a1,2026-08-25T08:22:02.949470,ANON8164f37d,www.jumia/promo.com,33,desktop,,False,0.0
eefe8447-72c2-405f-9d56-a51bdbf1f5a9,2026-07-30T11:39:02.949470,ANONb9a57e65,www.jumia/accueil.com,50,tablette,,False,0.0
f94a9d85-d5d6-4091-87cd-74d9e8ce2ba3,2026-07-26T05:03:02.949470,ANONf0d092f3,www.jumia/contact.com,93,desktop,,False,0.0
3474f2e6-dcf2-4b61-838d-54653f1de9dd,2026-08-13T15:34:02.949470,CLI00316,www.jumia/blog.com,123,tablette,,False,0.0
d5acf409-f437-4d84-a743-9f77e951f340,2026-08-06T20:49:02.949470,CLI00030,www.jumia/panier.com,23,desktop,CMP0010,False,0.0
c008c0e4-3922-4c69-a207-d3e683139aee,2026-08-07T06:42:02.949470,ANON5f91df18,www.jumia/contact.com,46,desktop,CMP0001,False,0.0
ff353387-d6a1-43d6-a05b-cf9d564c011d,2026-07-22T04:33:02.949470,ANONe9c0f0f0,www.jumia/panier.com,28,mobile,CMP0010,False,0.0
47bcab5d-9a2f-41b8-a0a0-c7ef467843b8,2026-07-22T06:20:02.949470,ANON3a569468,www.jumia/promo.com,19,mobile,CMP0003,False,0.0
77c7df7e-4def-42de-a99a-d82e906123d5,2026-07-11T21:37:02.949470,CLI00359,www.jumia/a-propos.com,137,desktop,,False,0.0
3a36e366-2fb8-422a-a0d9-875325234aa0,2026-08-26T17:27:02.949470,CLI00347,www.jumia/blog.com,215,tablette,CMP0009,False,0.0
e1b73ab6-81b6-40d9-83c7-c3e49160b673,2026-08-14T12:14:02.949470,CLI00114,www.jumia/produit/detail.com,41,mobile,,False,0.0
d3c273aa-8f68-48ba-8a4f-3c89750b414d,2026-07-21T06:24:02.949470,CLI00108,www.jumia/accueil.com,125,tablette,CMP0002,False,0.0
cfec5aff-16bc-474f-b744-65b8eb889860,2026-08-04T18:16:02.949470,ANON9c3e5010,www.jumia/a-propos.com,204,mobile,CMP0005,False,0.0
56708379-57e2-415d-b78e-759b4e08d827,2026-08-30T20:28:02.949470,ANON46857395,www.jumia/checkout.com,168,desktop,CMP0011,True,190.62
38312326-52aa-466a-8c71-b1251ff36a2d,2026-08-16T22:32:02.949470,CLI00424,www.jumia/produit/detail.com,18,tablette,CMP0006,False,0.0
057a1ecb-c9c1-4bb4-a2a5-d7a7cdae1a0b,2026-08-08T10:30:02.949470,ANON148a69a1,www.jumia/promo.com,281,mobile,,False,0.0
71611671-3511-4348-b336-b979b2dd3ef9,2026-07-10T04:02:02.949470,CLI00374,www.jumia/a-propos.com,42,desktop,,False,0.0
e09d39da-6f7d-4014-b04d-d04a6d4b2878,2026-08-03T03:56:02.949470,ANONd5299f34,www.jumia/contact.com,37,mobile,CMP0003,False,0.0
f27f9ec4-b4ad-4e9e-a0cc-a4f395afaf6e,2026-08-05T18:07:02.949470,ANON3ca20f0b,www.jumia/produit/detail.com,5,mobile,,False,0.0
04d9d225-4e24-4495-89f7-2b55b448c4f8,2026-07-22T07:37:02.949470,CLI00025,www.jumia/checkout.com,59,mobile,CMP0008,False,0.0
39121a1c-d843-42b2-a053-f01e9c063b7e,2026-08-13T23:59:02.949470,CLI00471,www.jumia/a-propos.com,10,tablette,CMP0014,False,0.0
7e55c0c7-45a1-4e54-a743-2e5fe3414e08,2026-08-16T14:01:02.949470,CLI00482,www.jumia/contact.com,25,desktop,CMP0009,False,0.0
5ca850b6-9038-4c6c-9643-1c1ba2ba7a41,2026-07-24T02:53:02.949470,CLI00151,www.jumia/produits.com,34,mobile,CMP0015,False,0.0
0cb1adb2-37ec-43a5-95bb-66944851d6e8,2026-07-22T18:39:02.949470,ANONccc97838,www.jumia/produit/detail.com,148,tablette,,False,0.0
6d4d8023-d938-4fc7-ba94-fdffb7446d80,2026-09-03T13:16:02.949470,CLI00456,www.jumia/accueil.com,187,tablette,,False,0.0
ad052249-3e92-4d0d-82b7-effbf5417173,2026-07-27T13:59:02.949470,CLI00033,www.jumia/promo.com,32,mobile,CMP0008,False,0.0
e5a18db2-fdfa-4342-9156-26605314a168,2026-07-22T07:29:02.949470,CLI00079,www.jumia/checkout.com,176,tablette,CMP0010,False,0.0
af36c8bf-dd0a-4c3e-9fb2-ecdaf3128a9c,2026-07-24T04:02:02.949470,CLI00404,www.jumia/confirmation-commande.com,175,mobile,,True,131.03
f3be992f-8087-4706-8078-0def07a17a35,2026-07-29T08:07:02.949470,CLI00068,www.jumia/panier.com,130,mobile,,False,0.0
69976779-6124-4c96-9943-0809ac125c30,2026-09-04T08:33:02.949470,CLI00130,www.jumia/a-propos.com,14,mobile,,False,0.0
1f00667e-aab1-477e-a9e8-9d4776c22b9e,2026-08-30T04:46:02.949470,CLI00067,www.jumia/contact.com,105,tablette,CMP0001,False,0.0
e49aea0c-4df9-4c30-b628-15122df0a00e,2026-09-03T03:47:02.949470,ANONa770de51,www.jumia/produit/detail.com,261,tablette,CMP0004,False,0.0
64f92da6-0681-4ef2-acbd-1c41ed81f6c0,2026-08-20T09:36:02.949470,ANON17906589,www.jumia/checkout.com,103,desktop,CMP0011,True,263.58
5b44c996-bc19-4caf-a4fc-ac99e70472cb,2026-08-01T01:27:02.949470,CLI00321,www.jumia/produits.com,36,mobile,CMP0013,False,0.0
0d5a8490-3344-436b-a1ff-ff43193e9d41,2026-08-09T16:32:02.949470,CLI00463,www.jumia/contact.com,62,tablette,CMP0014,False,0.0
4f33cb33-84f4-4fbc-830c-84c5ef3d6099,2026-08-22T20:29:02.949470,CLI00452,www.jumia/checkout.com,93,tablette,CMP0002,False,0.0
f046e4c1-e3b5-4707-8ed6-9c874b2b7d63,2026-07-27T10:57:02.949470,CLI00363,www.jumia/checkout.com,64,mobile,CMP0006,True,280.08
6175a904-eade-4f41-9511-9dd962d48512,2026-08-15T12:15:02.949470,CLI00481,www.jumia/produit/detail.com,11,tablette,CMP0006,False,0.0
3e26d9ff-c02e-4c38-a6bb-12895cccd843,2026-08-08T17:06:02.949470,CLI00474,www.jumia/confirmation-commande.com,33,tablette,CMP0010,True,252.74
a847892f-7520-49e8-ba32-844940913cbf,2026-07-23T07:09:02.949470,ANON5c9014b8,www.jumia/checkout.com,145,mobile,,True,157.93
7219b19a-6c62-420d-ab47-a52af931b236,2026-08-19T11:50:02.949470,CLI00023,www.jumia/panier.com,177,mobile,CMP0001,False,0.0
ab2b07ae-1f8f-48bd-8039-849797016c72,2026-08-17T02:25:02.949470,ANON30fb7db5,www.jumia/a-propos.com,13,tablette,,False,0.0
39ea3632-35b8-40d4-9827-88752278ef48,2026-08-30T08:37:02.949470,ANON2fa8e0b4,www.jumia/produit/detail.com,274,mobile,,False,0.0
af29e43a-f583-471b-93d8-cabf9bfbf4c1,2026-08-22T00:30:02.949470,CLI00196,www.jumia/a-propos.com,35,desktop,CMP0014,False,0.0
3f097a05-6365-4f09-8ee3-03fb4c607f98,2026-07-23T23:22:02.949470,ANON2b01fb44,www.jumia/a-propos.com,97,desktop,CMP0014,False,0.0
202af11f-f820-4c8e-aae3-b5f5643294d1,2026-07-14T08:06:02.949470,ANON7c54b96e,www.jumia/produit/detail.com,125,desktop,,False,0.0
81f30437-9dfb-4aa6-9429-bd4f6d1fdbe5,2026-07-15T11:01:02.949470,ANONa96f5d64,www.jumia/panier.com,150,mobile,,False,0.0
9fd3e56e-f28a-4390-b756-7db6b756abbd,2026-07-06T11:30:02.949470,CLI00138,www.jumia/contact.com,262,mobile,CMP0009,False,0.0
d1a4e55f-9ff9-42ca-af0b-188e4aa7e92d,2026-08-21T18:58:02.949470,CLI00114,www.jumia/checkout.com,33,desktop,CMP0009,False,0.0
98c6290d-2c6b-41b5-8479-d9d59e0193f5,2026-08-27T15:17:02.949470,CLI00218,www.jumia/produit/detail.com,175,mobile,CMP0004,False,0.0
32639748-5e0a-4b3a-91fb-725e69ac38cb,2026-08-15T23:26:02.949470,ANON5e037a29,www.jumia/contact.com,12,tablette,,False,0.0
82252087-60a9-40e0-89f6-9eac0e97c181,2026-08-19T19:35:02.949470,CLI00183,www.jumia/promo.com,109,desktop,CMP0004,False,0.0
42c46c89-a2c7-42db-9af0-47182ab107fa,2026-07-18T19:40:02.949470,CLI00326,www.jumia/produit/detail.com,121,mobile,,False,0.0
710abe88-70cf-40be-88ef-9f16022b74bc,2026-08-10T06:24:02.949470,CLI00467,www.jumia/accueil.com,101,desktop,,False,0.0
831457d2-d119-4186-a9fa-ded3000f390a,2026-08-20T00:22:02.949470,ANON27272859,www.jumia/produit/detail.com,26,desktop,CMP0013,False,0.0
44759f73-4188-4769-b332-33aaa32feacb,2026-07-27T04:50:02.949470,CLI00372,www.jumia/panier.com,185,tablette,,False,0.0
81b07c2c-7db2-44f3-ba2a-ebf599da8eef,2026-08-25T09:29:02.949470,CLI00020,www.jumia/checkout.com,16,tablette,,True,133.44
73f7769f-995b-4709-9b79-5ef1903374f0,2026-08-08T20:55:02.949470,CLI00402,www.jumia/checkout.com,4,tablette,,False,0.0
1aac4645-2a20-4590-96b5-e81298dd46a9,2026-08-04T02:05:02.949470,ANONea23b2cb,www.jumia/confirmation-commande.com,113,mobile,CMP0013,True,123.33
0a840074-e07e-498e-926c-b4eab4bfc610,2026-07-25T03:04:02.949470,ANON3433b29a,www.jumia/blog.com,58,desktop,,False,0.0
86a1de03-e7ac-4838-a00e-a4bef7cc3b33,2026-08-22T01:45:02.949470,ANON102ec64d,www.jumia/produits.com,170,tablette,CMP0003,False,0.0
f3ffa988-2c44-48df-9ac3-75d27050a8b5,2026-07-16T04:06:02.949470,CLI00239,www.jumia/contact.com,43,mobile,,False,0.0
b920a83e-ccf0-4fff-b446-fe0200172086,2026-07-06T16:26:02.949470,CLI00315,www.jumia/checkout.com,16,tablette,CMP0003,False,0.0
1b91e86c-1e88-47c3-a62d-b23035296bb6,2026-08-28T13:15:02.949470,ANON35f983e3,www.jumia/blog.com,162,desktop,,False,0.0
3338b7b6-4edc-4da2-b7ae-64591e6e5f71,2026-07-08T09:58:02.949470,ANONca171b37,www.jumia/panier.com,71,mobile,CMP0009,False,0.0
3480950d-d3cc-4c52-b1b6-c6ed978e34bb,2026-07-10T23:17:02.949470,ANONc4594c0e,www.jumia/promo.com,18,tablette,CMP0014,False,0.0
d82094a3-9b76-41ff-8c4d-79aa6129e6e2,2026-07-07T16:39:02.949470,CLI00444,www.jumia/blog.com,114,mobile,CMP0009,False,0.0
e669bf6d-e3c7-45bd-82ca-3277fd647588,2026-08-09T01:47:02.949470,ANON57e808bc,www.jumia/confirmation-commande.com,64,tablette,CMP0009,True,268.96
240dd6fc-847e-453e-b29e-7e06106dea65,2026-08-23T20:34:02.949470,ANON0c9efa24,www.jumia/confirmation-commande.com,83,mobile,CMP0001,True,248.3
0a3ed7b6-4559-40b8-bd7b-11b0075e6d2c,2026-08-04T03:25:02.949470,CLI00235,www.jumia/accueil.com,55,mobile,,False,0.0
ba8fcf7f-243d-452a-8c10-8aa39c242bad,2026-08-15T15:00:02.949470,ANON7c46296b,www.jumia/produits.com,158,desktop,CMP0009,False,0.0
bcfdd490-e8e7-4255-9def-4aa9d2c4b478,2026-09-03T06:55:02.949470,ANON10c11383,www.jumia/confirmation-commande.com,159,tablette,,True,146.86
5a33d252-2b7b-44b9-9a85-c4ac77e0b50b,2026-08-17T03:54:02.949470,CLI00176,www.jumia/promo.com,111,tablette,,False,0.0
50db3ab6-cd5b-4cf0-ac0d-fab0f09da7f5,2026-07-29T05:33:02.949470,CLI00333,www.jumia/panier.com,10,tablette,,False,0.0
481027a9-9b89-4e9c-bd95-4c1002c3c080,2026-08-15T06:40:02.949470,CLI00059,www.jumia/checkout.com,164,desktop,CMP0011,False,0.0
5d5b0d2d-7307-45cb-a0a4-dc378ea976e6,2026-08-31T21:07:02.949470,ANON4037e5d8,www.jumia/confirmation-commande.com,100,tablette,CMP0006,True,52.33
94c62c16-7185-4836-b67c-7d3ced7107d5,2026-09-01T05:41:02.949470,CLI00233,www.jumia/a-propos.com,107,tablette,,False,0.0
6aa24965-54d6-405e-ad9d-365443d68395,2026-08-07T00:21:02.949470,CLI00161,www.jumia/produits.com,40,mobile,,False,0.0
c8305b02-c399-409a-8b63-aef7881edc9a,2026-08-14T15:17:02.949470,ANON9a10c9e0,www.jumia/confirmation-commande.com,190,tablette,CMP0005,True,155.06
b0a4db3b-65b0-464d-b9cc-5f56242e389c,2026-07-24T04:41:02.949470,CLI00414,www.jumia/produit/detail.com,116,desktop,CMP0004,False,0.0
f41b2fb2-1cde-41f3-af1a-6cb9fecca75a,2026-08-15T07:20:02.949470,CLI00104,www.jumia/accueil.com,10,tablette,,False,0.0
a1af9bb2-304b-4f89-8e16-e1c78c44fc7e,2026-08-21T11:41:02.949470,CLI00374,www.jumia/confirmation-commande.com,47,mobile,CMP0001,True,209.71
81b53e9b-cc98-4d8f-b34b-af8dafe66d4e,2026-07-17T18:31:02.949470,ANONdb80ee3f,www.jumia/checkout.com,195,desktop,CMP0003,False,0.0
a58bb1f4-93a5-473a-944c-0f903e2e5da1,2026-07-06T18:16:02.949470,ANONa3918c99,www.jumia/blog.com,4,mobile,CMP0004,False,0.0
a7ef3028-d10e-41ad-aeb9-0b95011a2391,2026-07-24T15:25:02.949470,CLI00129,www.jumia/produits.com,292,mobile,,False,0.0
a449f1c6-0e5f-49b8-a9da-9b5cf2277c7a,2026-08-26T16:37:02.949470,ANONe81d8c89,www.jumia/confirmation-commande.com,102,tablette,,True,219.75
e639410c-f493-4eb2-8038-9aac30644441,2026-07-16T06:02:02.949470,ANON9455baac,www.jumia/accueil.com,89,desktop,CMP0010,False,0.0
8e4b35cb-33a8-4e42-9e00-048ea7b956aa,2026-09-03T10:10:02.949470,CLI00410,www.jumia/panier.com,28,mobile,,False,0.0
4fc77877-7301-4783-b4ca-d3f4d243374b,2026-07-26T03:58:02.949470,ANON070b2d63,www.jumia/produits.com,25,mobile,CMP0009,False,0.0
8a15d9f0-4124-4b3c-a059-2198c2b13cc1,2026-07-19T04:19:02.949470,ANONd4b25248,www.jumia/checkout.com,256,tablette,,False,0.0
b589d35d-ece8-4b6b-a347-fd9485bbefee,2026-07-29T09:36:02.949470,ANON89a197f4,www.jumia/promo.com,31,desktop,CMP0010,False,0.0
a8759a20-4dba-4ef0-a24c-ca7651a3f5a1,2026-08-19T00:29:02.949470,CLI00096,www.jumia/contact.com,134,mobile,CMP0009,False,0.0
453fdd31-1e9f-4343-b13e-3e4a681a2513,2026-07-23T22:39:02.949470,CLI00396,www.jumia/produit/detail.com,44,tablette,,False,0.0
1393557c-6748-4802-80e5-c7f07b3ba3c9,2026-07-11T17:17:02.949470,ANON8d4ec426,www.jumia/accueil.com,13,mobile,CMP0002,False,0.0
7a88633a-9ddf-4775-8eb7-d4da17c2b371,2026-07-24T13:26:02.949470,CLI00270,www.jumia/promo.com,1,mobile,CMP0001,False,0.0
6bdbf3d6-3301-45f5-bd17-8b5e001fd6ee,2026-08-10T12:13:02.949470,ANONaff00a42,www.jumia/blog.com,70,desktop,CMP0002,False,0.0
6b1d2100-e306-4502-9c18-612d2baa4559,2026-08-26T05:42:02.949470,ANON3a13ccb2,www.jumia/promo.com,334,tablette,CMP0014,False,0.0
52c5581d-e5bc-4d6b-8dbb-6d601308a15c,2026-07-08T10:41:02.949470,CLI00201,www.jumia/a-propos.com,41,tablette,CMP0004,False,0.0
ad7c1806-9e7d-4685-ab82-72a1226f1029,2026-08-27T16:45:02.949470,CLI00221,www.jumia/blog.com,39,desktop,CMP0003,False,0.0
6a6ad4a9-f13e-4937-a7fb-a3072edafb12,2026-07-09T04:31:02.949470,ANONa35be2c3,www.jumia/produits.com,37,desktop,,False,0.0
2d4bfd2f-2feb-4f4c-9560-0899e88702df,2026-07-10T19:26:02.949470,ANON478a217e,www.jumia/promo.com,66,mobile,,False,0.0
b82801ab-9978-4c39-b9a2-a76ed4faba06,2026-08-13T22:28:02.949470,CLI00019,www.jumia/confirmation-commande.com,52,mobile,CMP0013,True,246.75
c43653f0-cb57-448b-acd8-1f164c5ac07f,2026-07-13T02:18:02.949470,CLI00455,www.jumia/panier.com,190,desktop,CMP0003,False,0.0
00afafb6-5a13-47c6-86d5-06d85bdc791c,2026-09-04T03:09:02.949470,ANON4f60a17a,www.jumia/produits.com,63,desktop,CMP0001,False,0.0
c4f616fa-be9f-46ab-b5b7-a02a90648c27,2026-09-01T11:02:02.949470,CLI00424,www.jumia/contact.com,63,desktop,,False,0.0
ad7d75a0-77a2-4006-9652-616a764ecd61,2026-07-28T16:41:02.949470,ANON5c18b69b,www.jumia/produit/detail.com,13,mobile,CMP0014,False,0.0
84a28639-a6e1-4560-9105-f1604cd1c5c3,2026-07-10T07:20:02.949470,CLI00014,www.jumia/panier.com,365,tablette,,False,0.0
8c3adc37-185e-4fe0-b044-98981afcdad5,2026-08-06T15:04:02.949470,CLI00498,www.jumia/accueil.com,25,desktop,,False,0.0
c91fd1df-0602-4caa-928d-d9db2dcab476,2026-08-24T17:20:02.949470,ANONdc0ce95f,www.jumia/panier.com,6,tablette,CMP0014,False,0.0
d842db61-274f-45a1-92f5-feb05c3fa21d,2026-08-14T07:27:02.949470,CLI00205,www.jumia/contact.com,97,mobile,,False,0.0
78ee06b6-bd5b-406f-98ff-0312b254869e,2026-07-06T06:10:02.949470,CLI00306,www.jumia/blog.com,81,desktop,,False,0.0
dbcf3794-a481-47e5-b92a-f1f8c7bb521e,2026-08-18T13:47:02.949470,CLI00393,www.jumia/panier.com,48,mobile,,False,0.0
45cb2011-fb5f-4564-af44-9dc3d2533739,2026-08-19T08:35:02.949470,ANON486093f4,www.jumia/confirmation-commande.com,49,mobile,CMP0002,True,164.03
8c2c6787-068d-478f-af1c-f625e712578b,2026-08-24T19:09:02.949470,CLI00336,www.jumia/accueil.com,138,tablette,CMP0015,False,0.0
63c3deeb-d9b2-42fa-b82f-852ffc3d99cc,2026-08-01T00:47:02.949470,CLI00016,www.jumia/blog.com,19,desktop,CMP0005,False,0.0
a9b3277e-290c-48b2-b0f9-263ddaa0a19e,2026-08-31T12:21:02.949470,ANONf9ef620a,www.jumia/a-propos.com,154,tablette,CMP0005,False,0.0
661a12e3-3d76-41fd-8a66-eaeeb76703e4,2026-08-08T11:44:02.949470,ANON83411b44,www.jumia/panier.com,94,desktop,,False,0.0
cb342654-2fc5-4351-9c32-19519d16c218,2026-07-27T14:18:02.949470,CLI00073,www.jumia/a-propos.com,48,desktop,CMP0010,False,0.0
98bcb48a-bc74-44d1-be7d-69cde2d86a89,2026-09-02T12:25:02.949470,ANON2ff92fdb,www.jumia/a-propos.com,55,desktop,,False,0.0
591a977e-330d-4f45-80e2-9482bd9f5bd8,2026-08-22T02:54:02.949470,CLI00318,www.jumia/produits.com,26,tablette,CMP0014,False,0.0
a42d0711-0a02-45b7-a5b4-e5d9cf3c857c,2026-07-31T18:45:02.949470,CLI00085,www.jumia/panier.com,125,desktop,,False,0.0
35166e9a-8f11-487a-8377-cbde3b726667,2026-08-06T12:07:02.949470,CLI00251,www.jumia/panier.com,64,desktop,,False,0.0
42fe550c-2703-46cd-95d2-a74125a8f082,2026-08-31T13:25:02.949470,CLI00124,www.jumia/a-propos.com,34,mobile,,False,0.0
9b21089f-1d16-48b6-90a1-622e207802ba,2026-07-08T03:16:02.949470,CLI00266,www.jumia/checkout.com,81,desktop,CMP0005,False,0.0
56ddd8a5-3782-4533-b0c6-f7b1ba3ea3d7,2026-08-08T08:19:02.949470,CLI00202,www.jumia/panier.com,491,desktop,CMP0012,False,0.0
362dff83-01fb-483e-be04-69757a1e6f5a,2026-08-23T20:40:02.949470,CLI00171,www.jumia/confirmation-commande.com,51,tablette,CMP0004,True,268.72
b998256c-c9ca-4280-9348-cf09766c3193,2026-08-03T09:57:02.949470,CLI00155,www.jumia/accueil.com,228,tablette,CMP0005,False,0.0
af26bc29-f26f-4de3-aca3-078ce09cddc7,2026-07-11T22:19:02.949470,CLI00041,www.jumia/confirmation-commande.com,38,tablette,,True,140.23
d50d8867-9d37-46c5-bbe6-28cb9c9655d4,2026-07-13T16:51:02.949470,ANON6b2d640f,www.jumia/produits.com,5,mobile,,False,0.0
ecf4c426-1fbf-4472-a843-5185847e5127,2026-08-01T11:56:02.949470,CLI00016,www.jumia/panier.com,20,desktop,CMP0005,False,0.0
d4c4f179-bf9e-450d-a88f-5036f9d0fe7a,2026-07-09T21:05:02.949470,CLI00384,www.jumia/accueil.com,48,desktop,,False,0.0
50af17fc-b471-4b2d-b907-eee943fe0be3,2026-07-27T05:17:02.949470,CLI00180,www.jumia/checkout.com,22,mobile,,True,128.5
80cc2d57-abdd-4d8f-94ea-2e72bf008bbb,2026-07-30T11:20:02.949470,ANON21977225,www.jumia/panier.com,1,desktop,CMP0014,False,0.0
8cf2d19f-ed21-4459-aded-89fc770fbc6f,2026-08-02T20:49:02.949470,CLI00450,www.jumia/checkout.com,221,desktop,,False,0.0
ecff83ed-12ef-425b-9760-298cfd5a735e,2026-07-23T05:26:02.949470,CLI00218,www.jumia/accueil.com,167,mobile,CMP0011,False,0.0
33ceaf4e-f4bf-447c-b8d8-b19956ab052b,2026-07-19T19:26:02.949470,ANON38bf44a0,www.jumia/produit/detail.com,122,mobile,CMP0010,False,0.0
450b50ea-f72d-4a31-9ab1-2f49fbba6779,2026-08-05T22:46:02.949470,CLI00301,www.jumia/contact.com,16,desktop,,False,0.0
d04e9749-5275-42d5-8e1d-2094f5ce4111,2026-08-17T23:16:02.949470,ANONabee282e,www.jumia/contact.com,11,tablette,CMP0014,False,0.0
9a173f22-7b6e-4d54-a73d-b1432fb714b5,2026-08-30T00:56:02.949470,CLI00189,www.jumia/accueil.com,6,tablette,,False,0.0
68fe5bee-67f8-4704-96f6-3cbf67146041,2026-07-26T16:12:02.949470,ANON12f0b99d,www.jumia/checkout.com,115,tablette,CMP0013,True,219.1
3ac38d5d-57f0-47de-876a-fb36478244eb,2026-07-11T08:15:02.949470,CLI00279,www.jumia/produits.com,237,mobile,,False,0.0
751e97a6-bce3-46a3-86a2-d067c66ada3f,2026-07-18T08:23:02.949470,CLI00457,www.jumia/accueil.com,50,mobile,,False,0.0
81f14cdd-8f44-422d-8026-efc1555e8bff,2026-07-23T11:12:02.949470,CLI00382,www.jumia/contact.com,11,desktop,CMP0005,False,0.0
2873d9ec-95d5-4d14-812b-aa0786c699bb,2026-07-07T19:16:02.949470,CLI00293,www.jumia/confirmation-commande.com,64,tablette,CMP0013,True,218.07
bbe5ae57-9613-4251-a871-d916f4a598cb,2026-07-27T16:39:02.949470,ANON46035ee9,www.jumia/confirmation-commande.com,38,tablette,CMP0003,True,87.7
9c361f01-f077-4576-a235-b0e2ed19988f,2026-08-22T06:59:02.949470,CLI00044,www.jumia/contact.com,42,tablette,CMP0005,False,0.0
1a84b797-9f7c-46ac-98f8-0492854d1980,2026-08-19T06:26:02.949470,CLI00257,www.jumia/accueil.com,87,mobile,CMP0008,False,0.0
4011ec9e-f659-4b31-9d7c-0f1436f9646b,2026-07-13T08:31:02.949470,ANON0b162335,www.jumia/produits.com,114,tablette,,False,0.0
a43747ca-f638-47ea-8831-4d2ee51ef7ae,2026-08-03T00:49:02.949470,ANONd07688f9,www.jumia/checkout.com,10,desktop,CMP0010,False,0.0
430a8d85-62e0-4861-9263-ee5e84002236,2026-08-11T23:46:02.949470,ANONf9c40140,www.jumia/panier.com,3,tablette,CMP0002,False,0.0
2dcd3b47-3969-4e62-93ed-9ce6c81f4e01,2026-07-19T23:59:02.949470,CLI00250,www.jumia/produits.com,465,tablette,CMP0012,False,0.0
127e5107-aa04-441a-b710-08881e5abe38,2026-08-17T19:35:02.949470,CLI00495,www.jumia/produits.com,23,mobile,CMP0001,False,0.0
cfa7c4d5-92bd-41d2-b3e2-d172aa0a1500,2026-08-18T17:11:02.949470,CLI00208,www.jumia/produits.com,4,tablette,CMP0011,False,0.0
1473ce0f-3d70-49d5-a844-d7ff78d4560a,2026-08-22T01:34:02.949470,ANON2e29df9b,www.jumia/promo.com,18,desktop,,False,0.0
f663bd73-4a63-4fbd-9754-0b2260bfc9e8,2026-08-10T03:37:02.949470,ANON76b876f8,www.jumia/produit/detail.com,3,tablette,,False,0.0
d8ada466-4261-4300-9b43-23ee99f05a2d,2026-08-20T15:26:02.949470,CLI00366,www.jumia/confirmation-commande.com,44,tablette,,True,235.55
1e0c389b-b593-46bf-b749-83c082b57ae2,2026-07-18T14:45:02.949470,CLI00242,www.jumia/confirmation-commande.com,145,tablette,CMP0011,True,259.94
ec444c80-a141-47d6-8832-36a2aa8a98ce,2026-08-06T13:07:02.949470,CLI00071,www.jumia/blog.com,37,desktop,CMP0004,False,0.0
b80689ba-36c5-4e5c-96bd-f9785846564a,2026-07-30T03:12:02.949470,CLI00424,www.jumia/produits.com,52,desktop,CMP0012,False,0.0
2c487b61-09b4-41dd-97c4-7e0dea189b99,2026-08-08T11:40:02.949470,ANON78385130,www.jumia/produits.com,101,tablette,,False,0.0
d182f2d2-2a23-4efd-b715-4cb4083715c6,2026-08-30T08:34:02.949470,CLI00305,www.jumia/checkout.com,63,mobile,,True,220.64
335c6dde-3eac-4b32-87a1-17fd8ef8e6a0,2026-08-06T18:08:02.949470,CLI00154,www.jumia/blog.com,177,desktop,CMP0007,False,0.0
97bc1fbb-de10-4b6f-bfe1-bf2417113e79,2026-07-22T07:17:02.949470,ANON5018432e,www.jumia/promo.com,180,tablette,,False,0.0
2c97312e-b944-4881-9aef-ea90ad6a9de9,2026-07-20T20:20:02.949470,ANON36a2c09e,www.jumia/produit/detail.com,1,tablette,CMP0006,False,0.0
4acb267d-6d8b-4bd8-a1c3-50cefdffc925,2026-08-24T04:27:02.949470,CLI00375,www.jumia/a-propos.com,135,tablette,,False,0.0
b10456f1-b66b-4438-8444-bc16b25187f5,2026-08-29T15:20:02.949470,CLI00255,www.jumia/contact.com,55,desktop,CMP0012,False,0.0
610add65-c64d-471b-961e-da91f4d26c46,2026-08-10T16:25:02.949470,CLI00003,www.jumia/accueil.com,404,desktop,,False,0.0
7a267525-bbfa-49fa-a232-a7ee8efd0754,2026-08-10T12:28:02.949470,CLI00089,www.jumia/confirmation-commande.com,59,mobile,CMP0003,True,280.46
7d908a89-faf7-4b1b-8852-671e321500d7,2026-07-11T15:18:02.949470,ANONa69d7c03,www.jumia/a-propos.com,390,mobile,,False,0.0
43d49274-014c-4306-87d4-64f7717e8ce0,2026-08-22T23:57:02.949470,CLI00210,www.jumia/blog.com,126,desktop,CMP0010,False,0.0
c3241802-baa4-48d0-9c7d-af3431e968e0,2026-08-20T18:41:02.949470,ANON12a5fb17,www.jumia/panier.com,25,tablette,CMP0006,False,0.0
57bd550d-7b25-4f17-8e33-116db77be44e,2026-07-19T13:13:02.949470,CLI00210,www.jumia/checkout.com,69,tablette,,False,0.0
8273b86f-7f74-49c9-94cb-dc9f5982df57,2026-08-07T22:38:02.949470,CLI00008,www.jumia/panier.com,436,tablette,,False,0.0
417b3dc1-19e9-4b0d-a58d-41256a20817b,2026-08-22T09:32:02.949470,ANONaf403297,www.jumia/accueil.com,175,desktop,,False,0.0
42282e1f-94da-40fe-a507-5e6d17deecbb,2026-07-08T02:03:02.949470,CLI00263,www.jumia/blog.com,9,tablette,CMP0001,False,0.0
abea8302-f42e-4120-907e-2895ad8a0f6a,2026-08-20T08:20:02.949470,ANONd519781e,www.jumia/produit/detail.com,110,mobile,,False,0.0
6bb9a4f6-e91f-4308-9e67-4b76268b7139,2026-08-06T16:34:02.949470,ANON9d9c1580,www.jumia/panier.com,38,desktop,CMP0015,False,0.0
592e1129-0f35-468e-addc-f357bf89f5c7,2026-08-07T03:10:02.949470,ANON63274d0f,www.jumia/contact.com,1,tablette,CMP0012,False,0.0
6e5d9d40-1538-40be-8d81-f811e3de0ffc,2026-07-25T12:00:02.949470,ANON4012c6d7,www.jumia/produit/detail.com,46,tablette,,False,0.0
a511fa7b-497d-473c-9118-4d8d1e527404,2026-08-01T05:35:02.949470,ANON3aa5b668,www.jumia/checkout.com,24,desktop,,False,0.0
f4d3a90d-9878-4fba-b6a2-c6fc192c601b,2026-07-26T08:40:02.949470,CLI00142,www.jumia/produits.com,153,tablette,CMP0007,False,0.0
1feccc09-d76a-4587-b0d5-cd496e14d4ff,2026-08-07T00:04:02.949470,CLI00245,www.jumia/promo.com,37,desktop,CMP0010,False,0.0
4b4ef3db-b97c-4749-9a0e-354d6d4b98a9,2026-07-05T19:44:02.949470,CLI00077,www.jumia/accueil.com,158,mobile,CMP0013,False,0.0
a91fe660-9d6f-4c8c-b335-19764ee8fe7a,2026-08-01T23:57:02.949470,ANON97a8979c,www.jumia/accueil.com,1,mobile,,False,0.0
72c549df-9d0f-414d-9b8d-017b78159eae,2026-07-14T17:56:02.949470,ANON8341f5fd,www.jumia/confirmation-commande.com,33,desktop,,True,63.97
0c51862b-c5e4-4dca-8a9b-8fec118d18d9,2026-09-04T08:46:02.949470,ANON60a6d0a3,www.jumia/accueil.com,24,desktop,CMP0010,False,0.0
740d3efd-f270-4e48-92eb-7527f2e01e8a,2026-08-23T03:21:02.949470,ANONc5b98073,www.jumia/panier.com,23,desktop,,False,0.0
ce9329ae-ba59-4210-9f5d-e737b6e9abe3,2026-07-11T08:04:02.949470,CLI00239,www.jumia/blog.com,6,tablette,CMP0011,False,0.0
923d5bcf-8dd7-47f3-be97-e8fca6282853,2026-08-05T05:39:02.949470,ANON97b304ab,www.jumia/contact.com,18,tablette,CMP0012,False,0.0
73bb8b36-ddd1-4560-9d60-18fc5c49637e,2026-08-11T12:33:02.949470,CLI00430,www.jumia/panier.com,72,desktop,CMP0013,False,0.0
2c2d876b-d06b-419d-a286-88694a8d1f90,2026-08-21T08:10:02.949470,CLI00253,www.jumia/blog.com,30,mobile,,False,0.0
d07788f3-f59f-4eaa-a2c6-4e9c48c504d0,2026-07-19T02:40:02.949470,ANONf2b588b1,www.jumia/produit/detail.com,48,tablette,CMP0006,False,0.0
bbf657cf-6c8c-4689-a38b-c994a7ee6f6f,2026-07-20T08:40:02.949470,ANONfebb298d,www.jumia/panier.com,42,desktop,,False,0.0
40622c07-032f-49f2-ac28-360c4b9a92f4,2026-08-17T23:43:02.949470,CLI00019,www.jumia/panier.com,187,mobile,CMP0010,False,0.0
948bc22e-d1a0-4fe2-98b6-6ec245194565,2026-08-20T10:24:02.949470,ANONf6be4ba6,www.jumia/accueil.com,212,mobile,,False,0.0
11a91ebc-ed82-4c12-a003-feed2d4fb061,2026-08-09T17:09:02.949470,CLI00480,www.jumia/accueil.com,61,mobile,CMP0011,False,0.0
d6c2b281-720c-4893-87fc-3140a4763784,2026-08-22T08:32:02.949470,CLI00390,www.jumia/panier.com,36,tablette,CMP0004,False,0.0
0c4c8d92-0c0b-40c9-b6c1-fc375f43a7fb,2026-07-13T15:12:02.949470,CLI00274,www.jumia/checkout.com,10,tablette,CMP0013,False,0.0
800b0395-0c45-4275-916b-fe722c4c7984,2026-08-23T20:40:02.949470,ANONf714b00f,www.jumia/accueil.com,275,desktop,CMP0008,False,0.0
d6236cfe-08a1-4302-bb68-fe463c7ae893,2026-08-04T02:00:02.949470,ANON80a9fdef,www.jumia/confirmation-commande.com,5,tablette,CMP0009,True,229.53
81950906-57db-4514-9aa6-16c0961b212f,2026-08-17T22:02:02.949470,ANON374ee27a,www.jumia/blog.com,31,tablette,,False,0.0
9d2b3906-fb6b-4b5c-8de7-1011c57400a1,2026-07-07T15:12:02.949470,ANON1c3b3920,www.jumia/confirmation-commande.com,31,tablette,CMP0006,True,102.54
cfe826ea-9689-4aa8-92e9-b81bffeaf8e5,2026-08-28T16:41:02.949470,ANON0be779d6,www.jumia/a-propos.com,34,mobile,CMP0008,False,0.0
5309e801-d758-43a7-9eb7-8a0dfa8daf07,2026-08-04T14:14:02.949470,CLI00106,www.jumia/produit/detail.com,16,tablette,CMP0005,False,0.0
66cd1891-fbde-4ffd-a132-35ca1f24c3b7,2026-08-27T08:44:02.949470,ANONab03edb5,www.jumia/promo.com,137,desktop,,False,0.0
933d734a-2a91-464c-b30f-aa417fcfbd28,2026-08-08T10:55:02.949470,CLI00493,www.jumia/produit/detail.com,11,tablette,,False,0.0
6d3028d9-de3b-4e47-b251-1db411f37164,2026-08-10T01:12:02.949470,CLI00309,www.jumia/contact.com,90,tablette,,False,0.0
18ee0eb0-0007-41a2-b265-245977775916,2026-09-02T14:01:02.949470,ANONcb745da0,www.jumia/a-propos.com,11,mobile,,False,0.0
1a9b1180-978e-4b72-937d-51bd26745327,2026-08-18T00:37:02.949470,CLI00085,www.jumia/produits.com,6,tablette,,False,0.0
068269c4-4dbf-4549-a607-511d3ba9a73a,2026-08-07T06:20:02.949470,CLI00177,www.jumia/confirmation-commande.com,216,tablette,CMP0011,True,237.12
8faf4625-d1c3-407f-900f-45c229a7bf14,2026-08-18T17:33:02.949470,CLI00223,www.jumia/a-propos.com,18,desktop,CMP0001,False,0.0
f09f8c4c-80f3-4949-9391-5cd9204f9603,2026-08-15T16:21:02.949470,CLI00153,www.jumia/contact.com,154,desktop,CMP0011,False,0.0
fe4ff3cc-ae06-45ce-8764-24e762e516f0,2026-08-04T21:27:02.949470,ANON0c6725b7,www.jumia/a-propos.com,70,desktop,CMP0010,False,0.0
8b2b4784-de65-47b8-91bc-aab092b82997,2026-07-20T23:07:02.949470,ANON6861d17f,www.jumia/accueil.com,7,mobile,CMP0012,False,0.0
23e8de21-ef09-4375-962f-85b7fb632df5,2026-08-08T04:43:02.949470,CLI00087,www.jumia/produit/detail.com,279,mobile,CMP0014,False,0.0
19bb691c-3c96-48fd-bc88-828eb21d0b99,2026-07-26T06:08:02.949470,CLI00347,www.jumia/contact.com,25,desktop,,False,0.0
872e7ded-f5cf-4845-9498-9bbddee6c19e,2026-07-19T13:15:02.949470,CLI00310,www.jumia/checkout.com,176,tablette,,False,0.0
651913af-3af7-47b1-a66c-5b14048d2b6a,2026-07-23T18:44:02.949470,CLI00381,www.jumia/checkout.com,16,desktop,CMP0006,False,0.0
ca0939b9-f530-4cbc-81fe-731a9f514755,2026-08-24T16:13:02.949470,CLI00263,www.jumia/contact.com,173,mobile,CMP0002,False,0.0
5c00aba8-49bc-424b-92a4-c318d26db23c,2026-07-07T19:41:02.949470,CLI00340,www.jumia/produit/detail.com,1,tablette,,False,0.0
e250bbf2-c4a5-41fc-b0c2-d3f6815f4f81,2026-08-26T08:45:02.949470,CLI00381,www.jumia/produit/detail.com,64,desktop,CMP0007,False,0.0
d0970be9-7a52-4a25-ae3b-6f2b16bef552,2026-08-22T07:14:02.949470,CLI00361,www.jumia/produit/detail.com,132,mobile,,False,0.0
0b5830b3-2d48-45d6-849f-f2fee9b63c4d,2026-09-04T17:45:02.949470,CLI00289,www.jumia/panier.com,245,tablette,CMP0009,False,0.0
c16d608a-896f-4ac6-9e65-685b45cc8b2a,2026-07-10T08:14:02.949470,CLI00064,www.jumia/accueil.com,215,tablette,CMP0013,False,0.0
9298cbb8-c158-4fdc-b18b-2c0a6a75de29,2026-07-06T04:07:02.949470,ANON56e55835,www.jumia/accueil.com,154,tablette,CMP0007,False,0.0
8de02bf7-4dbc-435a-bde8-02b3d0687a16,2026-08-03T01:26:02.949470,CLI00156,www.jumia/contact.com,197,tablette,,False,0.0
bb61c58b-a201-4b2d-a5aa-8fd5e9aeb419,2026-08-31T13:12:02.949470,ANONa330ea7a,www.jumia/a-propos.com,19,desktop,,False,0.0
1355b0a4-05eb-4452-8205-beb7a7cd6c7c,2026-08-14T06:12:02.949470,CLI00221,www.jumia/accueil.com,30,tablette,,False,0.0
39643386-1165-4549-ab18-c3698141161c,2026-08-16T19:10:02.949470,ANON9d3144a8,www.jumia/checkout.com,30,tablette,CMP0002,False,0.0
e51d1181-b7e0-43b3-8510-9f0e0ab5fca9,2026-08-17T15:55:02.949470,ANON6f2d1f9a,www.jumia/accueil.com,42,desktop,,False,0.0
72df1679-fbf2-4dfa-83c7-ea57280ec8a0,2026-07-28T10:24:02.949470,CLI00493,www.jumia/promo.com,44,desktop,CMP0005,False,0.0
a7348526-750a-4600-bcf8-67c1f90598f5,2026-07-22T10:22:02.949470,CLI00394,www.jumia/a-propos.com,70,mobile,CMP0004,False,0.0
6f9ed70e-0035-4b61-b3fe-e4951d833aec,2026-08-22T16:52:02.949470,CLI00170,www.jumia/blog.com,15,desktop,CMP0010,False,0.0
c3032063-17f3-4ec7-ab4c-c41c46087cc7,2026-07-27T21:07:02.949470,ANONafe71e7c,www.jumia/checkout.com,105,desktop,CMP0009,False,0.0
e2c1a28d-d511-42bd-9c72-cc76c781b566,2026-07-11T13:05:02.949470,CLI00122,www.jumia/contact.com,16,desktop,,False,0.0
641e5795-8a4d-44a7-a1f6-312e35f3a5ee,2026-07-21T02:54:02.949470,CLI00164,www.jumia/promo.com,33,mobile,CMP0014,False,0.0
33fdb604-9fb6-488d-b6a8-e7afefb664fb,2026-08-06T19:57:02.949470,CLI00123,www.jumia/accueil.com,62,tablette,CMP0006,False,0.0
97ccdafc-3a39-48a2-a0d3-60ec0b896246,2026-08-30T13:13:02.949470,CLI00202,www.jumia/promo.com,143,tablette,CMP0011,False,0.0
c53609dc-0ad4-42f7-90d5-84145164614f,2026-07-16T03:31:02.949470,ANONfcaf6fc7,www.jumia/confirmation-commande.com,121,desktop,CMP0013,True,86.57
49f7a1e8-7b8e-4d93-9f42-c150c7792101,2026-08-13T04:43:02.949470,CLI00053,www.jumia/confirmation-commande.com,93,mobile,,True,125.83
d708acf5-493f-491f-b779-783a596468cd,2026-08-07T08:36:02.949470,CLI00170,www.jumia/checkout.com,15,desktop,CMP0009,False,0.0
a26a4103-ee77-4dc1-baa2-af4d3874b2f1,2026-07-30T07:32:02.949470,ANONf6eba6a3,www.jumia/accueil.com,71,mobile,,False,0.0
599784a4-0b9b-4b9e-b70c-e773f038542f,2026-08-05T06:48:02.949470,CLI00468,www.jumia/promo.com,8,mobile,CMP0008,False,0.0
27ab86d4-7de2-4e97-b74f-2e0b9fea49b5,2026-08-17T18:28:02.949470,CLI00060,www.jumia/confirmation-commande.com,42,mobile,CMP0002,True,27.62
68d35d26-e33e-461d-afd0-b24325654597,2026-08-21T13:24:02.949470,ANON8fbb3ee1,www.jumia/confirmation-commande.com,48,desktop,,True,172.11
ddc8420d-bb72-4026-a1c5-a6f8574a1882,2026-08-20T11:17:02.949470,CLI00289,www.jumia/accueil.com,3,mobile,,False,0.0
d30ae52a-dbc6-4838-a073-bbeb8f7fab44,2026-08-25T03:39:02.949470,CLI00111,www.jumia/confirmation-commande.com,28,tablette,CMP0010,True,52.34
ac6f52fb-0b56-40f1-8329-f7229e01c2ba,2026-08-01T17:17:02.949470,CLI00418,www.jumia/panier.com,280,tablette,,False,0.0
2e009494-3432-4260-b860-452dc0ce664c,2026-07-26T05:19:02.949470,CLI00301,www.jumia/confirmation-commande.com,276,desktop,CMP0014,True,238.84
4daa41e0-dceb-4820-b893-47d14b207051,2026-07-18T10:32:02.949470,ANON883df16d,www.jumia/produits.com,39,mobile,CMP0015,False,0.0
3211295a-3bf3-4b6a-b2d4-fec8eff2e251,2026-08-29T04:23:02.949470,CLI00278,www.jumia/produits.com,3,desktop,CMP0008,False,0.0
32d68ab9-73bf-4fe8-8de5-ac76eef771f7,2026-08-09T19:56:02.949470,ANON1073eed1,www.jumia/produits.com,17,tablette,,False,0.0
8f660a38-02f3-45ab-a012-b2394c36201a,2026-07-24T14:08:02.949470,CLI00468,www.jumia/blog.com,44,tablette,,False,0.0
f894da47-6af6-4e43-aebd-734778ecd952,2026-08-25T17:55:02.949470,CLI00295,www.jumia/produits.com,265,tablette,CMP0006,False,0.0
d3ec84e5-b7b3-4bfa-a137-fdce1d45d5b5,2026-08-27T18:23:02.949470,ANON74014e4c,www.jumia/blog.com,13,tablette,CMP0014,False,0.0
76328600-3798-4de5-a34e-a1f9d617588f,2026-08-02T21:04:02.949470,CLI00248,www.jumia/accueil.com,129,tablette,CMP0011,False,0.0
054daa9b-eb36-48d5-9324-b95337cac83e,2026-07-06T14:51:02.949470,CLI00436,www.jumia/panier.com,10,tablette,,False,0.0
ca92286b-3766-4ac7-a74b-33861342de07,2026-07-16T12:30:02.949470,ANON92491fb0,www.jumia/confirmation-commande.com,357,tablette,,True,19.92
6700217a-307b-4e7f-ac3e-781aab53bdd9,2026-07-12T13:59:02.949470,CLI00417,www.jumia/produit/detail.com,43,mobile,CMP0010,False,0.0
e9b4e078-d62f-48d1-bbd2-ff428de32b50,2026-08-23T00:49:02.949470,ANONe039a849,www.jumia/accueil.com,134,tablette,CMP0003,False,0.0
1092ce53-f8fe-47bf-8bc5-b65652619f40,2026-08-30T02:34:02.949470,ANONd350a470,www.jumia/panier.com,37,desktop,,False,0.0
0ede2349-f3d9-4bc6-9c5f-c08cdeb0ef9f,2026-08-30T15:36:02.949470,CLI00186,www.jumia/a-propos.com,88,tablette,,False,0.0
deb52e89-a912-4d32-a666-12695753159b,2026-07-28T06:41:02.949470,CLI00004,www.jumia/blog.com,19,desktop,,False,0.0
04105741-56e6-4aaa-a754-3ba04bed7cf1,2026-07-11T21:16:02.949470,ANON726628a9,www.jumia/produit/detail.com,14,desktop,,False,0.0
2e0927de-807c-4794-ac1e-4f14fc21ad4d,2026-08-25T17:40:02.949470,ANON6ab07a32,www.jumia/accueil.com,250,desktop,,False,0.0
a58a4ef4-f32f-4c15-a12c-c92a7b439d57,2026-08-12T05:36:02.949470,ANON1e348e64,www.jumia/produit/detail.com,224,mobile,CMP0008,False,0.0
6454fe19-9db9-4359-a36a-978361966ad8,2026-07-13T11:59:02.949470,CLI00042,www.jumia/produits.com,196,tablette,CMP0011,False,0.0
624cc58a-d0dc-49f0-802d-fd3b76c35fb6,2026-08-20T23:27:02.949470,ANON9e04055a,www.jumia/panier.com,88,tablette,,False,0.0
154cacf2-9389-401c-96f2-14c11d112551,2026-08-14T14:31:02.949470,CLI00183,www.jumia/promo.com,148,tablette,CMP0001,False,0.0
e713e356-ed4b-4dfb-9cdb-0bd637cc7583,2026-08-07T10:09:02.949470,CLI00220,www.jumia/produit/detail.com,6,mobile,,False,0.0
95346ac1-82f1-4aed-972b-ffb6d8da8bda,2026-07-13T04:24:02.949470,ANON53ae7ad2,www.jumia/a-propos.com,36,tablette,,False,0.0
a8afd948-e4fc-4ea4-b5e3-b25a0da59b46,2026-08-19T11:16:02.949470,ANON53ffe00c,www.jumia/produits.com,33,mobile,,False,0.0
4f2083c5-586f-4ef9-9b70-d4911bc04d1e,2026-08-31T13:17:02.949470,ANON346aaf20,www.jumia/blog.com,90,tablette,CMP0002,False,0.0
e1cbf14e-c7b2-4ddd-8f3b-0e6194cfe247,2026-07-09T03:54:02.949470,CLI00073,www.jumia/accueil.com,39,mobile,CMP0003,False,0.0
e82b8f29-cfaa-4496-95af-4e8acb8cc52f,2026-08-25T07:32:02.949470,ANONd194109c,www.jumia/produits.com,14,tablette,CMP0007,False,0.0
d2f7253b-cdc2-41fb-bbc1-5b19cefcdfd0,2026-08-31T12:21:02.949470,ANON2d2cfdc9,www.jumia/blog.com,81,mobile,CMP0005,False,0.0
74c12b0c-3579-429f-85e4-4e9641e2bfaf,2026-08-31T12:16:02.949470,CLI00053,www.jumia/checkout.com,151,mobile,CMP0010,True,235.71
2a46d0cd-cf4a-46d3-9bce-7a90cc5e0732,2026-07-23T08:08:02.949470,ANONa6cebbe1,www.jumia/confirmation-commande.com,43,desktop,CMP0005,True,23.5
b99f6e66-c874-40ce-b8b6-07e85b0c3bb6,2026-07-06T13:15:02.949470,ANONe9e34a1d,www.jumia/a-propos.com,12,mobile,,False,0.0
3102155e-dc09-4ddb-bdf0-d0fa455274d7,2026-07-31T23:16:02.949470,CLI00204,www.jumia/blog.com,19,tablette,,False,0.0
edaf8452-adeb-4ae0-8915-7870daecfaf7,2026-08-10T02:15:02.949470,CLI00427,www.jumia/confirmation-commande.com,24,mobile,,True,177.88
9cd6aadb-4e0e-415c-bc79-55fb4f6aa61c,2026-08-06T02:41:02.949470,CLI00157,www.jumia/produit/detail.com,32,tablette,,False,0.0
6ed0e46a-27c9-4be3-a2ae-19491207dd60,2026-08-14T15:33:02.949470,CLI00441,www.jumia/contact.com,92,desktop,CMP0006,False,0.0
af86a6b9-811a-4b6c-a788-cfbd897e9b82,2026-07-17T05:26:02.949470,ANONc79e2af7,www.jumia/checkout.com,82,desktop,CMP0013,False,0.0
f1e7eae4-e822-4e13-9ecf-6f23ecbdcd23,2026-08-12T21:28:02.949470,CLI00023,www.jumia/produits.com,107,desktop,,False,0.0
b4d0d6a3-8fc7-4cc0-a0e7-b0ef47b047c6,2026-09-04T04:03:02.949470,CLI00241,www.jumia/checkout.com,40,desktop,CMP0011,False,0.0
3405d8ef-42e4-486a-ba09-cba4858f78d2,2026-08-31T10:52:02.949470,CLI00401,www.jumia/blog.com,156,mobile,CMP0001,False,0.0
332ac5f4-254f-46dd-ab0a-f6dda463b812,2026-08-13T08:56:02.949470,CLI00071,www.jumia/a-propos.com,20,desktop,CMP0013,False,0.0
a1644040-49e9-492d-b5ad-2c53a01d3446,2026-08-01T19:21:02.949470,CLI00139,www.jumia/blog.com,56,tablette,CMP0010,False,0.0
300649b0-7c68-4732-854a-e48506368550,2026-08-13T15:22:02.949470,CLI00024,www.jumia/produits.com,145,desktop,,False,0.0
831b0550-786c-412c-ae7b-71f0c8416901,2026-07-29T06:42:02.949470,ANON43490b8f,www.jumia/checkout.com,17,desktop,,True,32.93
f34461f3-cc97-4db3-ab1c-78b35d93fe47,2026-08-27T09:40:02.949470,ANONfc29d02a,www.jumia/confirmation-commande.com,10,mobile,CMP0012,True,57.17
b2627e47-938f-43ca-91fb-9c680ad0b964,2026-07-18T04:41:02.949470,CLI00018,www.jumia/accueil.com,193,tablette,CMP0012,False,0.0
58e4f41b-65be-415f-9b39-f8d0774ecd1d,2026-07-26T18:25:02.949470,CLI00200,www.jumia/produits.com,37,desktop,CMP0010,False,0.0
4ef80f98-18ae-4ad5-b1a2-fe442108674c,2026-07-16T21:55:02.949470,CLI00396,www.jumia/produit/detail.com,103,mobile,,False,0.0
b390d70b-9bf3-49d9-ad59-ffcf6baa4e45,2026-08-15T06:30:02.949470,CLI00102,www.jumia/produits.com,2,mobile,,False,0.0
f67021fb-21fc-4141-be7c-1b5510dfdbab,2026-08-20T22:04:02.949470,CLI00169,www.jumia/promo.com,105,tablette,CMP0015,False,0.0
313ff678-ae4f-4959-805e-bcc536c15b9b,2026-07-20T04:14:02.949470,CLI00368,www.jumia/produits.com,34,mobile,CMP0003,False,0.0
750c9cba-c608-452b-a7d5-afe14d170e0a,2026-08-12T21:28:02.949470,ANONc35bd5dc,www.jumia/checkout.com,5,mobile,CMP0015,False,0.0
01cce0d3-eb54-4caa-8026-515beae3227b,2026-08-20T22:22:02.949470,ANON1f5fbf48,www.jumia/produits.com,84,desktop,,False,0.0
63a3a9d7-c898-455d-84e9-6d14ba104634,2026-08-29T19:23:02.949470,ANON85fdd0ed,www.jumia/contact.com,24,tablette,,False,0.0
dad75f8f-fe8d-4a09-9994-3d70365b8537,2026-07-20T03:16:02.949470,ANON76ea728c,www.jumia/contact.com,44,desktop,,False,0.0
5f606e53-1cce-4899-8a46-0ea487acd038,2026-08-12T11:41:02.949470,CLI00388,www.jumia/produit/detail.com,7,mobile,,False,0.0
b99351b8-5b57-4f22-bd9f-6646d0882287,2026-09-02T21:59:02.949470,CLI00048,www.jumia/panier.com,14,desktop,,False,0.0
a87accaf-6c0f-4658-8739-405969f7a81e,2026-08-14T13:27:02.949470,ANON17b4e965,www.jumia/produits.com,31,tablette,,False,0.0
fa68c4a8-67be-4ba6-8802-bc7d7e5b564e,2026-07-12T14:32:02.949470,ANONb7cea974,www.jumia/promo.com,8,desktop,,False,0.0
6b4e0ec4-ad34-421d-b264-67fabc32f5c9,2026-07-15T03:42:02.949470,CLI00238,www.jumia/a-propos.com,217,tablette,,False,0.0
14c9d449-5855-42bd-8daa-128834cbe97e,2026-08-23T08:23:02.949470,CLI00243,www.jumia/contact.com,1,desktop,CMP0006,False,0.0
5d7066f7-5296-4a83-b4d5-a3544a74af63,2026-08-24T06:27:02.949470,ANON73355345,www.jumia/checkout.com,59,tablette,CMP0004,False,0.0
98cfd3bf-1dcd-4254-bd0f-20797fbfb40a,2026-07-15T01:19:02.949470,CLI00321,www.jumia/produit/detail.com,11,desktop,,False,0.0
81de6f33-ab8d-44b0-9048-f87815a82ed8,2026-07-25T04:19:02.949470,CLI00168,www.jumia/produits.com,33,mobile,CMP0011,False,0.0
330941b9-3c81-4f1e-ab0e-c9a06ff1c831,2026-09-01T09:05:02.949470,ANON94d11bfa,www.jumia/a-propos.com,234,mobile,,False,0.0
c08be6aa-11af-45ac-b02a-24bcde3f6c87,2026-07-26T19:47:02.949470,CLI00377,www.jumia/a-propos.com,15,mobile,CMP0006,False,0.0
8f499341-89f2-4269-a1f3-459788246aab,2026-08-07T09:42:02.949470,CLI00243,www.jumia/blog.com,303,desktop,CMP0005,False,0.0
3a31cd43-0666-4b92-80ee-8697bf5bbc9a,2026-09-02T07:17:02.949470,CLI00497,www.jumia/contact.com,20,desktop,CMP0003,False,0.0
b995ffe8-452c-46fe-948a-138402b6109d,2026-07-26T17:16:02.949470,CLI00371,www.jumia/produit/detail.com,121,mobile,,False,0.0
2b33de76-7691-43e0-8939-cf4583c06f14,2026-08-15T09:52:02.949470,ANON3f7e94bf,www.jumia/panier.com,71,tablette,CMP0011,False,0.0
698d0bac-2b0c-480b-b1d9-94fe4fdb7655,2026-09-02T07:07:02.949470,CLI00398,www.jumia/produit/detail.com,194,desktop,CMP0004,False,0.0
1a577257-a1b1-489b-af1b-1b0838172727,2026-07-13T22:14:02.949470,CLI00152,www.jumia/produits.com,72,desktop,,False,0.0
78081531-cf47-43ff-b510-618af6d73835,2026-08-25T02:46:02.949470,CLI00413,www.jumia/blog.com,68,mobile,CMP0014,False,0.0
33ff1308-a44a-4fa9-a86d-9f5a35b5b6ce,2026-07-23T03:54:02.949470,ANONddc6b730,www.jumia/blog.com,19,desktop,CMP0013,False,0.0
d3d1e532-5f7d-4cf8-9738-71e10c39afab,2026-07-28T17:01:02.949470,CLI00036,www.jumia/promo.com,16,tablette,CMP0015,False,0.0
861fac7b-a5bd-403b-94b0-24452c19cd82,2026-08-29T09:38:02.949470,ANON13fc5c4c,www.jumia/confirmation-commande.com,223,mobile,,True,79.63
629d81c7-a392-406c-8363-8b602fd43e07,2026-08-31T03:22:02.949470,CLI00222,www.jumia/promo.com,35,desktop,CMP0008,False,0.0
9a00b1f5-9e9c-4ca0-85d3-1c9ac982acb9,2026-07-06T20:33:02.949470,ANON0ae54b3f,www.jumia/checkout.com,41,tablette,,True,100.94
e8fc7bcf-a46e-4350-adc9-cf1ea8cf2eb2,2026-08-06T06:19:02.949470,ANON691bec47,www.jumia/a-propos.com,128,tablette,,False,0.0
d6cd3034-4765-46a6-a422-17dcdf18d9b2,2026-08-01T14:36:02.949470,CLI00048,www.jumia/contact.com,37,tablette,,False,0.0
63a404a9-da23-4ffa-9f83-cbd2fa540fd8,2026-07-30T20:17:02.949470,ANONd9b8a786,www.jumia/produit/detail.com,273,mobile,,False,0.0
261a24a4-bcb5-4086-94da-df24d4697cc9,2026-07-29T13:09:02.949470,CLI00234,www.jumia/blog.com,120,mobile,CMP0010,False,0.0
3f654c36-b1c0-4806-aa36-8fdf229f1f7c,2026-08-06T23:03:02.949470,ANON2b2f2f11,www.jumia/accueil.com,81,mobile,,False,0.0
12da6577-391b-42e4-9ec0-c2876a3f9aa9,2026-07-18T21:42:02.949470,ANON5c6ece78,www.jumia/confirmation-commande.com,191,mobile,CMP0004,True,90.25
9704f68c-717b-43fe-a6a3-54a428f4a85a,2026-09-03T08:32:02.949470,ANON52d32348,www.jumia/checkout.com,4,tablette,CMP0004,False,0.0
a7163ca8-9f0b-4c5e-b591-519d1c105ea7,2026-08-31T10:45:02.949470,ANON73cdc28e,www.jumia/checkout.com,26,tablette,,False,0.0
9d25a089-edcb-4ac7-bdc6-127bb68db054,2026-08-29T09:48:02.949470,CLI00198,www.jumia/blog.com,56,desktop,CMP0001,False,0.0
28f1d140-db35-427d-8031-92934c4f01e0,2026-07-30T18:32:02.949470,CLI00493,www.jumia/produit/detail.com,23,mobile,,False,0.0
cc8b2e7f-8f79-427d-ba2b-29153d233ac2,2026-08-29T12:26:02.949470,ANONb2164db3,www.jumia/a-propos.com,122,mobile,CMP0014,False,0.0
fe67fce1-bd9f-42e1-8fe0-a7ea044f5d66,2026-07-13T13:25:02.949470,ANONe0a99492,www.jumia/a-propos.com,226,desktop,,False,0.0
42eea172-064e-4b59-a48c-e15a588b3875,2026-08-30T11:42:02.949470,CLI00226,www.jumia/produit/detail.com,49,desktop,CMP0013,False,0.0
60563a70-c451-4a44-be40-d64c12d5b63e,2026-07-22T17:22:02.949470,CLI00006,www.jumia/checkout.com,37,desktop,CMP0004,False,0.0
b9194412-c52b-4647-a0c7-fa8580952f14,2026-08-16T13:25:02.949470,ANON1fb91920,www.jumia/accueil.com,293,desktop,CMP0003,False,0.0
66a864be-8a72-4cf3-9c0d-99a17248bb23,2026-07-31T15:57:02.949470,CLI00119,www.jumia/produits.com,52,mobile,CMP0005,False,0.0
244bde98-b71a-4640-a88e-c406da3f9b1d,2026-07-18T03:13:02.949470,CLI00175,www.jumia/a-propos.com,60,tablette,,False,0.0
2d4e1ae6-b70b-4d93-8df3-291d1724edf5,2026-07-23T13:28:02.949470,CLI00495,www.jumia/a-propos.com,38,tablette,,False,0.0
c663784d-6f04-4f2c-82f8-8907085d2b75,2026-07-25T07:54:02.949470,CLI00015,www.jumia/blog.com,216,tablette,CMP0005,False,0.0
40047de5-f882-4bc4-a425-8c2e71dc532d,2026-07-21T09:07:02.949470,CLI00363,www.jumia/accueil.com,75,desktop,,False,0.0
02580248-19a0-4438-8c68-04940529b0d8,2026-08-10T17:18:02.949470,ANONb64afde8,www.jumia/checkout.com,129,tablette,,False,0.0
b48cbaf3-69ae-4144-bb64-1e73a6b6972c,2026-07-11T21:16:02.949470,ANON72feee1d,www.jumia/confirmation-commande.com,150,tablette,CMP0006,True,225.36
b938f976-47fd-4377-aaf4-0391fa0371e4,2026-08-26T15:17:02.949470,CLI00038,www.jumia/promo.com,37,mobile,CMP0015,False,0.0
b356446a-bd0d-48c4-95b1-ecb67f042fcd,2026-08-06T13:20:02.949470,CLI00437,www.jumia/blog.com,51,mobile,CMP0002,False,0.0
b7695bea-dd40-4d44-9c8b-d96c0408e00a,2026-09-02T16:57:02.949470,CLI00205,www.jumia/contact.com,169,desktop,CMP0008,False,0.0
3b031038-a8d7-43ca-abb4-3da5ead40d36,2026-08-08T10:02:02.949470,CLI00404,www.jumia/a-propos.com,40,desktop,CMP0010,False,0.0
2d2da765-cbe2-456f-924f-b48f18b8b312,2026-07-10T01:25:02.949470,CLI00132,www.jumia/promo.com,142,mobile,,False,0.0
36ed0afc-c1da-4fcb-b1a1-6bf25483dad9,2026-08-12T05:46:02.949470,ANON8f92b400,www.jumia/accueil.com,254,tablette,,False,0.0
1983d678-1b9e-4e37-a1b0-52aa7a018a60,2026-08-16T12:23:02.949470,ANON083a1216,www.jumia/produit/detail.com,87,mobile,CMP0007,False,0.0
8b71927f-7758-4adf-8846-0032f6a800b1,2026-07-18T14:10:02.949470,CLI00208,www.jumia/produits.com,121,desktop,CMP0013,False,0.0
9862737d-3d8c-4d7a-a02b-7b462c08c372,2026-08-29T18:34:02.949470,CLI00055,www.jumia/confirmation-commande.com,147,mobile,CMP0002,True,102.77
b5923d83-d2be-47f0-997e-281cfa2d6985,2026-07-25T03:43:02.949470,CLI00129,www.jumia/contact.com,167,tablette,,False,0.0
7193ab3e-91ec-40b8-b993-a563653d7871,2026-07-15T20:48:02.949470,ANONef4c1eaf,www.jumia/produits.com,45,mobile,,False,0.0
9f50ded1-f6f4-4609-ba9c-c5e8417b8553,2026-08-30T18:05:02.949470,CLI00479,www.jumia/blog.com,4,desktop,,False,0.0
cbc767e1-32a0-4660-9305-73a333018f49,2026-08-27T09:17:02.949470,CLI00322,www.jumia/promo.com,46,tablette,,False,0.0
013d17d1-784d-46f3-ab8a-fa9789039a65,2026-07-11T05:29:02.949470,ANONf7d90c47,www.jumia/accueil.com,100,desktop,CMP0009,False,0.0
2d3609bf-a602-4160-b48d-547f377e35ee,2026-08-04T14:08:02.949470,CLI00232,www.jumia/produit/detail.com,53,mobile,CMP0011,False,0.0
15199bfc-df70-439e-8071-db3056926be3,2026-08-12T15:57:02.949470,CLI00100,www.jumia/contact.com,124,mobile,CMP0013,False,0.0
e084fe7b-a7de-4382-b9be-f4d6971e84d9,2026-08-02T03:46:02.949470,CLI00261,www.jumia/blog.com,39,tablette,,False,0.0
cdb7fab4-d5bc-41d6-8928-612c9b2b9d33,2026-08-11T08:42:02.949470,ANON09660026,www.jumia/promo.com,90,desktop,,False,0.0
1603700e-c962-4ba1-bbc4-4e9be117cec7,2026-07-12T16:26:02.949470,CLI00469,www.jumia/contact.com,18,tablette,,False,0.0
b45767bc-2a50-4f1e-82d3-101a1f621ca5,2026-07-18T00:21:02.949470,CLI00061,www.jumia/produits.com,124,tablette,,False,0.0
6447251a-a5a6-4315-9a0e-0d1da97d4692,2026-07-27T04:15:02.949470,ANON37f9f1e2,www.jumia/contact.com,71,tablette,,False,0.0
8f2923c4-3edd-4eb9-b8d3-5d8c643217e2,2026-08-06T01:12:02.949470,ANON340490df,www.jumia/blog.com,20,mobile,,False,0.0
233acd1d-190e-4175-b988-0a663cd17bfc,2026-08-27T12:59:02.949470,CLI00353,www.jumia/a-propos.com,31,tablette,CMP0007,False,0.0
6ec40866-d8b5-4e05-ad2c-a9515d54ee27,2026-08-18T11:58:02.949470,CLI00388,www.jumia/a-propos.com,124,desktop,,False,0.0
e16598d5-9c78-4555-9d09-4e7168e2020a,2026-08-18T14:02:02.949470,CLI00496,www.jumia/contact.com,59,tablette,CMP0006,False,0.0
0436f4e8-c2af-43c1-aac6-34a5a51210c2,2026-07-24T01:16:02.949470,ANON75a0299a,www.jumia/blog.com,21,desktop,,False,0.0
bace95ea-731d-4bd4-9965-f51d9499411f,2026-07-23T09:35:02.949470,CLI00203,www.jumia/contact.com,307,tablette,CMP0004,False,0.0
7df7431c-6e1e-4596-a8e7-682a87d1bb32,2026-08-02T06:10:02.949470,ANON2381ac26,www.jumia/confirmation-commande.com,113,tablette,CMP0014,True,162.7
1e7a3508-e862-4525-90eb-c38e6e7eb81a,2026-08-22T06:56:02.949470,ANON5140fb34,www.jumia/checkout.com,283,tablette,,False,0.0
25f86cb2-ef04-4f26-9698-1f522e7d6382,2026-07-11T05:54:02.949470,ANON993cdb6c,www.jumia/panier.com,50,desktop,,False,0.0
1c966137-339f-4560-9d78-4c34c76b7af1,2026-08-29T09:30:02.949470,ANONeb5a104c,www.jumia/produit/detail.com,58,desktop,CMP0006,False,0.0
7383b271-daca-4e8f-bbcb-9ae32e4a028a,2026-07-07T05:47:02.949470,ANON7e811b74,www.jumia/accueil.com,205,tablette,CMP0003,False,0.0
e90e8d3a-91e2-4179-ad99-e7cce8a48117,2026-08-21T03:15:02.949470,CLI00204,www.jumia/confirmation-commande.com,67,tablette,,True,265.37
0c9a2fbe-9e3f-4598-9222-4eb3c365c287,2026-08-14T02:53:02.949470,CLI00413,www.jumia/confirmation-commande.com,110,mobile,,True,94.7
d762c063-dd83-4d73-aea7-d39011de373c,2026-08-24T10:05:02.949470,CLI00102,www.jumia/a-propos.com,26,desktop,CMP0004,False,0.0
9f426eb6-968b-4c3e-b79c-eb3fc7dae494,2026-09-03T07:09:02.949470,ANON2b17dec1,www.jumia/panier.com,53,desktop,CMP0012,False,0.0
cb57dec6-c82b-4509-9d50-4670199aa89c,2026-08-13T06:51:02.949470,CLI00357,www.jumia/checkout.com,11,mobile,,False,0.0
3eba3cc2-e782-4a9f-94d6-7c344617d9e5,2026-08-05T02:01:02.949470,ANON472a93d3,www.jumia/produits.com,20,desktop,CMP0013,False,0.0
9b992e7b-01ee-4526-ab15-aa8191bb6a17,2026-07-06T18:28:02.949470,ANON7a746399,www.jumia/checkout.com,1,desktop,CMP0003,False,0.0
7af78381-7ac6-4aa1-94ec-26a07f4106da,2026-07-11T20:23:02.949470,CLI00185,www.jumia/a-propos.com,3,mobile,,False,0.0
07b65496-dc4e-44ce-ba2c-8e3736444e61,2026-08-30T12:00:02.949470,CLI00104,www.jumia/checkout.com,340,desktop,,False,0.0
d9f17618-12a0-4c0c-bb0c-30bb408075d3,2026-07-23T14:59:02.949470,ANON1a107da4,www.jumia/blog.com,24,desktop,CMP0013,False,0.0
16919b8f-d106-4d74-97ea-462ef54d3a4a,2026-08-21T19:47:02.949470,ANON2ef6ec51,www.jumia/contact.com,97,mobile,CMP0014,False,0.0
0fa6df28-bb03-4ff6-b838-984394b4310b,2026-08-27T13:11:02.949470,CLI00076,www.jumia/accueil.com,164,tablette,CMP0002,False,0.0
307d9af6-21db-4ac9-8cfa-99c7767241d2,2026-08-23T12:50:02.949470,CLI00450,www.jumia/produits.com,71,mobile,,False,0.0
39d43557-c220-4e3f-849f-9e73b2631a44,2026-07-17T15:03:02.949470,ANON3c0b7bde,www.jumia/produits.com,14,tablette,CMP0008,False,0.0
eb529c20-416d-4ba5-8717-ed3567ed0e93,2026-08-30T13:52:02.949470,ANONb001b530,www.jumia/checkout.com,117,desktop,CMP0005,False,0.0
111138f3-83b3-4c54-9cde-6d10f0925676,2026-08-05T13:12:02.949470,CLI00121,www.jumia/accueil.com,82,desktop,CMP0009,False,0.0
f81c7ef5-7197-4c72-b20c-faf79afcb21b,2026-07-11T02:48:02.949470,CLI00336,www.jumia/confirmation-commande.com,118,desktop,CMP0006,True,91.83
1f64eb26-01e1-4468-8b7c-379b927f8904,2026-08-08T12:45:02.949470,CLI00414,www.jumia/confirmation-commande.com,132,tablette,,True,205.57
9340c8f5-da6d-4f27-8795-0d7b3666db21,2026-08-17T23:58:02.949470,CLI00372,www.jumia/blog.com,333,tablette,CMP0013,False,0.0
27a97bd7-69dc-4be3-a114-36eb8141b916,2026-08-05T04:59:02.949470,CLI00044,www.jumia/a-propos.com,76,tablette,,False,0.0
e7d8d436-c42f-45b5-8a9e-ff7b0c290ed9,2026-09-03T21:42:02.949470,ANONa73e9078,www.jumia/blog.com,37,mobile,CMP0004,False,0.0
5143e4f7-a7af-4781-8099-493b74bfcd71,2026-08-30T01:08:02.949470,CLI00130,www.jumia/confirmation-commande.com,94,tablette,CMP0004,True,185.49
afeefca3-4497-4435-aad6-2afbc1da2f80,2026-08-08T04:15:02.949470,ANONaa20235b,www.jumia/panier.com,6,desktop,CMP0012,False,0.0
9c776175-cfb1-4053-89eb-946319e235aa,2026-08-01T11:00:02.949470,ANON296f0fa3,www.jumia/accueil.com,204,desktop,CMP0015,False,0.0
0c8e5643-9963-4913-98dc-b3d45625b91e,2026-08-11T21:20:02.949470,ANON62f4e3fd,www.jumia/confirmation-commande.com,11,mobile,CMP0013,True,48.95
5fe2a4fe-c465-41cc-af9a-e7ea468a925a,2026-08-27T07:49:02.949470,ANONcfc33d23,www.jumia/a-propos.com,35,mobile,CMP0001,False,0.0
f193b44a-abf7-45eb-8efd-e854e575b150,2026-08-23T12:15:02.949470,CLI00375,www.jumia/checkout.com,152,mobile,,False,0.0
58771d62-449e-442a-bee0-3191f25770b5,2026-08-25T18:46:02.949470,ANON28293c2d,www.jumia/contact.com,81,mobile,CMP0014,False,0.0
ef27b84d-0225-47d2-8f15-d36b8a1e29f0,2026-08-02T05:14:02.949470,CLI00150,www.jumia/checkout.com,45,desktop,CMP0011,False,0.0
ac1958e7-a5e5-48b5-8c98-a89d0b021374,2026-07-17T10:35:02.949470,CLI00444,www.jumia/contact.com,57,tablette,,False,0.0
a7f8de36-27de-4980-88f7-2c4f1eb8010d,2026-08-30T10:47:02.949470,ANON2e57bfa8,www.jumia/checkout.com,173,desktop,,True,285.24
d515ad58-c507-41f4-b4e9-cb8d11186236,2026-08-06T18:05:02.949470,CLI00137,www.jumia/checkout.com,37,mobile,CMP0010,False,0.0
3df667d1-2c7e-4301-8777-19cd4c3a59ec,2026-08-10T12:14:02.949470,ANON640deb92,www.jumia/promo.com,183,mobile,CMP0006,False,0.0
b361c75a-b335-4051-ab83-a80fafd8678e,2026-07-07T00:43:02.949470,CLI00321,www.jumia/confirmation-commande.com,8,tablette,,True,139.18
00cabae6-bdf6-4e29-9683-7bcdc69e5d91,2026-08-27T04:41:02.949470,ANON280b1bba,www.jumia/produits.com,134,tablette,CMP0010,False,0.0
87908c9b-42dc-49c4-b580-4df2d8ef28a3,2026-07-28T23:45:02.949470,ANON2586fb04,www.jumia/produit/detail.com,169,tablette,,False,0.0
15e4d1e0-c8ea-4d1e-a25e-1be5899a0f5f,2026-09-04T14:14:02.949470,CLI00113,www.jumia/accueil.com,18,tablette,,False,0.0
7f004b53-d01d-4392-8e30-136e978c6c91,2026-08-27T00:30:02.949470,ANONf46c6a2c,www.jumia/confirmation-commande.com,50,mobile,CMP0014,True,90.45
938afe56-de7f-4ee5-9a70-3a630fb564b1,2026-07-20T19:00:02.949470,CLI00181,www.jumia/checkout.com,16,mobile,CMP0010,False,0.0
e10b37e8-4821-450c-8e9e-a90bb744ccea,2026-08-26T00:15:02.949470,CLI00061,www.jumia/produit/detail.com,110,tablette,CMP0015,False,0.0
62e61e9c-74f4-4dfc-a87a-75d60c9db460,2026-08-13T05:45:02.949470,CLI00012,www.jumia/checkout.com,68,tablette,CMP0015,True,37.34
782eb454-b614-4ac3-9b01-d59842b1530d,2026-07-14T16:34:02.949470,ANONd16ac476,www.jumia/blog.com,90,tablette,,False,0.0
4e9d9d25-8c7a-4c4d-be37-5bf387e6da6d,2026-07-13T19:51:02.949470,ANONd82f5556,www.jumia/accueil.com,19,tablette,CMP0002,False,0.0
0f8b67a7-b563-4c6d-95df-eb940bbc8460,2026-07-20T20:30:02.949470,CLI00148,www.jumia/contact.com,21,mobile,,False,0.0
cc270c05-26fe-416c-8f86-0937bd3e8585,2026-09-02T10:54:02.949470,CLI00229,www.jumia/panier.com,3,tablette,CMP0014,False,0.0
05d47bc5-9e95-4a9f-ac3b-d61c19cde24f,2026-08-26T11:19:02.949470,ANON45fc878a,www.jumia/confirmation-commande.com,34,mobile,CMP0014,True,82.46
4c4f8fc7-b07e-4025-aa5e-c5a1a353c2c6,2026-07-28T21:06:02.949470,ANONb146cd72,www.jumia/panier.com,73,tablette,CMP0003,False,0.0
94a73e5e-506b-4ef2-86da-29d3ee2960cf,2026-08-29T22:59:02.949470,ANONe6573c1d,www.jumia/promo.com,175,desktop,,False,0.0
