[2026-07-09T17:54:34.423+0000] {manager.py:469} INFO - Processing files using up to 2 processes at a time 
[2026-07-09T17:54:34.423+0000] {manager.py:470} INFO - Process each file at most once every 30 seconds
[2026-07-09T17:54:34.424+0000] {manager.py:471} INFO - Checking for new files in /opt/airflow/dags every 300 seconds
[2026-07-09T17:54:34.424+0000] {manager.py:738} INFO - Searching for files in /opt/airflow/dags
[2026-07-09T17:54:34.425+0000] {manager.py:741} INFO - There are 1 files in /opt/airflow/dags
[2026-07-09T17:54:34.506+0000] {manager.py:879} INFO - 
================================================================================
DAG File Processing Stats

File Path                                      PID  Runtime      # DAGs    # Errors  Last Runtime    Last Run
-------------------------------------------  -----  ---------  --------  ----------  --------------  ----------
/opt/airflow/dags/marketing_campaign_dag.py    168  0.04s             0           0
================================================================================
[2026-07-09T17:55:04.630+0000] {manager.py:879} INFO - 
================================================================================
DAG File Processing Stats

File Path                                    PID    Runtime      # DAGs    # Errors  Last Runtime    Last Run
-------------------------------------------  -----  ---------  --------  ----------  --------------  -------------------
/opt/airflow/dags/marketing_campaign_dag.py                           1           0  0.51s           2026-07-09T17:54:34
================================================================================
[2026-07-09T17:55:35.240+0000] {manager.py:879} INFO - 
================================================================================
DAG File Processing Stats

File Path                                    PID    Runtime      # DAGs    # Errors  Last Runtime    Last Run
-------------------------------------------  -----  ---------  --------  ----------  --------------  -------------------
/opt/airflow/dags/marketing_campaign_dag.py                           1           0  0.16s           2026-07-09T17:55:05
================================================================================
[2026-07-09T17:56:05.520+0000] {manager.py:879} INFO - 
================================================================================
DAG File Processing Stats

File Path                                    PID    Runtime      # DAGs    # Errors  Last Runtime    Last Run
-------------------------------------------  -----  ---------  --------  ----------  --------------  -------------------
/opt/airflow/dags/marketing_campaign_dag.py                           1           0  0.44s           2026-07-09T17:55:35
================================================================================
[2026-07-09T17:56:35.670+0000] {manager.py:879} INFO - 
================================================================================
DAG File Processing Stats

File Path                                    PID    Runtime      # DAGs    # Errors  Last Runtime    Last Run
-------------------------------------------  -----  ---------  --------  ----------  --------------  -------------------
/opt/airflow/dags/marketing_campaign_dag.py                           1           0  1.65s           2026-07-09T17:56:07
================================================================================
[2026-07-09T17:57:05.819+0000] {manager.py:879} INFO - 
================================================================================
DAG File Processing Stats

File Path                                    PID    Runtime      # DAGs    # Errors  Last Runtime    Last Run
-------------------------------------------  -----  ---------  --------  ----------  --------------  -------------------
/opt/airflow/dags/marketing_campaign_dag.py                           1           0  0.58s           2026-07-09T17:56:38
================================================================================
[2026-07-09T17:57:35.934+0000] {manager.py:879} INFO - 
================================================================================
DAG File Processing Stats

File Path                                    PID    Runtime      # DAGs    # Errors  Last Runtime    Last Run
-------------------------------------------  -----  ---------  --------  ----------  --------------  -------------------
/opt/airflow/dags/marketing_campaign_dag.py                           1           0  0.43s           2026-07-09T17:57:08
================================================================================
[2026-07-09T17:58:06.074+0000] {manager.py:879} INFO - 
================================================================================
DAG File Processing Stats

File Path                                    PID    Runtime      # DAGs    # Errors  Last Runtime    Last Run
-------------------------------------------  -----  ---------  --------  ----------  --------------  -------------------
/opt/airflow/dags/marketing_campaign_dag.py                           1           0  0.15s           2026-07-09T17:57:39
================================================================================
[2026-07-09T17:58:36.350+0000] {manager.py:879} INFO - 
================================================================================
DAG File Processing Stats

File Path                                    PID    Runtime      # DAGs    # Errors  Last Runtime    Last Run
-------------------------------------------  -----  ---------  --------  ----------  --------------  -------------------
/opt/airflow/dags/marketing_campaign_dag.py                           1           0  0.17s           2026-07-09T17:58:09
================================================================================
[2026-07-09T17:59:06.648+0000] {manager.py:879} INFO - 
================================================================================
DAG File Processing Stats

File Path                                    PID    Runtime      # DAGs    # Errors  Last Runtime    Last Run
-------------------------------------------  -----  ---------  --------  ----------  --------------  -------------------
/opt/airflow/dags/marketing_campaign_dag.py                           1           0  0.17s           2026-07-09T17:58:39
================================================================================
[2026-07-09T17:59:34.924+0000] {manager.py:738} INFO - Searching for files in /opt/airflow/dags
[2026-07-09T17:59:34.926+0000] {manager.py:741} INFO - There are 1 files in /opt/airflow/dags
[2026-07-09T17:59:36.951+0000] {manager.py:879} INFO - 
================================================================================
DAG File Processing Stats

File Path                                    PID    Runtime      # DAGs    # Errors  Last Runtime    Last Run
-------------------------------------------  -----  ---------  --------  ----------  --------------  -------------------
/opt/airflow/dags/marketing_campaign_dag.py                           1           0  0.16s           2026-07-09T17:59:09
================================================================================
[2026-07-09T18:00:07.217+0000] {manager.py:879} INFO - 
================================================================================
DAG File Processing Stats

File Path                                    PID    Runtime      # DAGs    # Errors  Last Runtime    Last Run
-------------------------------------------  -----  ---------  --------  ----------  --------------  -------------------
/opt/airflow/dags/marketing_campaign_dag.py                           1           0  0.17s           2026-07-09T17:59:40
================================================================================
[2026-07-09T18:00:37.221+0000] {manager.py:879} INFO - 
================================================================================
DAG File Processing Stats

File Path                                    PID    Runtime      # DAGs    # Errors  Last Runtime    Last Run
-------------------------------------------  -----  ---------  --------  ----------  --------------  -------------------
/opt/airflow/dags/marketing_campaign_dag.py                           1           0  0.43s           2026-07-09T18:00:32
================================================================================
[2026-07-09T18:01:07.354+0000] {manager.py:879} INFO - 
================================================================================
DAG File Processing Stats

File Path                                    PID    Runtime      # DAGs    # Errors  Last Runtime    Last Run
-------------------------------------------  -----  ---------  --------  ----------  --------------  -------------------
/opt/airflow/dags/marketing_campaign_dag.py                           1           0  0.31s           2026-07-09T18:01:02
================================================================================
[2026-07-09T18:01:37.792+0000] {manager.py:879} INFO - 
================================================================================
DAG File Processing Stats

File Path                                    PID    Runtime      # DAGs    # Errors  Last Runtime    Last Run
-------------------------------------------  -----  ---------  --------  ----------  --------------  -------------------
/opt/airflow/dags/marketing_campaign_dag.py                           1           0  0.22s           2026-07-09T18:01:32
================================================================================
[2026-07-09T18:02:08.133+0000] {manager.py:879} INFO - 
================================================================================
DAG File Processing Stats

File Path                                    PID    Runtime      # DAGs    # Errors  Last Runtime    Last Run
-------------------------------------------  -----  ---------  --------  ----------  --------------  -------------------
/opt/airflow/dags/marketing_campaign_dag.py                           1           0  0.17s           2026-07-09T18:02:03
================================================================================
[2026-07-09T18:02:38.426+0000] {manager.py:879} INFO - 
================================================================================
DAG File Processing Stats

File Path                                    PID    Runtime      # DAGs    # Errors  Last Runtime    Last Run
-------------------------------------------  -----  ---------  --------  ----------  --------------  -------------------
/opt/airflow/dags/marketing_campaign_dag.py                           1           0  0.17s           2026-07-09T18:02:33
================================================================================
[2026-07-09T18:03:08.707+0000] {manager.py:879} INFO - 
================================================================================
DAG File Processing Stats

File Path                                    PID    Runtime      # DAGs    # Errors  Last Runtime    Last Run
-------------------------------------------  -----  ---------  --------  ----------  --------------  -------------------
/opt/airflow/dags/marketing_campaign_dag.py                           1           0  0.16s           2026-07-09T18:03:03
================================================================================
[2026-07-09T18:03:38.996+0000] {manager.py:879} INFO - 
================================================================================
DAG File Processing Stats

File Path                                    PID    Runtime      # DAGs    # Errors  Last Runtime    Last Run
-------------------------------------------  -----  ---------  --------  ----------  --------------  -------------------
/opt/airflow/dags/marketing_campaign_dag.py                           1           0  0.18s           2026-07-09T18:03:34
================================================================================
[2026-07-09T18:04:09.298+0000] {manager.py:879} INFO - 
================================================================================
DAG File Processing Stats

File Path                                    PID    Runtime      # DAGs    # Errors  Last Runtime    Last Run
-------------------------------------------  -----  ---------  --------  ----------  --------------  -------------------
/opt/airflow/dags/marketing_campaign_dag.py                           1           0  0.17s           2026-07-09T18:04:04
================================================================================
[2026-07-09T18:04:35.573+0000] {manager.py:738} INFO - Searching for files in /opt/airflow/dags
[2026-07-09T18:04:35.577+0000] {manager.py:741} INFO - There are 1 files in /opt/airflow/dags
[2026-07-09T18:04:39.611+0000] {manager.py:879} INFO - 
================================================================================
DAG File Processing Stats

File Path                                    PID    Runtime      # DAGs    # Errors  Last Runtime    Last Run
-------------------------------------------  -----  ---------  --------  ----------  --------------  -------------------
/opt/airflow/dags/marketing_campaign_dag.py                           1           0  0.22s           2026-07-09T18:04:34
================================================================================
[2026-07-09T18:05:09.931+0000] {manager.py:879} INFO - 
================================================================================
DAG File Processing Stats

File Path                                    PID    Runtime      # DAGs    # Errors  Last Runtime    Last Run
-------------------------------------------  -----  ---------  --------  ----------  --------------  -------------------
/opt/airflow/dags/marketing_campaign_dag.py                           1           0  0.20s           2026-07-09T18:05:05
================================================================================
[2026-07-09T18:05:40.257+0000] {manager.py:879} INFO - 
================================================================================
DAG File Processing Stats

File Path                                    PID    Runtime      # DAGs    # Errors  Last Runtime    Last Run
-------------------------------------------  -----  ---------  --------  ----------  --------------  -------------------
/opt/airflow/dags/marketing_campaign_dag.py                           1           0  0.19s           2026-07-09T18:05:35
================================================================================
[2026-07-09T18:06:10.565+0000] {manager.py:879} INFO - 
================================================================================
DAG File Processing Stats

File Path                                    PID    Runtime      # DAGs    # Errors  Last Runtime    Last Run
-------------------------------------------  -----  ---------  --------  ----------  --------------  -------------------
/opt/airflow/dags/marketing_campaign_dag.py                           1           0  0.19s           2026-07-09T18:06:05
================================================================================
[2026-07-09T18:06:40.882+0000] {manager.py:879} INFO - 
================================================================================
DAG File Processing Stats

File Path                                    PID    Runtime      # DAGs    # Errors  Last Runtime    Last Run
-------------------------------------------  -----  ---------  --------  ----------  --------------  -------------------
/opt/airflow/dags/marketing_campaign_dag.py                           1           0  0.18s           2026-07-09T18:06:36
================================================================================
[2026-07-09T18:07:11.172+0000] {manager.py:879} INFO - 
================================================================================
DAG File Processing Stats

File Path                                    PID    Runtime      # DAGs    # Errors  Last Runtime    Last Run
-------------------------------------------  -----  ---------  --------  ----------  --------------  -------------------
/opt/airflow/dags/marketing_campaign_dag.py                           1           0  0.22s           2026-07-09T18:07:06
================================================================================
[2026-07-09T18:07:41.515+0000] {manager.py:879} INFO - 
================================================================================
DAG File Processing Stats

File Path                                    PID    Runtime      # DAGs    # Errors  Last Runtime    Last Run
-------------------------------------------  -----  ---------  --------  ----------  --------------  -------------------
/opt/airflow/dags/marketing_campaign_dag.py                           1           0  0.18s           2026-07-09T18:07:36
================================================================================
[2026-07-09T18:08:11.807+0000] {manager.py:879} INFO - 
================================================================================
DAG File Processing Stats

File Path                                    PID    Runtime      # DAGs    # Errors  Last Runtime    Last Run
-------------------------------------------  -----  ---------  --------  ----------  --------------  -------------------
/opt/airflow/dags/marketing_campaign_dag.py                           1           0  0.18s           2026-07-09T18:08:06
================================================================================
[2026-07-09T18:08:42.110+0000] {manager.py:879} INFO - 
================================================================================
DAG File Processing Stats

File Path                                    PID    Runtime      # DAGs    # Errors  Last Runtime    Last Run
-------------------------------------------  -----  ---------  --------  ----------  --------------  -------------------
/opt/airflow/dags/marketing_campaign_dag.py                           1           0  0.18s           2026-07-09T18:08:37
================================================================================
[2026-07-09T18:09:12.412+0000] {manager.py:879} INFO - 
================================================================================
DAG File Processing Stats

File Path                                    PID    Runtime      # DAGs    # Errors  Last Runtime    Last Run
-------------------------------------------  -----  ---------  --------  ----------  --------------  -------------------
/opt/airflow/dags/marketing_campaign_dag.py                           1           0  0.18s           2026-07-09T18:09:07
================================================================================
[2026-07-09T18:09:35.674+0000] {manager.py:738} INFO - Searching for files in /opt/airflow/dags
[2026-07-09T18:09:35.678+0000] {manager.py:741} INFO - There are 1 files in /opt/airflow/dags
[2026-07-09T18:09:42.733+0000] {manager.py:879} INFO - 
================================================================================
DAG File Processing Stats

File Path                                    PID    Runtime      # DAGs    # Errors  Last Runtime    Last Run
-------------------------------------------  -----  ---------  --------  ----------  --------------  -------------------
/opt/airflow/dags/marketing_campaign_dag.py                           1           0  0.20s           2026-07-09T18:09:37
================================================================================
[2026-07-09T18:10:13.051+0000] {manager.py:879} INFO - 
================================================================================
DAG File Processing Stats

File Path                                    PID    Runtime      # DAGs    # Errors  Last Runtime    Last Run
-------------------------------------------  -----  ---------  --------  ----------  --------------  -------------------
/opt/airflow/dags/marketing_campaign_dag.py                           1           0  0.19s           2026-07-09T18:10:08
================================================================================
[2026-07-09T18:10:43.364+0000] {manager.py:879} INFO - 
================================================================================
DAG File Processing Stats

File Path                                    PID    Runtime      # DAGs    # Errors  Last Runtime    Last Run
-------------------------------------------  -----  ---------  --------  ----------  --------------  -------------------
/opt/airflow/dags/marketing_campaign_dag.py                           1           0  0.22s           2026-07-09T18:10:38
================================================================================
[2026-07-09T18:11:13.698+0000] {manager.py:879} INFO - 
================================================================================
DAG File Processing Stats

File Path                                    PID    Runtime      # DAGs    # Errors  Last Runtime    Last Run
-------------------------------------------  -----  ---------  --------  ----------  --------------  -------------------
/opt/airflow/dags/marketing_campaign_dag.py                           1           0  0.24s           2026-07-09T18:11:08
================================================================================
[2026-07-09T18:11:44.064+0000] {manager.py:879} INFO - 
================================================================================
DAG File Processing Stats

File Path                                    PID    Runtime      # DAGs    # Errors  Last Runtime    Last Run
-------------------------------------------  -----  ---------  --------  ----------  --------------  -------------------
/opt/airflow/dags/marketing_campaign_dag.py                           1           0  0.18s           2026-07-09T18:11:39
================================================================================
[2026-07-09T18:12:14.361+0000] {manager.py:879} INFO - 
================================================================================
DAG File Processing Stats

File Path                                    PID    Runtime      # DAGs    # Errors  Last Runtime    Last Run
-------------------------------------------  -----  ---------  --------  ----------  --------------  -------------------
/opt/airflow/dags/marketing_campaign_dag.py                           1           0  0.20s           2026-07-09T18:12:09
================================================================================
[2026-07-09T18:12:44.679+0000] {manager.py:879} INFO - 
================================================================================
DAG File Processing Stats

File Path                                    PID    Runtime      # DAGs    # Errors  Last Runtime    Last Run
-------------------------------------------  -----  ---------  --------  ----------  --------------  -------------------
/opt/airflow/dags/marketing_campaign_dag.py                           1           0  0.19s           2026-07-09T18:12:39
================================================================================
[2026-07-09T18:13:14.992+0000] {manager.py:879} INFO - 
================================================================================
DAG File Processing Stats

File Path                                    PID    Runtime      # DAGs    # Errors  Last Runtime    Last Run
-------------------------------------------  -----  ---------  --------  ----------  --------------  -------------------
/opt/airflow/dags/marketing_campaign_dag.py                           1           0  0.18s           2026-07-09T18:13:10
================================================================================
[2026-07-09T18:13:45.297+0000] {manager.py:879} INFO - 
================================================================================
DAG File Processing Stats

File Path                                    PID    Runtime      # DAGs    # Errors  Last Runtime    Last Run
-------------------------------------------  -----  ---------  --------  ----------  --------------  -------------------
/opt/airflow/dags/marketing_campaign_dag.py                           1           0  0.24s           2026-07-09T18:13:40
================================================================================
[2026-07-09T18:14:15.653+0000] {manager.py:879} INFO - 
================================================================================
DAG File Processing Stats

File Path                                    PID    Runtime      # DAGs    # Errors  Last Runtime    Last Run
-------------------------------------------  -----  ---------  --------  ----------  --------------  -------------------
/opt/airflow/dags/marketing_campaign_dag.py                           1           0  0.20s           2026-07-09T18:14:10
================================================================================
[2026-07-09T18:14:35.743+0000] {manager.py:738} INFO - Searching for files in /opt/airflow/dags
[2026-07-09T18:14:35.748+0000] {manager.py:741} INFO - There are 1 files in /opt/airflow/dags
[2026-07-09T18:14:45.973+0000] {manager.py:879} INFO - 
================================================================================
DAG File Processing Stats

File Path                                    PID    Runtime      # DAGs    # Errors  Last Runtime    Last Run
-------------------------------------------  -----  ---------  --------  ----------  --------------  -------------------
/opt/airflow/dags/marketing_campaign_dag.py                           1           0  0.26s           2026-07-09T18:14:41
================================================================================
[2026-07-09T18:15:16.351+0000] {manager.py:879} INFO - 
================================================================================
DAG File Processing Stats

File Path                                    PID    Runtime      # DAGs    # Errors  Last Runtime    Last Run
-------------------------------------------  -----  ---------  --------  ----------  --------------  -------------------
/opt/airflow/dags/marketing_campaign_dag.py                           1           0  0.23s           2026-07-09T18:15:11
================================================================================
[2026-07-09T18:15:46.707+0000] {manager.py:879} INFO - 
================================================================================
DAG File Processing Stats

File Path                                    PID    Runtime      # DAGs    # Errors  Last Runtime    Last Run
-------------------------------------------  -----  ---------  --------  ----------  --------------  -------------------
/opt/airflow/dags/marketing_campaign_dag.py                           1           0  0.25s           2026-07-09T18:15:41
================================================================================
[2026-07-09T18:16:17.072+0000] {manager.py:879} INFO - 
================================================================================
DAG File Processing Stats

File Path                                    PID    Runtime      # DAGs    # Errors  Last Runtime    Last Run
-------------------------------------------  -----  ---------  --------  ----------  --------------  -------------------
/opt/airflow/dags/marketing_campaign_dag.py                           1           0  0.25s           2026-07-09T18:16:12
================================================================================
[2026-07-09T18:16:47.451+0000] {manager.py:879} INFO - 
================================================================================
DAG File Processing Stats

File Path                                    PID    Runtime      # DAGs    # Errors  Last Runtime    Last Run
-------------------------------------------  -----  ---------  --------  ----------  --------------  -------------------
/opt/airflow/dags/marketing_campaign_dag.py                           1           0  0.20s           2026-07-09T18:16:42
================================================================================
[2026-07-09T18:17:17.767+0000] {manager.py:879} INFO - 
================================================================================
DAG File Processing Stats

File Path                                    PID    Runtime      # DAGs    # Errors  Last Runtime    Last Run
-------------------------------------------  -----  ---------  --------  ----------  --------------  -------------------
/opt/airflow/dags/marketing_campaign_dag.py                           1           0  0.24s           2026-07-09T18:17:12
================================================================================
[2026-07-09T18:17:48.119+0000] {manager.py:879} INFO - 
================================================================================
DAG File Processing Stats

File Path                                    PID    Runtime      # DAGs    # Errors  Last Runtime    Last Run
-------------------------------------------  -----  ---------  --------  ----------  --------------  -------------------
/opt/airflow/dags/marketing_campaign_dag.py                           1           0  0.36s           2026-07-09T18:17:43
================================================================================
[2026-07-09T18:18:18.608+0000] {manager.py:879} INFO - 
================================================================================
DAG File Processing Stats

File Path                                    PID    Runtime      # DAGs    # Errors  Last Runtime    Last Run
-------------------------------------------  -----  ---------  --------  ----------  --------------  -------------------
/opt/airflow/dags/marketing_campaign_dag.py                           1           0  0.17s           2026-07-09T18:18:13
================================================================================
[2026-07-09T18:18:48.909+0000] {manager.py:879} INFO - 
================================================================================
DAG File Processing Stats

File Path                                    PID    Runtime      # DAGs    # Errors  Last Runtime    Last Run
-------------------------------------------  -----  ---------  --------  ----------  --------------  -------------------
/opt/airflow/dags/marketing_campaign_dag.py                           1           0  0.27s           2026-07-09T18:18:44
================================================================================
[2026-07-09T18:19:19.303+0000] {manager.py:879} INFO - 
================================================================================
DAG File Processing Stats

File Path                                    PID    Runtime      # DAGs    # Errors  Last Runtime    Last Run
-------------------------------------------  -----  ---------  --------  ----------  --------------  -------------------
/opt/airflow/dags/marketing_campaign_dag.py                           1           0  0.18s           2026-07-09T18:19:14
================================================================================
[2026-07-09T18:19:36.374+0000] {manager.py:738} INFO - Searching for files in /opt/airflow/dags
[2026-07-09T18:19:36.378+0000] {manager.py:741} INFO - There are 1 files in /opt/airflow/dags
[2026-07-09T18:19:49.609+0000] {manager.py:879} INFO - 
================================================================================
DAG File Processing Stats

File Path                                    PID    Runtime      # DAGs    # Errors  Last Runtime    Last Run
-------------------------------------------  -----  ---------  --------  ----------  --------------  -------------------
/opt/airflow/dags/marketing_campaign_dag.py                           1           0  0.18s           2026-07-09T18:19:44
================================================================================
[2026-07-09T18:20:19.905+0000] {manager.py:879} INFO - 
================================================================================
DAG File Processing Stats

File Path                                    PID    Runtime      # DAGs    # Errors  Last Runtime    Last Run
-------------------------------------------  -----  ---------  --------  ----------  --------------  -------------------
/opt/airflow/dags/marketing_campaign_dag.py                           1           0  0.17s           2026-07-09T18:20:15
================================================================================
[2026-07-09T18:20:50.204+0000] {manager.py:879} INFO - 
================================================================================
DAG File Processing Stats

File Path                                    PID    Runtime      # DAGs    # Errors  Last Runtime    Last Run
-------------------------------------------  -----  ---------  --------  ----------  --------------  -------------------
/opt/airflow/dags/marketing_campaign_dag.py                           1           0  0.23s           2026-07-09T18:20:45
================================================================================
[2026-07-09T18:21:20.555+0000] {manager.py:879} INFO - 
================================================================================
DAG File Processing Stats

File Path                                    PID    Runtime      # DAGs    # Errors  Last Runtime    Last Run
-------------------------------------------  -----  ---------  --------  ----------  --------------  -------------------
/opt/airflow/dags/marketing_campaign_dag.py                           1           0  0.30s           2026-07-09T18:21:15
================================================================================
[2026-07-09T18:21:50.983+0000] {manager.py:879} INFO - 
================================================================================
DAG File Processing Stats

File Path                                    PID    Runtime      # DAGs    # Errors  Last Runtime    Last Run
-------------------------------------------  -----  ---------  --------  ----------  --------------  -------------------
/opt/airflow/dags/marketing_campaign_dag.py                           1           0  0.23s           2026-07-09T18:21:46
================================================================================
[2026-07-09T18:22:21.344+0000] {manager.py:879} INFO - 
================================================================================
DAG File Processing Stats

File Path                                    PID    Runtime      # DAGs    # Errors  Last Runtime    Last Run
-------------------------------------------  -----  ---------  --------  ----------  --------------  -------------------
/opt/airflow/dags/marketing_campaign_dag.py                           1           0  0.24s           2026-07-09T18:22:16
================================================================================
[2026-07-09T18:22:51.701+0000] {manager.py:879} INFO - 
================================================================================
DAG File Processing Stats

File Path                                    PID    Runtime      # DAGs    # Errors  Last Runtime    Last Run
-------------------------------------------  -----  ---------  --------  ----------  --------------  -------------------
/opt/airflow/dags/marketing_campaign_dag.py                           1           0  0.22s           2026-07-09T18:22:46
================================================================================
[2026-07-09T18:23:22.045+0000] {manager.py:879} INFO - 
================================================================================
DAG File Processing Stats

File Path                                    PID    Runtime      # DAGs    # Errors  Last Runtime    Last Run
-------------------------------------------  -----  ---------  --------  ----------  --------------  -------------------
/opt/airflow/dags/marketing_campaign_dag.py                           1           0  0.34s           2026-07-09T18:23:17
================================================================================
[2026-07-09T18:23:52.505+0000] {manager.py:879} INFO - 
================================================================================
DAG File Processing Stats

File Path                                    PID    Runtime      # DAGs    # Errors  Last Runtime    Last Run
-------------------------------------------  -----  ---------  --------  ----------  --------------  -------------------
/opt/airflow/dags/marketing_campaign_dag.py                           1           0  0.23s           2026-07-09T18:23:47
================================================================================
[2026-07-09T18:24:22.855+0000] {manager.py:879} INFO - 
================================================================================
DAG File Processing Stats

File Path                                    PID    Runtime      # DAGs    # Errors  Last Runtime    Last Run
-------------------------------------------  -----  ---------  --------  ----------  --------------  -------------------
/opt/airflow/dags/marketing_campaign_dag.py                           1           0  0.24s           2026-07-09T18:24:18
================================================================================
[2026-07-09T18:24:36.931+0000] {manager.py:738} INFO - Searching for files in /opt/airflow/dags
[2026-07-09T18:24:36.935+0000] {manager.py:741} INFO - There are 1 files in /opt/airflow/dags
[2026-07-09T18:24:53.231+0000] {manager.py:879} INFO - 
================================================================================
DAG File Processing Stats

File Path                                    PID    Runtime      # DAGs    # Errors  Last Runtime    Last Run
-------------------------------------------  -----  ---------  --------  ----------  --------------  -------------------
/opt/airflow/dags/marketing_campaign_dag.py                           1           0  0.33s           2026-07-09T18:24:48
================================================================================
[2026-07-09T18:25:23.686+0000] {manager.py:879} INFO - 
================================================================================
DAG File Processing Stats

File Path                                    PID    Runtime      # DAGs    # Errors  Last Runtime    Last Run
-------------------------------------------  -----  ---------  --------  ----------  --------------  -------------------
/opt/airflow/dags/marketing_campaign_dag.py                           1           0  0.26s           2026-07-09T18:25:18
================================================================================
[2026-07-09T18:25:54.059+0000] {manager.py:879} INFO - 
================================================================================
DAG File Processing Stats

File Path                                    PID    Runtime      # DAGs    # Errors  Last Runtime    Last Run
-------------------------------------------  -----  ---------  --------  ----------  --------------  -------------------
/opt/airflow/dags/marketing_campaign_dag.py                           1           0  0.29s           2026-07-09T18:25:49
================================================================================
[2026-07-09T18:26:24.494+0000] {manager.py:879} INFO - 
================================================================================
DAG File Processing Stats

File Path                                    PID    Runtime      # DAGs    # Errors  Last Runtime    Last Run
-------------------------------------------  -----  ---------  --------  ----------  --------------  -------------------
/opt/airflow/dags/marketing_campaign_dag.py                           1           0  0.27s           2026-07-09T18:26:19
================================================================================
[2026-07-09T18:26:54.864+0000] {manager.py:879} INFO - 
================================================================================
DAG File Processing Stats

File Path                                    PID    Runtime      # DAGs    # Errors  Last Runtime    Last Run
-------------------------------------------  -----  ---------  --------  ----------  --------------  -------------------
/opt/airflow/dags/marketing_campaign_dag.py                           1           0  0.27s           2026-07-09T18:26:50
================================================================================
[2026-07-09T18:27:25.253+0000] {manager.py:879} INFO - 
================================================================================
DAG File Processing Stats

File Path                                    PID    Runtime      # DAGs    # Errors  Last Runtime    Last Run
-------------------------------------------  -----  ---------  --------  ----------  --------------  -------------------
/opt/airflow/dags/marketing_campaign_dag.py                           1           0  0.26s           2026-07-09T18:27:20
================================================================================
[2026-07-09T18:27:55.647+0000] {manager.py:879} INFO - 
================================================================================
DAG File Processing Stats

File Path                                    PID    Runtime      # DAGs    # Errors  Last Runtime    Last Run
-------------------------------------------  -----  ---------  --------  ----------  --------------  -------------------
/opt/airflow/dags/marketing_campaign_dag.py                           1           0  0.25s           2026-07-09T18:27:50
================================================================================
[2026-07-09T18:28:26.015+0000] {manager.py:879} INFO - 
================================================================================
DAG File Processing Stats

File Path                                    PID    Runtime      # DAGs    # Errors  Last Runtime    Last Run
-------------------------------------------  -----  ---------  --------  ----------  --------------  -------------------
/opt/airflow/dags/marketing_campaign_dag.py                           1           0  0.23s           2026-07-09T18:28:21
================================================================================
[2026-07-09T18:28:56.369+0000] {manager.py:879} INFO - 
================================================================================
DAG File Processing Stats

File Path                                    PID    Runtime      # DAGs    # Errors  Last Runtime    Last Run
-------------------------------------------  -----  ---------  --------  ----------  --------------  -------------------
/opt/airflow/dags/marketing_campaign_dag.py                           1           0  0.25s           2026-07-09T18:28:51
================================================================================
[2026-07-09T18:29:26.750+0000] {manager.py:879} INFO - 
================================================================================
DAG File Processing Stats

File Path                                    PID    Runtime      # DAGs    # Errors  Last Runtime    Last Run
-------------------------------------------  -----  ---------  --------  ----------  --------------  -------------------
/opt/airflow/dags/marketing_campaign_dag.py                           1           0  0.37s           2026-07-09T18:29:22
================================================================================
[2026-07-09T18:29:37.148+0000] {manager.py:738} INFO - Searching for files in /opt/airflow/dags
[2026-07-09T18:29:37.157+0000] {manager.py:741} INFO - There are 1 files in /opt/airflow/dags
[2026-07-09T18:29:57.282+0000] {manager.py:879} INFO - 
================================================================================
DAG File Processing Stats

File Path                                    PID    Runtime      # DAGs    # Errors  Last Runtime    Last Run
-------------------------------------------  -----  ---------  --------  ----------  --------------  -------------------
/opt/airflow/dags/marketing_campaign_dag.py                           1           0  0.42s           2026-07-09T18:29:52
================================================================================
[2026-07-09T18:30:27.843+0000] {manager.py:879} INFO - 
================================================================================
DAG File Processing Stats

File Path                                    PID    Runtime      # DAGs    # Errors  Last Runtime    Last Run
-------------------------------------------  -----  ---------  --------  ----------  --------------  -------------------
/opt/airflow/dags/marketing_campaign_dag.py                           1           0  0.28s           2026-07-09T18:30:23
================================================================================
[2026-07-09T18:30:58.256+0000] {manager.py:879} INFO - 
================================================================================
DAG File Processing Stats

File Path                                    PID    Runtime      # DAGs    # Errors  Last Runtime    Last Run
-------------------------------------------  -----  ---------  --------  ----------  --------------  -------------------
/opt/airflow/dags/marketing_campaign_dag.py                           1           0  0.28s           2026-07-09T18:30:53
================================================================================
[2026-07-09T18:31:28.738+0000] {manager.py:879} INFO - 
================================================================================
DAG File Processing Stats

File Path                                    PID    Runtime      # DAGs    # Errors  Last Runtime    Last Run
-------------------------------------------  -----  ---------  --------  ----------  --------------  -------------------
/opt/airflow/dags/marketing_campaign_dag.py                           1           0  0.33s           2026-07-09T18:31:23
================================================================================
[2026-07-09T18:31:59.040+0000] {manager.py:879} INFO - 
================================================================================
DAG File Processing Stats

File Path                                    PID    Runtime      # DAGs    # Errors  Last Runtime    Last Run
-------------------------------------------  -----  ---------  --------  ----------  --------------  -------------------
/opt/airflow/dags/marketing_campaign_dag.py                           1           0  0.41s           2026-07-09T18:31:54
================================================================================
[2026-07-09T18:32:29.567+0000] {manager.py:879} INFO - 
================================================================================
DAG File Processing Stats

File Path                                    PID    Runtime      # DAGs    # Errors  Last Runtime    Last Run
-------------------------------------------  -----  ---------  --------  ----------  --------------  -------------------
/opt/airflow/dags/marketing_campaign_dag.py                           1           0  0.20s           2026-07-09T18:32:24
================================================================================
[2026-07-09T18:32:59.877+0000] {manager.py:879} INFO - 
================================================================================
DAG File Processing Stats

File Path                                    PID    Runtime      # DAGs    # Errors  Last Runtime    Last Run
-------------------------------------------  -----  ---------  --------  ----------  --------------  -------------------
/opt/airflow/dags/marketing_campaign_dag.py                           1           0  0.29s           2026-07-09T18:32:55
================================================================================
[2026-07-09T18:33:30.236+0000] {manager.py:879} INFO - 
================================================================================
DAG File Processing Stats

File Path                                    PID    Runtime      # DAGs    # Errors  Last Runtime    Last Run
-------------------------------------------  -----  ---------  --------  ----------  --------------  -------------------
/opt/airflow/dags/marketing_campaign_dag.py                           1           0  0.31s           2026-07-09T18:33:25
================================================================================
[2026-07-09T18:34:00.668+0000] {manager.py:879} INFO - 
================================================================================
DAG File Processing Stats

File Path                                    PID    Runtime      # DAGs    # Errors  Last Runtime    Last Run
-------------------------------------------  -----  ---------  --------  ----------  --------------  -------------------
/opt/airflow/dags/marketing_campaign_dag.py                           1           0  0.28s           2026-07-09T18:33:55
================================================================================
[2026-07-09T18:34:31.095+0000] {manager.py:879} INFO - 
================================================================================
DAG File Processing Stats

File Path                                    PID    Runtime      # DAGs    # Errors  Last Runtime    Last Run
-------------------------------------------  -----  ---------  --------  ----------  --------------  -------------------
/opt/airflow/dags/marketing_campaign_dag.py                           1           0  0.39s           2026-07-09T18:34:27
================================================================================
[2026-07-09T18:34:38.008+0000] {manager.py:738} INFO - Searching for files in /opt/airflow/dags
[2026-07-09T18:34:38.077+0000] {manager.py:741} INFO - There are 1 files in /opt/airflow/dags
[2026-07-09T18:35:02.293+0000] {manager.py:879} INFO - 
================================================================================
DAG File Processing Stats

File Path                                      PID  Runtime      # DAGs    # Errors  Last Runtime    Last Run
-------------------------------------------  -----  ---------  --------  ----------  --------------  -------------------
/opt/airflow/dags/marketing_campaign_dag.py    808  4.95s             1           0  0.39s           2026-07-09T18:34:27
================================================================================
[2026-07-09T18:35:32.929+0000] {manager.py:879} INFO - 
================================================================================
DAG File Processing Stats

File Path                                      PID  Runtime      # DAGs    # Errors  Last Runtime    Last Run
-------------------------------------------  -----  ---------  --------  ----------  --------------  -------------------
/opt/airflow/dags/marketing_campaign_dag.py    813  0.02s             1           0  5.28s           2026-07-09T18:35:02
================================================================================
[2026-07-09T18:36:07.489+0000] {manager.py:879} INFO - 
================================================================================
DAG File Processing Stats

File Path                                      PID  Runtime      # DAGs    # Errors  Last Runtime    Last Run
-------------------------------------------  -----  ---------  --------  ----------  --------------  -------------------
/opt/airflow/dags/marketing_campaign_dag.py    818  0.17s             1           0  0.91s           2026-07-09T18:35:33
================================================================================
[2026-07-09T18:36:39.298+0000] {manager.py:879} INFO - 
================================================================================
DAG File Processing Stats

File Path                                    PID    Runtime      # DAGs    # Errors  Last Runtime    Last Run
-------------------------------------------  -----  ---------  --------  ----------  --------------  -------------------
/opt/airflow/dags/marketing_campaign_dag.py                           1           0  17.08s          2026-07-09T18:36:23
================================================================================
[2026-07-09T18:37:09.707+0000] {manager.py:879} INFO - 
================================================================================
DAG File Processing Stats

File Path                                    PID    Runtime      # DAGs    # Errors  Last Runtime    Last Run
-------------------------------------------  -----  ---------  --------  ----------  --------------  -------------------
/opt/airflow/dags/marketing_campaign_dag.py                           1           0  0.57s           2026-07-09T18:36:54
================================================================================
[2026-07-09T18:37:40.397+0000] {manager.py:879} INFO - 
================================================================================
DAG File Processing Stats

File Path                                    PID    Runtime      # DAGs    # Errors  Last Runtime    Last Run
-------------------------------------------  -----  ---------  --------  ----------  --------------  -------------------
/opt/airflow/dags/marketing_campaign_dag.py                           1           0  0.31s           2026-07-09T18:37:24
================================================================================
[2026-07-09T18:38:10.831+0000] {manager.py:879} INFO - 
================================================================================
DAG File Processing Stats

File Path                                    PID    Runtime      # DAGs    # Errors  Last Runtime    Last Run
-------------------------------------------  -----  ---------  --------  ----------  --------------  -------------------
/opt/airflow/dags/marketing_campaign_dag.py                           1           0  0.19s           2026-07-09T18:37:54
================================================================================
[2026-07-09T18:38:41.148+0000] {manager.py:879} INFO - 
================================================================================
DAG File Processing Stats

File Path                                    PID    Runtime      # DAGs    # Errors  Last Runtime    Last Run
-------------------------------------------  -----  ---------  --------  ----------  --------------  -------------------
/opt/airflow/dags/marketing_campaign_dag.py                           1           0  0.44s           2026-07-09T18:38:25
================================================================================
[2026-07-09T18:39:11.722+0000] {manager.py:879} INFO - 
================================================================================
DAG File Processing Stats

File Path                                    PID    Runtime      # DAGs    # Errors  Last Runtime    Last Run
-------------------------------------------  -----  ---------  --------  ----------  --------------  -------------------
/opt/airflow/dags/marketing_campaign_dag.py                           1           0  0.19s           2026-07-09T18:38:55
================================================================================
[2026-07-09T18:39:38.022+0000] {manager.py:738} INFO - Searching for files in /opt/airflow/dags
[2026-07-09T18:39:38.030+0000] {manager.py:741} INFO - There are 1 files in /opt/airflow/dags
[2026-07-09T18:39:42.085+0000] {manager.py:879} INFO - 
================================================================================
DAG File Processing Stats

File Path                                    PID    Runtime      # DAGs    # Errors  Last Runtime    Last Run
-------------------------------------------  -----  ---------  --------  ----------  --------------  -------------------
/opt/airflow/dags/marketing_campaign_dag.py                           1           0  0.29s           2026-07-09T18:39:26
================================================================================
[2026-07-09T18:40:12.475+0000] {manager.py:879} INFO - 
================================================================================
DAG File Processing Stats

File Path                                    PID    Runtime      # DAGs    # Errors  Last Runtime    Last Run
-------------------------------------------  -----  ---------  --------  ----------  --------------  -------------------
/opt/airflow/dags/marketing_campaign_dag.py                           1           0  0.37s           2026-07-09T18:39:56
================================================================================
[2026-07-09T18:40:42.967+0000] {manager.py:879} INFO - 
================================================================================
DAG File Processing Stats

File Path                                    PID    Runtime      # DAGs    # Errors  Last Runtime    Last Run
-------------------------------------------  -----  ---------  --------  ----------  --------------  -------------------
/opt/airflow/dags/marketing_campaign_dag.py                           1           0  0.39s           2026-07-09T18:40:27
================================================================================
[2026-07-09T18:41:13.491+0000] {manager.py:879} INFO - 
================================================================================
DAG File Processing Stats

File Path                                    PID    Runtime      # DAGs    # Errors  Last Runtime    Last Run
-------------------------------------------  -----  ---------  --------  ----------  --------------  -------------------
/opt/airflow/dags/marketing_campaign_dag.py                           1           0  0.19s           2026-07-09T18:40:57
================================================================================
[2026-07-09T18:41:46.279+0000] {manager.py:879} INFO - 
================================================================================
DAG File Processing Stats

File Path                                      PID  Runtime      # DAGs    # Errors  Last Runtime    Last Run
-------------------------------------------  -----  ---------  --------  ----------  --------------  -------------------
/opt/airflow/dags/marketing_campaign_dag.py    923  16.95s            1           0  0.19s           2026-07-09T18:40:57
================================================================================
[2026-07-09T18:42:17.487+0000] {manager.py:879} INFO - 
================================================================================
DAG File Processing Stats

File Path                                    PID    Runtime      # DAGs    # Errors  Last Runtime    Last Run
-------------------------------------------  -----  ---------  --------  ----------  --------------  -------------------
/opt/airflow/dags/marketing_campaign_dag.py                           1           0  34.40s          2026-07-09T18:42:02
================================================================================
[2026-07-09T18:42:48.323+0000] {manager.py:879} INFO - 
================================================================================
DAG File Processing Stats

File Path                                    PID    Runtime      # DAGs    # Errors  Last Runtime    Last Run
-------------------------------------------  -----  ---------  --------  ----------  --------------  -------------------
/opt/airflow/dags/marketing_campaign_dag.py                           1           0  2.23s           2026-07-09T18:42:35
================================================================================
[2026-07-09T18:43:19.045+0000] {manager.py:879} INFO - 
================================================================================
DAG File Processing Stats

File Path                                    PID    Runtime      # DAGs    # Errors  Last Runtime    Last Run
-------------------------------------------  -----  ---------  --------  ----------  --------------  -------------------
/opt/airflow/dags/marketing_campaign_dag.py                           1           0  0.74s           2026-07-09T18:43:07
================================================================================
[2026-07-09T18:43:49.233+0000] {manager.py:879} INFO - 
================================================================================
DAG File Processing Stats

File Path                                    PID    Runtime      # DAGs    # Errors  Last Runtime    Last Run
-------------------------------------------  -----  ---------  --------  ----------  --------------  -------------------
/opt/airflow/dags/marketing_campaign_dag.py                           1           0  0.28s           2026-07-09T18:43:38
================================================================================
[2026-07-09T18:44:19.631+0000] {manager.py:879} INFO - 
================================================================================
DAG File Processing Stats

File Path                                    PID    Runtime      # DAGs    # Errors  Last Runtime    Last Run
-------------------------------------------  -----  ---------  --------  ----------  --------------  -------------------
/opt/airflow/dags/marketing_campaign_dag.py                           1           0  0.20s           2026-07-09T18:44:08
================================================================================
[2026-07-09T18:44:38.715+0000] {manager.py:738} INFO - Searching for files in /opt/airflow/dags
[2026-07-09T18:44:38.720+0000] {manager.py:741} INFO - There are 1 files in /opt/airflow/dags
[2026-07-09T18:44:49.949+0000] {manager.py:879} INFO - 
================================================================================
DAG File Processing Stats

File Path                                    PID    Runtime      # DAGs    # Errors  Last Runtime    Last Run
-------------------------------------------  -----  ---------  --------  ----------  --------------  -------------------
/opt/airflow/dags/marketing_campaign_dag.py                           1           0  0.29s           2026-07-09T18:44:39
================================================================================
[2026-07-09T18:45:20.369+0000] {manager.py:879} INFO - 
================================================================================
DAG File Processing Stats

File Path                                    PID    Runtime      # DAGs    # Errors  Last Runtime    Last Run
-------------------------------------------  -----  ---------  --------  ----------  --------------  -------------------
/opt/airflow/dags/marketing_campaign_dag.py                           1           0  0.21s           2026-07-09T18:45:09
================================================================================
[2026-07-09T18:45:51.100+0000] {manager.py:879} INFO - 
================================================================================
DAG File Processing Stats

File Path                                    PID    Runtime      # DAGs    # Errors  Last Runtime    Last Run
-------------------------------------------  -----  ---------  --------  ----------  --------------  -------------------
/opt/airflow/dags/marketing_campaign_dag.py                           1           0  0.22s           2026-07-09T18:45:39
================================================================================
[2026-07-09T18:46:21.241+0000] {manager.py:879} INFO - 
================================================================================
DAG File Processing Stats

File Path                                    PID    Runtime      # DAGs    # Errors  Last Runtime    Last Run
-------------------------------------------  -----  ---------  --------  ----------  --------------  -------------------
/opt/airflow/dags/marketing_campaign_dag.py                           1           0  0.18s           2026-07-09T18:46:10
================================================================================
[2026-07-09T18:46:51.538+0000] {manager.py:879} INFO - 
================================================================================
DAG File Processing Stats

File Path                                    PID    Runtime      # DAGs    # Errors  Last Runtime    Last Run
-------------------------------------------  -----  ---------  --------  ----------  --------------  -------------------
/opt/airflow/dags/marketing_campaign_dag.py                           1           0  0.19s           2026-07-09T18:46:40
================================================================================
[2026-07-09T18:47:21.854+0000] {manager.py:879} INFO - 
================================================================================
DAG File Processing Stats

File Path                                    PID    Runtime      # DAGs    # Errors  Last Runtime    Last Run
-------------------------------------------  -----  ---------  --------  ----------  --------------  -------------------
/opt/airflow/dags/marketing_campaign_dag.py                           1           0  0.22s           2026-07-09T18:47:11
================================================================================
[2026-07-09T18:47:52.186+0000] {manager.py:879} INFO - 
================================================================================
DAG File Processing Stats

File Path                                    PID    Runtime      # DAGs    # Errors  Last Runtime    Last Run
-------------------------------------------  -----  ---------  --------  ----------  --------------  -------------------
/opt/airflow/dags/marketing_campaign_dag.py                           1           0  0.25s           2026-07-09T18:47:41
================================================================================
[2026-07-09T18:48:22.558+0000] {manager.py:879} INFO - 
================================================================================
DAG File Processing Stats

File Path                                    PID    Runtime      # DAGs    # Errors  Last Runtime    Last Run
-------------------------------------------  -----  ---------  --------  ----------  --------------  -------------------
/opt/airflow/dags/marketing_campaign_dag.py                           1           0  0.18s           2026-07-09T18:48:11
================================================================================
[2026-07-09T18:48:52.857+0000] {manager.py:879} INFO - 
================================================================================
DAG File Processing Stats

File Path                                    PID    Runtime      # DAGs    # Errors  Last Runtime    Last Run
-------------------------------------------  -----  ---------  --------  ----------  --------------  -------------------
/opt/airflow/dags/marketing_campaign_dag.py                           1           0  0.21s           2026-07-09T18:48:42
================================================================================
[2026-07-09T18:49:23.187+0000] {manager.py:879} INFO - 
================================================================================
DAG File Processing Stats

File Path                                    PID    Runtime      # DAGs    # Errors  Last Runtime    Last Run
-------------------------------------------  -----  ---------  --------  ----------  --------------  -------------------
/opt/airflow/dags/marketing_campaign_dag.py                           1           0  0.20s           2026-07-09T18:49:12
================================================================================
[2026-07-09T18:49:39.254+0000] {manager.py:738} INFO - Searching for files in /opt/airflow/dags
[2026-07-09T18:49:39.259+0000] {manager.py:741} INFO - There are 1 files in /opt/airflow/dags
[2026-07-09T18:49:53.509+0000] {manager.py:879} INFO - 
================================================================================
DAG File Processing Stats

File Path                                    PID    Runtime      # DAGs    # Errors  Last Runtime    Last Run
-------------------------------------------  -----  ---------  --------  ----------  --------------  -------------------
/opt/airflow/dags/marketing_campaign_dag.py                           1           0  0.22s           2026-07-09T18:49:42
================================================================================
[2026-07-09T18:50:23.842+0000] {manager.py:879} INFO - 
================================================================================
DAG File Processing Stats

File Path                                    PID    Runtime      # DAGs    # Errors  Last Runtime    Last Run
-------------------------------------------  -----  ---------  --------  ----------  --------------  -------------------
/opt/airflow/dags/marketing_campaign_dag.py                           1           0  0.19s           2026-07-09T18:50:12
================================================================================
[2026-07-09T18:50:54.150+0000] {manager.py:879} INFO - 
================================================================================
DAG File Processing Stats

File Path                                    PID    Runtime      # DAGs    # Errors  Last Runtime    Last Run
-------------------------------------------  -----  ---------  --------  ----------  --------------  -------------------
/opt/airflow/dags/marketing_campaign_dag.py                           1           0  0.42s           2026-07-09T18:50:43
================================================================================
[2026-07-09T18:51:24.707+0000] {manager.py:879} INFO - 
================================================================================
DAG File Processing Stats

File Path                                    PID    Runtime      # DAGs    # Errors  Last Runtime    Last Run
-------------------------------------------  -----  ---------  --------  ----------  --------------  -------------------
/opt/airflow/dags/marketing_campaign_dag.py                           1           0  0.23s           2026-07-09T18:51:13
================================================================================
[2026-07-09T18:51:55.056+0000] {manager.py:879} INFO - 
================================================================================
DAG File Processing Stats

File Path                                    PID    Runtime      # DAGs    # Errors  Last Runtime    Last Run
-------------------------------------------  -----  ---------  --------  ----------  --------------  -------------------
/opt/airflow/dags/marketing_campaign_dag.py                           1           0  0.22s           2026-07-09T18:51:44
================================================================================
[2026-07-09T18:52:25.400+0000] {manager.py:879} INFO - 
================================================================================
DAG File Processing Stats

File Path                                    PID    Runtime      # DAGs    # Errors  Last Runtime    Last Run
-------------------------------------------  -----  ---------  --------  ----------  --------------  -------------------
/opt/airflow/dags/marketing_campaign_dag.py                           1           0  0.44s           2026-07-09T18:52:14
================================================================================
[2026-07-09T18:52:55.968+0000] {manager.py:879} INFO - 
================================================================================
DAG File Processing Stats

File Path                                    PID    Runtime      # DAGs    # Errors  Last Runtime    Last Run
-------------------------------------------  -----  ---------  --------  ----------  --------------  -------------------
/opt/airflow/dags/marketing_campaign_dag.py                           1           0  0.22s           2026-07-09T18:52:45
================================================================================
[2026-07-09T18:53:26.306+0000] {manager.py:879} INFO - 
================================================================================
DAG File Processing Stats

File Path                                    PID    Runtime      # DAGs    # Errors  Last Runtime    Last Run
-------------------------------------------  -----  ---------  --------  ----------  --------------  -------------------
/opt/airflow/dags/marketing_campaign_dag.py                           1           0  0.22s           2026-07-09T18:53:15
================================================================================
[2026-07-09T18:53:56.646+0000] {manager.py:879} INFO - 
================================================================================
DAG File Processing Stats

File Path                                    PID    Runtime      # DAGs    # Errors  Last Runtime    Last Run
-------------------------------------------  -----  ---------  --------  ----------  --------------  -------------------
/opt/airflow/dags/marketing_campaign_dag.py                           1           0  0.21s           2026-07-09T18:53:45
================================================================================
[2026-07-09T18:54:26.977+0000] {manager.py:879} INFO - 
================================================================================
DAG File Processing Stats

File Path                                    PID    Runtime      # DAGs    # Errors  Last Runtime    Last Run
-------------------------------------------  -----  ---------  --------  ----------  --------------  -------------------
/opt/airflow/dags/marketing_campaign_dag.py                           1           0  0.20s           2026-07-09T18:54:16
================================================================================
[2026-07-09T18:54:40.052+0000] {manager.py:738} INFO - Searching for files in /opt/airflow/dags
[2026-07-09T18:54:40.055+0000] {manager.py:741} INFO - There are 1 files in /opt/airflow/dags
[2026-07-09T18:54:57.305+0000] {manager.py:879} INFO - 
================================================================================
DAG File Processing Stats

File Path                                    PID    Runtime      # DAGs    # Errors  Last Runtime    Last Run
-------------------------------------------  -----  ---------  --------  ----------  --------------  -------------------
/opt/airflow/dags/marketing_campaign_dag.py                           1           0  0.25s           2026-07-09T18:54:46
================================================================================
[2026-07-09T18:55:27.675+0000] {manager.py:879} INFO - 
================================================================================
DAG File Processing Stats

File Path                                    PID    Runtime      # DAGs    # Errors  Last Runtime    Last Run
-------------------------------------------  -----  ---------  --------  ----------  --------------  -------------------
/opt/airflow/dags/marketing_campaign_dag.py                           1           0  0.20s           2026-07-09T18:55:16
================================================================================
[2026-07-09T18:55:57.998+0000] {manager.py:879} INFO - 
================================================================================
DAG File Processing Stats

File Path                                    PID    Runtime      # DAGs    # Errors  Last Runtime    Last Run
-------------------------------------------  -----  ---------  --------  ----------  --------------  -------------------
/opt/airflow/dags/marketing_campaign_dag.py                           1           0  0.18s           2026-07-09T18:55:47
================================================================================
[2026-07-09T18:56:28.293+0000] {manager.py:879} INFO - 
================================================================================
DAG File Processing Stats

File Path                                    PID    Runtime      # DAGs    # Errors  Last Runtime    Last Run
-------------------------------------------  -----  ---------  --------  ----------  --------------  -------------------
/opt/airflow/dags/marketing_campaign_dag.py                           1           0  0.19s           2026-07-09T18:56:17
================================================================================
[2026-07-09T18:56:58.607+0000] {manager.py:879} INFO - 
================================================================================
DAG File Processing Stats

File Path                                    PID    Runtime      # DAGs    # Errors  Last Runtime    Last Run
-------------------------------------------  -----  ---------  --------  ----------  --------------  -------------------
/opt/airflow/dags/marketing_campaign_dag.py                           1           0  0.19s           2026-07-09T18:56:47
================================================================================
[2026-07-09T18:57:28.926+0000] {manager.py:879} INFO - 
================================================================================
DAG File Processing Stats

File Path                                    PID    Runtime      # DAGs    # Errors  Last Runtime    Last Run
-------------------------------------------  -----  ---------  --------  ----------  --------------  -------------------
/opt/airflow/dags/marketing_campaign_dag.py                           1           0  0.22s           2026-07-09T18:57:18
================================================================================
[2026-07-09T18:57:59.263+0000] {manager.py:879} INFO - 
================================================================================
DAG File Processing Stats

File Path                                    PID    Runtime      # DAGs    # Errors  Last Runtime    Last Run
-------------------------------------------  -----  ---------  --------  ----------  --------------  -------------------
/opt/airflow/dags/marketing_campaign_dag.py                           1           0  0.19s           2026-07-09T18:57:48
================================================================================
[2026-07-09T18:58:29.573+0000] {manager.py:879} INFO - 
================================================================================
DAG File Processing Stats

File Path                                    PID    Runtime      # DAGs    # Errors  Last Runtime    Last Run
-------------------------------------------  -----  ---------  --------  ----------  --------------  -------------------
/opt/airflow/dags/marketing_campaign_dag.py                           1           0  0.20s           2026-07-09T18:58:18
================================================================================
[2026-07-09T18:58:59.907+0000] {manager.py:879} INFO - 
================================================================================
DAG File Processing Stats

File Path                                    PID    Runtime      # DAGs    # Errors  Last Runtime    Last Run
-------------------------------------------  -----  ---------  --------  ----------  --------------  -------------------
/opt/airflow/dags/marketing_campaign_dag.py                           1           0  0.27s           2026-07-09T18:58:49
================================================================================
[2026-07-09T18:59:30.300+0000] {manager.py:879} INFO - 
================================================================================
DAG File Processing Stats

File Path                                    PID    Runtime      # DAGs    # Errors  Last Runtime    Last Run
-------------------------------------------  -----  ---------  --------  ----------  --------------  -------------------
/opt/airflow/dags/marketing_campaign_dag.py                           1           0  0.27s           2026-07-09T18:59:19
================================================================================
[2026-07-09T18:59:40.341+0000] {manager.py:738} INFO - Searching for files in /opt/airflow/dags
[2026-07-09T18:59:40.344+0000] {manager.py:741} INFO - There are 1 files in /opt/airflow/dags
[2026-07-09T19:00:00.691+0000] {manager.py:879} INFO - 
================================================================================
DAG File Processing Stats

File Path                                    PID    Runtime      # DAGs    # Errors  Last Runtime    Last Run
-------------------------------------------  -----  ---------  --------  ----------  --------------  -------------------
/opt/airflow/dags/marketing_campaign_dag.py                           1           0  0.26s           2026-07-09T18:59:49
================================================================================
[2026-07-09T19:00:31.080+0000] {manager.py:879} INFO - 
================================================================================
DAG File Processing Stats

File Path                                    PID    Runtime      # DAGs    # Errors  Last Runtime    Last Run
-------------------------------------------  -----  ---------  --------  ----------  --------------  -------------------
/opt/airflow/dags/marketing_campaign_dag.py                           1           0  0.27s           2026-07-09T19:00:20
================================================================================
[2026-07-09T19:01:01.459+0000] {manager.py:879} INFO - 
================================================================================
DAG File Processing Stats

File Path                                    PID    Runtime      # DAGs    # Errors  Last Runtime    Last Run
-------------------------------------------  -----  ---------  --------  ----------  --------------  -------------------
/opt/airflow/dags/marketing_campaign_dag.py                           1           0  0.28s           2026-07-09T19:00:50
================================================================================
[2026-07-09T19:01:31.897+0000] {manager.py:879} INFO - 
================================================================================
DAG File Processing Stats

File Path                                      PID  Runtime      # DAGs    # Errors  Last Runtime    Last Run
-------------------------------------------  -----  ---------  --------  ----------  --------------  -------------------
/opt/airflow/dags/marketing_campaign_dag.py   1346  0.01s             1           0  0.28s           2026-07-09T19:01:29
================================================================================
[2026-07-09T19:02:02.021+0000] {manager.py:879} INFO - 
================================================================================
DAG File Processing Stats

File Path                                    PID    Runtime      # DAGs    # Errors  Last Runtime    Last Run
-------------------------------------------  -----  ---------  --------  ----------  --------------  -------------------
/opt/airflow/dags/marketing_campaign_dag.py                           1           0  0.42s           2026-07-09T19:02:01
================================================================================
[2026-07-09T19:02:32.640+0000] {manager.py:879} INFO - 
================================================================================
DAG File Processing Stats

File Path                                    PID    Runtime      # DAGs    # Errors  Last Runtime    Last Run
-------------------------------------------  -----  ---------  --------  ----------  --------------  -------------------
/opt/airflow/dags/marketing_campaign_dag.py                           1           0  1.00s           2026-07-09T19:02:29
================================================================================
[2026-07-09T19:03:02.946+0000] {manager.py:879} INFO - 
================================================================================
DAG File Processing Stats

File Path                                    PID    Runtime      # DAGs    # Errors  Last Runtime    Last Run
-------------------------------------------  -----  ---------  --------  ----------  --------------  -------------------
/opt/airflow/dags/marketing_campaign_dag.py                           1           0  0.56s           2026-07-09T19:02:59
================================================================================
[2026-07-09T19:03:33.042+0000] {manager.py:879} INFO - 
================================================================================
DAG File Processing Stats

File Path                                    PID    Runtime      # DAGs    # Errors  Last Runtime    Last Run
-------------------------------------------  -----  ---------  --------  ----------  --------------  -------------------
/opt/airflow/dags/marketing_campaign_dag.py                           1           0  0.28s           2026-07-09T19:03:26
================================================================================
[2026-07-09T19:04:03.179+0000] {manager.py:879} INFO - 
================================================================================
DAG File Processing Stats

File Path                                    PID    Runtime      # DAGs    # Errors  Last Runtime    Last Run
-------------------------------------------  -----  ---------  --------  ----------  --------------  -------------------
/opt/airflow/dags/marketing_campaign_dag.py                           1           0  0.24s           2026-07-09T19:03:56
================================================================================
[2026-07-09T19:04:33.546+0000] {manager.py:879} INFO - 
================================================================================
DAG File Processing Stats

File Path                                    PID    Runtime      # DAGs    # Errors  Last Runtime    Last Run
-------------------------------------------  -----  ---------  --------  ----------  --------------  -------------------
/opt/airflow/dags/marketing_campaign_dag.py                           1           0  0.25s           2026-07-09T19:04:26
================================================================================
[2026-07-09T19:04:40.577+0000] {manager.py:738} INFO - Searching for files in /opt/airflow/dags
[2026-07-09T19:04:40.581+0000] {manager.py:741} INFO - There are 1 files in /opt/airflow/dags
[2026-07-09T19:05:03.920+0000] {manager.py:879} INFO - 
================================================================================
DAG File Processing Stats

File Path                                    PID    Runtime      # DAGs    # Errors  Last Runtime    Last Run
-------------------------------------------  -----  ---------  --------  ----------  --------------  -------------------
/opt/airflow/dags/marketing_campaign_dag.py                           1           0  0.24s           2026-07-09T19:04:57
================================================================================
[2026-07-09T19:05:34.276+0000] {manager.py:879} INFO - 
================================================================================
DAG File Processing Stats

File Path                                    PID    Runtime      # DAGs    # Errors  Last Runtime    Last Run
-------------------------------------------  -----  ---------  --------  ----------  --------------  -------------------
/opt/airflow/dags/marketing_campaign_dag.py                           1           0  0.22s           2026-07-09T19:05:27
================================================================================
[2026-07-09T19:06:04.619+0000] {manager.py:879} INFO - 
================================================================================
DAG File Processing Stats

File Path                                    PID    Runtime      # DAGs    # Errors  Last Runtime    Last Run
-------------------------------------------  -----  ---------  --------  ----------  --------------  -------------------
/opt/airflow/dags/marketing_campaign_dag.py                           1           0  0.25s           2026-07-09T19:05:57
================================================================================
[2026-07-09T19:06:34.990+0000] {manager.py:879} INFO - 
================================================================================
DAG File Processing Stats

File Path                                    PID    Runtime      # DAGs    # Errors  Last Runtime    Last Run
-------------------------------------------  -----  ---------  --------  ----------  --------------  -------------------
/opt/airflow/dags/marketing_campaign_dag.py                           1           0  0.26s           2026-07-09T19:06:28
================================================================================
[2026-07-09T19:07:05.367+0000] {manager.py:879} INFO - 
================================================================================
DAG File Processing Stats

File Path                                    PID    Runtime      # DAGs    # Errors  Last Runtime    Last Run
-------------------------------------------  -----  ---------  --------  ----------  --------------  -------------------
/opt/airflow/dags/marketing_campaign_dag.py                           1           0  0.20s           2026-07-09T19:06:58
================================================================================
[2026-07-09T19:07:35.687+0000] {manager.py:879} INFO - 
================================================================================
DAG File Processing Stats

File Path                                    PID    Runtime      # DAGs    # Errors  Last Runtime    Last Run
-------------------------------------------  -----  ---------  --------  ----------  --------------  -------------------
/opt/airflow/dags/marketing_campaign_dag.py                           1           0  0.20s           2026-07-09T19:07:28
================================================================================
[2026-07-09T19:08:06.009+0000] {manager.py:879} INFO - 
================================================================================
DAG File Processing Stats

File Path                                    PID    Runtime      # DAGs    # Errors  Last Runtime    Last Run
-------------------------------------------  -----  ---------  --------  ----------  --------------  -------------------
/opt/airflow/dags/marketing_campaign_dag.py                           1           0  0.21s           2026-07-09T19:07:59
================================================================================
[2026-07-09T19:08:36.339+0000] {manager.py:879} INFO - 
================================================================================
DAG File Processing Stats

File Path                                    PID    Runtime      # DAGs    # Errors  Last Runtime    Last Run
-------------------------------------------  -----  ---------  --------  ----------  --------------  -------------------
/opt/airflow/dags/marketing_campaign_dag.py                           1           0  0.21s           2026-07-09T19:08:29
================================================================================
[2026-07-09T19:09:06.669+0000] {manager.py:879} INFO - 
================================================================================
DAG File Processing Stats

File Path                                    PID    Runtime      # DAGs    # Errors  Last Runtime    Last Run
-------------------------------------------  -----  ---------  --------  ----------  --------------  -------------------
/opt/airflow/dags/marketing_campaign_dag.py                           1           0  0.21s           2026-07-09T19:08:59
================================================================================
[2026-07-09T19:09:36.989+0000] {manager.py:879} INFO - 
================================================================================
DAG File Processing Stats

File Path                                    PID    Runtime      # DAGs    # Errors  Last Runtime    Last Run
-------------------------------------------  -----  ---------  --------  ----------  --------------  -------------------
/opt/airflow/dags/marketing_campaign_dag.py                           1           0  0.22s           2026-07-09T19:09:30
================================================================================
[2026-07-09T19:09:41.006+0000] {manager.py:738} INFO - Searching for files in /opt/airflow/dags
[2026-07-09T19:09:41.008+0000] {manager.py:741} INFO - There are 1 files in /opt/airflow/dags
[2026-07-09T19:10:07.330+0000] {manager.py:879} INFO - 
================================================================================
DAG File Processing Stats

File Path                                    PID    Runtime      # DAGs    # Errors  Last Runtime    Last Run
-------------------------------------------  -----  ---------  --------  ----------  --------------  -------------------
/opt/airflow/dags/marketing_campaign_dag.py                           1           0  0.27s           2026-07-09T19:10:00
================================================================================
[2026-07-09T19:10:37.724+0000] {manager.py:879} INFO - 
================================================================================
DAG File Processing Stats

File Path                                    PID    Runtime      # DAGs    # Errors  Last Runtime    Last Run
-------------------------------------------  -----  ---------  --------  ----------  --------------  -------------------
/opt/airflow/dags/marketing_campaign_dag.py                           1           0  0.29s           2026-07-09T19:10:30
================================================================================
[2026-07-09T19:11:08.143+0000] {manager.py:879} INFO - 
================================================================================
DAG File Processing Stats

File Path                                    PID    Runtime      # DAGs    # Errors  Last Runtime    Last Run
-------------------------------------------  -----  ---------  --------  ----------  --------------  -------------------
/opt/airflow/dags/marketing_campaign_dag.py                           1           0  0.26s           2026-07-09T19:11:01
================================================================================
[2026-07-09T19:11:38.524+0000] {manager.py:879} INFO - 
================================================================================
DAG File Processing Stats

File Path                                    PID    Runtime      # DAGs    # Errors  Last Runtime    Last Run
-------------------------------------------  -----  ---------  --------  ----------  --------------  -------------------
/opt/airflow/dags/marketing_campaign_dag.py                           1           0  0.47s           2026-07-09T19:11:31
================================================================================
[2026-07-09T19:12:09.116+0000] {manager.py:879} INFO - 
================================================================================
DAG File Processing Stats

File Path                                    PID    Runtime      # DAGs    # Errors  Last Runtime    Last Run
-------------------------------------------  -----  ---------  --------  ----------  --------------  -------------------
/opt/airflow/dags/marketing_campaign_dag.py                           1           0  0.21s           2026-07-09T19:12:02
================================================================================
[2026-07-09T19:12:39.447+0000] {manager.py:879} INFO - 
================================================================================
DAG File Processing Stats

File Path                                    PID    Runtime      # DAGs    # Errors  Last Runtime    Last Run
-------------------------------------------  -----  ---------  --------  ----------  --------------  -------------------
/opt/airflow/dags/marketing_campaign_dag.py                           1           0  0.22s           2026-07-09T19:12:32
================================================================================
[2026-07-09T19:13:09.788+0000] {manager.py:879} INFO - 
================================================================================
DAG File Processing Stats

File Path                                    PID    Runtime      # DAGs    # Errors  Last Runtime    Last Run
-------------------------------------------  -----  ---------  --------  ----------  --------------  -------------------
/opt/airflow/dags/marketing_campaign_dag.py                           1           0  0.23s           2026-07-09T19:13:02
================================================================================
[2026-07-09T19:13:40.132+0000] {manager.py:879} INFO - 
================================================================================
DAG File Processing Stats

File Path                                    PID    Runtime      # DAGs    # Errors  Last Runtime    Last Run
-------------------------------------------  -----  ---------  --------  ----------  --------------  -------------------
/opt/airflow/dags/marketing_campaign_dag.py                           1           0  0.28s           2026-07-09T19:13:22
================================================================================
[2026-07-09T19:14:10.312+0000] {manager.py:879} INFO - 
================================================================================
DAG File Processing Stats

File Path                                    PID    Runtime      # DAGs    # Errors  Last Runtime    Last Run
-------------------------------------------  -----  ---------  --------  ----------  --------------  -------------------
/opt/airflow/dags/marketing_campaign_dag.py                           1           0  0.29s           2026-07-09T19:13:52
================================================================================
[2026-07-09T19:14:40.680+0000] {manager.py:879} INFO - 
================================================================================
DAG File Processing Stats

File Path                                    PID    Runtime      # DAGs    # Errors  Last Runtime    Last Run
-------------------------------------------  -----  ---------  --------  ----------  --------------  -------------------
/opt/airflow/dags/marketing_campaign_dag.py                           1           0  0.31s           2026-07-09T19:14:22
================================================================================
[2026-07-09T19:14:41.686+0000] {manager.py:738} INFO - Searching for files in /opt/airflow/dags
[2026-07-09T19:14:41.691+0000] {manager.py:741} INFO - There are 1 files in /opt/airflow/dags
[2026-07-09T19:15:11.121+0000] {manager.py:879} INFO - 
================================================================================
DAG File Processing Stats

File Path                                    PID    Runtime      # DAGs    # Errors  Last Runtime    Last Run
-------------------------------------------  -----  ---------  --------  ----------  --------------  -------------------
/opt/airflow/dags/marketing_campaign_dag.py                           1           0  0.31s           2026-07-09T19:14:53
================================================================================
[2026-07-09T19:15:41.551+0000] {manager.py:879} INFO - 
================================================================================
DAG File Processing Stats

File Path                                    PID    Runtime      # DAGs    # Errors  Last Runtime    Last Run
-------------------------------------------  -----  ---------  --------  ----------  --------------  -------------------
/opt/airflow/dags/marketing_campaign_dag.py                           1           0  0.20s           2026-07-09T19:15:23
================================================================================
[2026-07-09T19:16:11.880+0000] {manager.py:879} INFO - 
================================================================================
DAG File Processing Stats

File Path                                    PID    Runtime      # DAGs    # Errors  Last Runtime    Last Run
-------------------------------------------  -----  ---------  --------  ----------  --------------  -------------------
/opt/airflow/dags/marketing_campaign_dag.py                           1           0  0.22s           2026-07-09T19:15:54
================================================================================
[2026-07-09T19:16:42.213+0000] {manager.py:879} INFO - 
================================================================================
DAG File Processing Stats

File Path                                    PID    Runtime      # DAGs    # Errors  Last Runtime    Last Run
-------------------------------------------  -----  ---------  --------  ----------  --------------  -------------------
/opt/airflow/dags/marketing_campaign_dag.py                           1           0  0.23s           2026-07-09T19:16:24
================================================================================
[2026-07-09T19:17:12.572+0000] {manager.py:879} INFO - 
================================================================================
DAG File Processing Stats

File Path                                    PID    Runtime      # DAGs    # Errors  Last Runtime    Last Run
-------------------------------------------  -----  ---------  --------  ----------  --------------  -------------------
/opt/airflow/dags/marketing_campaign_dag.py                           1           0  0.22s           2026-07-09T19:16:54
================================================================================
[2026-07-09T19:17:42.926+0000] {manager.py:879} INFO - 
================================================================================
DAG File Processing Stats

File Path                                    PID    Runtime      # DAGs    # Errors  Last Runtime    Last Run
-------------------------------------------  -----  ---------  --------  ----------  --------------  -------------------
/opt/airflow/dags/marketing_campaign_dag.py                           1           0  0.27s           2026-07-09T19:17:25
================================================================================
[2026-07-09T19:18:13.311+0000] {manager.py:879} INFO - 
================================================================================
DAG File Processing Stats

File Path                                    PID    Runtime      # DAGs    # Errors  Last Runtime    Last Run
-------------------------------------------  -----  ---------  --------  ----------  --------------  -------------------
/opt/airflow/dags/marketing_campaign_dag.py                           1           0  0.23s           2026-07-09T19:17:55
================================================================================
[2026-07-09T19:18:43.663+0000] {manager.py:879} INFO - 
================================================================================
DAG File Processing Stats

File Path                                    PID    Runtime      # DAGs    # Errors  Last Runtime    Last Run
-------------------------------------------  -----  ---------  --------  ----------  --------------  -------------------
/opt/airflow/dags/marketing_campaign_dag.py                           1           0  0.25s           2026-07-09T19:18:25
================================================================================
[2026-07-09T19:19:14.041+0000] {manager.py:879} INFO - 
================================================================================
DAG File Processing Stats

File Path                                    PID    Runtime      # DAGs    # Errors  Last Runtime    Last Run
-------------------------------------------  -----  ---------  --------  ----------  --------------  -------------------
/opt/airflow/dags/marketing_campaign_dag.py                           1           0  0.25s           2026-07-09T19:18:56
================================================================================
[2026-07-09T19:19:42.403+0000] {manager.py:738} INFO - Searching for files in /opt/airflow/dags
[2026-07-09T19:19:42.409+0000] {manager.py:741} INFO - There are 1 files in /opt/airflow/dags
[2026-07-09T19:19:44.429+0000] {manager.py:879} INFO - 
================================================================================
DAG File Processing Stats

File Path                                    PID    Runtime      # DAGs    # Errors  Last Runtime    Last Run
-------------------------------------------  -----  ---------  --------  ----------  --------------  -------------------
/opt/airflow/dags/marketing_campaign_dag.py                           1           0  0.23s           2026-07-09T19:19:26
================================================================================
[2026-07-09T19:20:14.764+0000] {manager.py:879} INFO - 
================================================================================
DAG File Processing Stats

File Path                                    PID    Runtime      # DAGs    # Errors  Last Runtime    Last Run
-------------------------------------------  -----  ---------  --------  ----------  --------------  -------------------
/opt/airflow/dags/marketing_campaign_dag.py                           1           0  0.28s           2026-07-09T19:19:56
================================================================================
[2026-07-09T19:20:45.173+0000] {manager.py:879} INFO - 
================================================================================
DAG File Processing Stats

File Path                                    PID    Runtime      # DAGs    # Errors  Last Runtime    Last Run
-------------------------------------------  -----  ---------  --------  ----------  --------------  -------------------
/opt/airflow/dags/marketing_campaign_dag.py                           1           0  0.22s           2026-07-09T19:20:27
================================================================================
[2026-07-09T19:21:15.517+0000] {manager.py:879} INFO - 
================================================================================
DAG File Processing Stats

File Path                                    PID    Runtime      # DAGs    # Errors  Last Runtime    Last Run
-------------------------------------------  -----  ---------  --------  ----------  --------------  -------------------
/opt/airflow/dags/marketing_campaign_dag.py                           1           0  0.23s           2026-07-09T19:20:57
================================================================================
[2026-07-09T19:21:45.866+0000] {manager.py:879} INFO - 
================================================================================
DAG File Processing Stats

File Path                                    PID    Runtime      # DAGs    # Errors  Last Runtime    Last Run
-------------------------------------------  -----  ---------  --------  ----------  --------------  -------------------
/opt/airflow/dags/marketing_campaign_dag.py                           1           0  0.28s           2026-07-09T19:21:28
================================================================================
[2026-07-09T19:22:16.278+0000] {manager.py:879} INFO - 
================================================================================
DAG File Processing Stats

File Path                                    PID    Runtime      # DAGs    # Errors  Last Runtime    Last Run
-------------------------------------------  -----  ---------  --------  ----------  --------------  -------------------
/opt/airflow/dags/marketing_campaign_dag.py                           1           0  0.22s           2026-07-09T19:21:58
================================================================================
[2026-07-09T19:22:46.617+0000] {manager.py:879} INFO - 
================================================================================
DAG File Processing Stats

File Path                                    PID    Runtime      # DAGs    # Errors  Last Runtime    Last Run
-------------------------------------------  -----  ---------  --------  ----------  --------------  -------------------
/opt/airflow/dags/marketing_campaign_dag.py                           1           0  0.20s           2026-07-09T19:22:28
================================================================================
[2026-07-09T19:23:16.946+0000] {manager.py:879} INFO - 
================================================================================
DAG File Processing Stats

File Path                                    PID    Runtime      # DAGs    # Errors  Last Runtime    Last Run
-------------------------------------------  -----  ---------  --------  ----------  --------------  -------------------
/opt/airflow/dags/marketing_campaign_dag.py                           1           0  0.28s           2026-07-09T19:22:59
================================================================================
[2026-07-09T19:23:47.362+0000] {manager.py:879} INFO - 
================================================================================
DAG File Processing Stats

File Path                                    PID    Runtime      # DAGs    # Errors  Last Runtime    Last Run
-------------------------------------------  -----  ---------  --------  ----------  --------------  -------------------
/opt/airflow/dags/marketing_campaign_dag.py                           1           0  0.26s           2026-07-09T19:23:29
================================================================================
[2026-07-09T19:24:17.956+0000] {manager.py:879} INFO - 
================================================================================
DAG File Processing Stats

File Path                                    PID    Runtime      # DAGs    # Errors  Last Runtime    Last Run
-------------------------------------------  -----  ---------  --------  ----------  --------------  -------------------
/opt/airflow/dags/marketing_campaign_dag.py                           1           0  0.43s           2026-07-09T19:24:00
================================================================================
[2026-07-09T19:24:42.478+0000] {manager.py:738} INFO - Searching for files in /opt/airflow/dags
[2026-07-09T19:24:42.524+0000] {manager.py:741} INFO - There are 1 files in /opt/airflow/dags
[2026-07-09T19:24:49.153+0000] {manager.py:879} INFO - 
================================================================================
DAG File Processing Stats

File Path                                    PID    Runtime      # DAGs    # Errors  Last Runtime    Last Run
-------------------------------------------  -----  ---------  --------  ----------  --------------  -------------------
/opt/airflow/dags/marketing_campaign_dag.py                           1           0  7.29s           2026-07-09T19:24:37
================================================================================
[2026-07-09T19:25:20.295+0000] {manager.py:879} INFO - 
================================================================================
DAG File Processing Stats

File Path                                      PID  Runtime      # DAGs    # Errors  Last Runtime    Last Run
-------------------------------------------  -----  ---------  --------  ----------  --------------  -------------------
/opt/airflow/dags/marketing_campaign_dag.py   1697  11.71s            1           0  7.29s           2026-07-09T19:24:37
================================================================================
[2026-07-09T19:25:51.262+0000] {manager.py:879} INFO - 
================================================================================
DAG File Processing Stats

File Path                                    PID    Runtime      # DAGs    # Errors  Last Runtime    Last Run
-------------------------------------------  -----  ---------  --------  ----------  --------------  -------------------
/opt/airflow/dags/marketing_campaign_dag.py                           1           0  17.12s          2026-07-09T19:25:25
================================================================================
[2026-07-09T19:26:21.456+0000] {manager.py:879} INFO - 
================================================================================
DAG File Processing Stats

File Path                                    PID    Runtime      # DAGs    # Errors  Last Runtime    Last Run
-------------------------------------------  -----  ---------  --------  ----------  --------------  -------------------
/opt/airflow/dags/marketing_campaign_dag.py                           1           0  1.35s           2026-07-09T19:25:57
================================================================================
[2026-07-09T19:26:52.299+0000] {manager.py:879} INFO - 
================================================================================
DAG File Processing Stats

File Path                                    PID    Runtime      # DAGs    # Errors  Last Runtime    Last Run
-------------------------------------------  -----  ---------  --------  ----------  --------------  -------------------
/opt/airflow/dags/marketing_campaign_dag.py                           1           0  0.75s           2026-07-09T19:26:28
================================================================================
[2026-07-09T19:27:22.329+0000] {manager.py:879} INFO - 
================================================================================
DAG File Processing Stats

File Path                                    PID    Runtime      # DAGs    # Errors  Last Runtime    Last Run
-------------------------------------------  -----  ---------  --------  ----------  --------------  -------------------
/opt/airflow/dags/marketing_campaign_dag.py                           1           0  0.52s           2026-07-09T19:26:59
================================================================================
[2026-07-09T19:27:53.160+0000] {manager.py:879} INFO - 
================================================================================
DAG File Processing Stats

File Path                                    PID    Runtime      # DAGs    # Errors  Last Runtime    Last Run
-------------------------------------------  -----  ---------  --------  ----------  --------------  -------------------
/opt/airflow/dags/marketing_campaign_dag.py                           1           0  0.60s           2026-07-09T19:27:30
================================================================================
[2026-07-09T19:28:23.568+0000] {manager.py:451} INFO - Exiting gracefully upon receiving signal 15
[2026-07-09T22:25:22.550+0000] {manager.py:469} INFO - Processing files using up to 2 processes at a time 
[2026-07-09T22:25:22.553+0000] {manager.py:470} INFO - Process each file at most once every 30 seconds
[2026-07-09T22:25:22.553+0000] {manager.py:471} INFO - Checking for new files in /opt/airflow/dags every 300 seconds
[2026-07-09T22:25:22.560+0000] {manager.py:738} INFO - Searching for files in /opt/airflow/dags
[2026-07-09T22:25:22.573+0000] {manager.py:741} INFO - There are 1 files in /opt/airflow/dags
[2026-07-09T22:25:29.911+0000] {manager.py:879} INFO - 
================================================================================
DAG File Processing Stats

File Path                                      PID  Runtime      # DAGs    # Errors  Last Runtime    Last Run
-------------------------------------------  -----  ---------  --------  ----------  --------------  ----------
/opt/airflow/dags/marketing_campaign_dag.py    167  6.83s             0           0
================================================================================
[2026-07-09T22:29:09.154+0000] {manager.py:469} INFO - Processing files using up to 2 processes at a time 
[2026-07-09T22:29:09.155+0000] {manager.py:470} INFO - Process each file at most once every 30 seconds
[2026-07-09T22:29:09.155+0000] {manager.py:471} INFO - Checking for new files in /opt/airflow/dags every 300 seconds
[2026-07-09T22:29:09.155+0000] {manager.py:738} INFO - Searching for files in /opt/airflow/dags
[2026-07-09T22:29:09.157+0000] {manager.py:741} INFO - There are 1 files in /opt/airflow/dags
[2026-07-09T22:29:09.227+0000] {manager.py:879} INFO - 
================================================================================
DAG File Processing Stats

File Path                                      PID  Runtime      # DAGs    # Errors  Last Runtime    Last Run
-------------------------------------------  -----  ---------  --------  ----------  --------------  ----------
/opt/airflow/dags/marketing_campaign_dag.py    167  0.03s             0           0
================================================================================
[2026-07-09T22:29:39.361+0000] {manager.py:879} INFO - 
================================================================================
DAG File Processing Stats

File Path                                      PID  Runtime      # DAGs    # Errors  Last Runtime    Last Run
-------------------------------------------  -----  ---------  --------  ----------  --------------  -------------------
/opt/airflow/dags/marketing_campaign_dag.py    228  0.01s             1           0  0.10s           2026-07-09T22:29:09
================================================================================
[2026-07-09T22:30:09.516+0000] {manager.py:879} INFO - 
================================================================================
DAG File Processing Stats

File Path                                    PID    Runtime      # DAGs    # Errors  Last Runtime    Last Run
-------------------------------------------  -----  ---------  --------  ----------  --------------  -------------------
/opt/airflow/dags/marketing_campaign_dag.py                           1           0  0.50s           2026-07-09T22:29:39
================================================================================
[2026-07-09T22:30:40.121+0000] {manager.py:879} INFO - 
================================================================================
DAG File Processing Stats

File Path                                    PID    Runtime      # DAGs    # Errors  Last Runtime    Last Run
-------------------------------------------  -----  ---------  --------  ----------  --------------  -------------------
/opt/airflow/dags/marketing_campaign_dag.py                           1           0  0.18s           2026-07-09T22:30:10
================================================================================
[2026-07-09T22:31:10.424+0000] {manager.py:879} INFO - 
================================================================================
DAG File Processing Stats

File Path                                    PID    Runtime      # DAGs    # Errors  Last Runtime    Last Run
-------------------------------------------  -----  ---------  --------  ----------  --------------  -------------------
/opt/airflow/dags/marketing_campaign_dag.py                           1           0  0.18s           2026-07-09T22:30:40
================================================================================
[2026-07-09T22:31:40.720+0000] {manager.py:879} INFO - 
================================================================================
DAG File Processing Stats

File Path                                    PID    Runtime      # DAGs    # Errors  Last Runtime    Last Run
-------------------------------------------  -----  ---------  --------  ----------  --------------  -------------------
/opt/airflow/dags/marketing_campaign_dag.py                           1           0  0.16s           2026-07-09T22:31:10
================================================================================
[2026-07-09T22:32:10.996+0000] {manager.py:879} INFO - 
================================================================================
DAG File Processing Stats

File Path                                    PID    Runtime      # DAGs    # Errors  Last Runtime    Last Run
-------------------------------------------  -----  ---------  --------  ----------  --------------  -------------------
/opt/airflow/dags/marketing_campaign_dag.py                           1           0  0.53s           2026-07-09T22:31:41
================================================================================
[2026-07-09T22:32:41.017+0000] {manager.py:879} INFO - 
================================================================================
DAG File Processing Stats

File Path                                    PID    Runtime      # DAGs    # Errors  Last Runtime    Last Run
-------------------------------------------  -----  ---------  --------  ----------  --------------  -------------------
/opt/airflow/dags/marketing_campaign_dag.py                           1           0  0.38s           2026-07-09T22:32:11
================================================================================
[2026-07-09T22:33:11.527+0000] {manager.py:879} INFO - 
================================================================================
DAG File Processing Stats

File Path                                    PID    Runtime      # DAGs    # Errors  Last Runtime    Last Run
-------------------------------------------  -----  ---------  --------  ----------  --------------  -------------------
/opt/airflow/dags/marketing_campaign_dag.py                           1           0  0.49s           2026-07-09T22:33:08
================================================================================
[2026-07-09T22:33:41.768+0000] {manager.py:879} INFO - 
================================================================================
DAG File Processing Stats

File Path                                    PID    Runtime      # DAGs    # Errors  Last Runtime    Last Run
-------------------------------------------  -----  ---------  --------  ----------  --------------  -------------------
/opt/airflow/dags/marketing_campaign_dag.py                           1           0  0.17s           2026-07-09T22:33:22
================================================================================
[2026-07-09T22:34:09.410+0000] {manager.py:738} INFO - Searching for files in /opt/airflow/dags
[2026-07-09T22:34:09.413+0000] {manager.py:741} INFO - There are 1 files in /opt/airflow/dags
[2026-07-09T22:34:11.932+0000] {manager.py:879} INFO - 
================================================================================
DAG File Processing Stats

File Path                                    PID    Runtime      # DAGs    # Errors  Last Runtime    Last Run
-------------------------------------------  -----  ---------  --------  ----------  --------------  -------------------
/opt/airflow/dags/marketing_campaign_dag.py                           1           0  0.53s           2026-07-09T22:33:53
================================================================================
[2026-07-09T22:34:42.567+0000] {manager.py:879} INFO - 
================================================================================
DAG File Processing Stats

File Path                                    PID    Runtime      # DAGs    # Errors  Last Runtime    Last Run
-------------------------------------------  -----  ---------  --------  ----------  --------------  -------------------
/opt/airflow/dags/marketing_campaign_dag.py                           1           0  0.16s           2026-07-09T22:34:23
================================================================================
[2026-07-09T22:35:12.840+0000] {manager.py:879} INFO - 
================================================================================
DAG File Processing Stats

File Path                                    PID    Runtime      # DAGs    # Errors  Last Runtime    Last Run
-------------------------------------------  -----  ---------  --------  ----------  --------------  -------------------
/opt/airflow/dags/marketing_campaign_dag.py                           1           0  0.37s           2026-07-09T22:34:54
================================================================================
[2026-07-09T22:35:43.332+0000] {manager.py:879} INFO - 
================================================================================
DAG File Processing Stats

File Path                                    PID    Runtime      # DAGs    # Errors  Last Runtime    Last Run
-------------------------------------------  -----  ---------  --------  ----------  --------------  -------------------
/opt/airflow/dags/marketing_campaign_dag.py                           1           0  0.37s           2026-07-09T22:35:24
================================================================================
[2026-07-09T22:36:13.838+0000] {manager.py:879} INFO - 
================================================================================
DAG File Processing Stats

File Path                                    PID    Runtime      # DAGs    # Errors  Last Runtime    Last Run
-------------------------------------------  -----  ---------  --------  ----------  --------------  -------------------
/opt/airflow/dags/marketing_campaign_dag.py                           1           0  0.36s           2026-07-09T22:35:55
================================================================================
[2026-07-09T22:36:44.319+0000] {manager.py:879} INFO - 
================================================================================
DAG File Processing Stats

File Path                                    PID    Runtime      # DAGs    # Errors  Last Runtime    Last Run
-------------------------------------------  -----  ---------  --------  ----------  --------------  -------------------
/opt/airflow/dags/marketing_campaign_dag.py                           1           0  0.16s           2026-07-09T22:36:25
================================================================================
[2026-07-09T22:37:14.600+0000] {manager.py:879} INFO - 
================================================================================
DAG File Processing Stats

File Path                                    PID    Runtime      # DAGs    # Errors  Last Runtime    Last Run
-------------------------------------------  -----  ---------  --------  ----------  --------------  -------------------
/opt/airflow/dags/marketing_campaign_dag.py                           1           0  0.16s           2026-07-09T22:36:55
================================================================================
[2026-07-09T22:37:44.875+0000] {manager.py:879} INFO - 
================================================================================
DAG File Processing Stats

File Path                                    PID    Runtime      # DAGs    # Errors  Last Runtime    Last Run
-------------------------------------------  -----  ---------  --------  ----------  --------------  -------------------
/opt/airflow/dags/marketing_campaign_dag.py                           1           0  0.15s           2026-07-09T22:37:25
================================================================================
[2026-07-09T22:38:15.144+0000] {manager.py:879} INFO - 
================================================================================
DAG File Processing Stats

File Path                                    PID    Runtime      # DAGs    # Errors  Last Runtime    Last Run
-------------------------------------------  -----  ---------  --------  ----------  --------------  -------------------
/opt/airflow/dags/marketing_campaign_dag.py                           1           0  0.39s           2026-07-09T22:37:56
================================================================================
[2026-07-09T22:38:23.382+0000] {manager.py:451} INFO - Exiting gracefully upon receiving signal 15
[2026-07-09T22:38:53.043+0000] {manager.py:469} INFO - Processing files using up to 2 processes at a time 
[2026-07-09T22:38:53.044+0000] {manager.py:470} INFO - Process each file at most once every 30 seconds
[2026-07-09T22:38:53.044+0000] {manager.py:471} INFO - Checking for new files in /opt/airflow/dags every 300 seconds
[2026-07-09T22:38:53.044+0000] {manager.py:738} INFO - Searching for files in /opt/airflow/dags
[2026-07-09T22:38:53.045+0000] {manager.py:741} INFO - There are 1 files in /opt/airflow/dags
[2026-07-09T22:38:53.119+0000] {manager.py:879} INFO - 
================================================================================
DAG File Processing Stats

File Path                                      PID  Runtime      # DAGs    # Errors  Last Runtime    Last Run
-------------------------------------------  -----  ---------  --------  ----------  --------------  ----------
/opt/airflow/dags/marketing_campaign_dag.py    168  0.04s             0           0
================================================================================
[2026-07-09T22:39:23.219+0000] {manager.py:879} INFO - 
================================================================================
DAG File Processing Stats

File Path                                    PID    Runtime      # DAGs    # Errors  Last Runtime    Last Run
-------------------------------------------  -----  ---------  --------  ----------  --------------  -------------------
/opt/airflow/dags/marketing_campaign_dag.py                           1           0  0.41s           2026-07-09T22:38:53
================================================================================
[2026-07-09T22:39:53.723+0000] {manager.py:879} INFO - 
================================================================================
DAG File Processing Stats

File Path                                    PID    Runtime      # DAGs    # Errors  Last Runtime    Last Run
-------------------------------------------  -----  ---------  --------  ----------  --------------  -------------------
/opt/airflow/dags/marketing_campaign_dag.py                           1           0  0.14s           2026-07-09T22:39:23
================================================================================
[2026-07-09T22:40:23.971+0000] {manager.py:879} INFO - 
================================================================================
DAG File Processing Stats

File Path                                    PID    Runtime      # DAGs    # Errors  Last Runtime    Last Run
-------------------------------------------  -----  ---------  --------  ----------  --------------  -------------------
/opt/airflow/dags/marketing_campaign_dag.py                           1           0  0.14s           2026-07-09T22:39:53
================================================================================
[2026-07-09T22:40:54.235+0000] {manager.py:879} INFO - 
================================================================================
DAG File Processing Stats

File Path                                    PID    Runtime      # DAGs    # Errors  Last Runtime    Last Run
-------------------------------------------  -----  ---------  --------  ----------  --------------  -------------------
/opt/airflow/dags/marketing_campaign_dag.py                           1           0  0.47s           2026-07-09T22:40:24
================================================================================
[2026-07-09T22:41:24.821+0000] {manager.py:879} INFO - 
================================================================================
DAG File Processing Stats

File Path                                    PID    Runtime      # DAGs    # Errors  Last Runtime    Last Run
-------------------------------------------  -----  ---------  --------  ----------  --------------  -------------------
/opt/airflow/dags/marketing_campaign_dag.py                           1           0  0.36s           2026-07-09T22:40:55
================================================================================
[2026-07-09T22:41:55.525+0000] {manager.py:879} INFO - 
================================================================================
DAG File Processing Stats

File Path                                    PID    Runtime      # DAGs    # Errors  Last Runtime    Last Run
-------------------------------------------  -----  ---------  --------  ----------  --------------  -------------------
/opt/airflow/dags/marketing_campaign_dag.py                           1           0  0.34s           2026-07-09T22:41:25
================================================================================
[2026-07-09T22:42:25.787+0000] {manager.py:879} INFO - 
================================================================================
DAG File Processing Stats

File Path                                    PID    Runtime      # DAGs    # Errors  Last Runtime    Last Run
-------------------------------------------  -----  ---------  --------  ----------  --------------  -------------------
/opt/airflow/dags/marketing_campaign_dag.py                           1           0  0.17s           2026-07-09T22:41:55
================================================================================
[2026-07-09T22:42:56.077+0000] {manager.py:879} INFO - 
================================================================================
DAG File Processing Stats

File Path                                    PID    Runtime      # DAGs    # Errors  Last Runtime    Last Run
-------------------------------------------  -----  ---------  --------  ----------  --------------  -------------------
/opt/airflow/dags/marketing_campaign_dag.py                           1           0  0.16s           2026-07-09T22:42:26
================================================================================
[2026-07-09T22:43:26.356+0000] {manager.py:879} INFO - 
================================================================================
DAG File Processing Stats

File Path                                    PID    Runtime      # DAGs    # Errors  Last Runtime    Last Run
-------------------------------------------  -----  ---------  --------  ----------  --------------  -------------------
/opt/airflow/dags/marketing_campaign_dag.py                           1           0  0.16s           2026-07-09T22:42:56
================================================================================
[2026-07-09T22:43:53.624+0000] {manager.py:738} INFO - Searching for files in /opt/airflow/dags
[2026-07-09T22:43:53.629+0000] {manager.py:741} INFO - There are 1 files in /opt/airflow/dags
[2026-07-09T22:43:56.656+0000] {manager.py:879} INFO - 
================================================================================
DAG File Processing Stats

File Path                                    PID    Runtime      # DAGs    # Errors  Last Runtime    Last Run
-------------------------------------------  -----  ---------  --------  ----------  --------------  -------------------
/opt/airflow/dags/marketing_campaign_dag.py                           1           0  0.17s           2026-07-09T22:43:26
================================================================================
[2026-07-09T22:44:26.921+0000] {manager.py:879} INFO - 
================================================================================
DAG File Processing Stats

File Path                                    PID    Runtime      # DAGs    # Errors  Last Runtime    Last Run
-------------------------------------------  -----  ---------  --------  ----------  --------------  -------------------
/opt/airflow/dags/marketing_campaign_dag.py                           1           0  0.17s           2026-07-09T22:43:56
================================================================================
[2026-07-09T22:44:57.212+0000] {manager.py:879} INFO - 
================================================================================
DAG File Processing Stats

File Path                                    PID    Runtime      # DAGs    # Errors  Last Runtime    Last Run
-------------------------------------------  -----  ---------  --------  ----------  --------------  -------------------
/opt/airflow/dags/marketing_campaign_dag.py                           1           0  0.17s           2026-07-09T22:44:27
================================================================================
[2026-07-09T22:45:27.491+0000] {manager.py:879} INFO - 
================================================================================
DAG File Processing Stats

File Path                                    PID    Runtime      # DAGs    # Errors  Last Runtime    Last Run
-------------------------------------------  -----  ---------  --------  ----------  --------------  -------------------
/opt/airflow/dags/marketing_campaign_dag.py                           1           0  0.17s           2026-07-09T22:44:57
================================================================================
[2026-07-09T22:45:58.243+0000] {manager.py:879} INFO - 
================================================================================
DAG File Processing Stats

File Path                                      PID  Runtime      # DAGs    # Errors  Last Runtime    Last Run
-------------------------------------------  -----  ---------  --------  ----------  --------------  -------------------
/opt/airflow/dags/marketing_campaign_dag.py    418  0.01s             1           0  0.34s           2026-07-09T22:45:54
================================================================================
[2026-07-09T22:46:28.997+0000] {manager.py:879} INFO - 
================================================================================
DAG File Processing Stats

File Path                                    PID    Runtime      # DAGs    # Errors  Last Runtime    Last Run
-------------------------------------------  -----  ---------  --------  ----------  --------------  -------------------
/opt/airflow/dags/marketing_campaign_dag.py                           1           0  0.30s           2026-07-09T22:46:06
================================================================================
[2026-07-09T22:46:59.154+0000] {manager.py:879} INFO - 
================================================================================
DAG File Processing Stats

File Path                                    PID    Runtime      # DAGs    # Errors  Last Runtime    Last Run
-------------------------------------------  -----  ---------  --------  ----------  --------------  -------------------
/opt/airflow/dags/marketing_campaign_dag.py                           1           0  0.16s           2026-07-09T22:46:37
================================================================================
[2026-07-09T22:47:07.162+0000] {manager.py:451} INFO - Exiting gracefully upon receiving signal 15
[2026-07-10T17:29:37.753+0000] {manager.py:469} INFO - Processing files using up to 2 processes at a time 
[2026-07-10T17:29:37.754+0000] {manager.py:470} INFO - Process each file at most once every 30 seconds
[2026-07-10T17:29:37.754+0000] {manager.py:471} INFO - Checking for new files in /opt/airflow/dags every 300 seconds
[2026-07-10T17:29:37.755+0000] {manager.py:738} INFO - Searching for files in /opt/airflow/dags
[2026-07-10T17:29:37.757+0000] {manager.py:741} INFO - There are 1 files in /opt/airflow/dags
[2026-07-10T17:29:37.866+0000] {manager.py:879} INFO - 
================================================================================
DAG File Processing Stats

File Path                                      PID  Runtime      # DAGs    # Errors  Last Runtime    Last Run
-------------------------------------------  -----  ---------  --------  ----------  --------------  ----------
/opt/airflow/dags/marketing_campaign_dag.py    169  0.05s             0           0
================================================================================
[2026-07-10T17:30:08.342+0000] {manager.py:879} INFO - 
================================================================================
DAG File Processing Stats

File Path                                    PID    Runtime      # DAGs    # Errors  Last Runtime    Last Run
-------------------------------------------  -----  ---------  --------  ----------  --------------  -------------------
/opt/airflow/dags/marketing_campaign_dag.py                           1           0  0.61s           2026-07-10T17:29:38
================================================================================
[2026-07-10T17:30:40.202+0000] {manager.py:879} INFO - 
================================================================================
DAG File Processing Stats

File Path                                    PID    Runtime      # DAGs    # Errors  Last Runtime    Last Run
-------------------------------------------  -----  ---------  --------  ----------  --------------  -------------------
/opt/airflow/dags/marketing_campaign_dag.py                           1           0  20.27s          2026-07-10T17:30:28
================================================================================
[2026-07-10T17:31:10.412+0000] {manager.py:879} INFO - 
================================================================================
DAG File Processing Stats

File Path                                    PID    Runtime      # DAGs    # Errors  Last Runtime    Last Run
-------------------------------------------  -----  ---------  --------  ----------  --------------  -------------------
/opt/airflow/dags/marketing_campaign_dag.py                           1           0  0.60s           2026-07-10T17:30:59
================================================================================
[2026-07-10T17:31:40.511+0000] {manager.py:879} INFO - 
================================================================================
DAG File Processing Stats

File Path                                    PID    Runtime      # DAGs    # Errors  Last Runtime    Last Run
-------------------------------------------  -----  ---------  --------  ----------  --------------  -------------------
/opt/airflow/dags/marketing_campaign_dag.py                           1           0  0.40s           2026-07-10T17:31:30
================================================================================
[2026-07-10T17:32:10.667+0000] {manager.py:879} INFO - 
================================================================================
DAG File Processing Stats

File Path                                    PID    Runtime      # DAGs    # Errors  Last Runtime    Last Run
-------------------------------------------  -----  ---------  --------  ----------  --------------  -------------------
/opt/airflow/dags/marketing_campaign_dag.py                           1           0  0.51s           2026-07-10T17:32:01
================================================================================
[2026-07-10T17:35:19.907+0000] {manager.py:469} INFO - Processing files using up to 2 processes at a time 
[2026-07-10T17:35:19.908+0000] {manager.py:470} INFO - Process each file at most once every 30 seconds
[2026-07-10T17:35:19.909+0000] {manager.py:471} INFO - Checking for new files in /opt/airflow/dags every 300 seconds
[2026-07-10T17:35:19.909+0000] {manager.py:738} INFO - Searching for files in /opt/airflow/dags
[2026-07-10T17:35:19.919+0000] {manager.py:741} INFO - There are 1 files in /opt/airflow/dags
[2026-07-10T17:35:20.058+0000] {manager.py:879} INFO - 
================================================================================
DAG File Processing Stats

File Path                                      PID  Runtime      # DAGs    # Errors  Last Runtime    Last Run
-------------------------------------------  -----  ---------  --------  ----------  --------------  ----------
/opt/airflow/dags/marketing_campaign_dag.py    167  0.06s             0           0
================================================================================
[2026-07-10T17:35:50.169+0000] {manager.py:879} INFO - 
================================================================================
DAG File Processing Stats

File Path                                    PID    Runtime      # DAGs    # Errors  Last Runtime    Last Run
-------------------------------------------  -----  ---------  --------  ----------  --------------  -------------------
/opt/airflow/dags/marketing_campaign_dag.py                           1           0  0.23s           2026-07-10T17:35:20
================================================================================
[2026-07-10T17:36:20.411+0000] {manager.py:879} INFO - 
================================================================================
DAG File Processing Stats

File Path                                    PID    Runtime      # DAGs    # Errors  Last Runtime    Last Run
-------------------------------------------  -----  ---------  --------  ----------  --------------  -------------------
/opt/airflow/dags/marketing_campaign_dag.py                           1           0  0.28s           2026-07-10T17:35:50
================================================================================
[2026-07-10T17:36:50.804+0000] {manager.py:879} INFO - 
================================================================================
DAG File Processing Stats

File Path                                      PID  Runtime      # DAGs    # Errors  Last Runtime    Last Run
-------------------------------------------  -----  ---------  --------  ----------  --------------  -------------------
/opt/airflow/dags/marketing_campaign_dag.py    256  0.01s             1           0  0.08s           2026-07-10T17:36:20
================================================================================
[2026-07-10T17:37:20.953+0000] {manager.py:879} INFO - 
================================================================================
DAG File Processing Stats

File Path                                      PID  Runtime      # DAGs    # Errors  Last Runtime    Last Run
-------------------------------------------  -----  ---------  --------  ----------  --------------  -------------------
/opt/airflow/dags/marketing_campaign_dag.py    261  0.01s             1           0  0.08s           2026-07-10T17:36:50
================================================================================
[2026-07-10T17:37:51.070+0000] {manager.py:879} INFO - 
================================================================================
DAG File Processing Stats

File Path                                      PID  Runtime      # DAGs    # Errors  Last Runtime    Last Run
-------------------------------------------  -----  ---------  --------  ----------  --------------  -------------------
/opt/airflow/dags/marketing_campaign_dag.py    266  0.01s             1           0  0.11s           2026-07-10T17:37:21
================================================================================
[2026-07-10T17:38:21.211+0000] {manager.py:879} INFO - 
================================================================================
DAG File Processing Stats

File Path                                    PID    Runtime      # DAGs    # Errors  Last Runtime    Last Run
-------------------------------------------  -----  ---------  --------  ----------  --------------  -------------------
/opt/airflow/dags/marketing_campaign_dag.py                           1           0  0.41s           2026-07-10T17:37:51
================================================================================
[2026-07-10T17:38:51.647+0000] {manager.py:879} INFO - 
================================================================================
DAG File Processing Stats

File Path                                    PID    Runtime      # DAGs    # Errors  Last Runtime    Last Run
-------------------------------------------  -----  ---------  --------  ----------  --------------  -------------------
/opt/airflow/dags/marketing_campaign_dag.py                           1           0  0.27s           2026-07-10T17:38:21
================================================================================
[2026-07-10T17:39:22.016+0000] {manager.py:879} INFO - 
================================================================================
DAG File Processing Stats

File Path                                    PID    Runtime      # DAGs    # Errors  Last Runtime    Last Run
-------------------------------------------  -----  ---------  --------  ----------  --------------  -------------------
/opt/airflow/dags/marketing_campaign_dag.py                           1           0  0.23s           2026-07-10T17:38:52
================================================================================
[2026-07-10T17:39:54.252+0000] {manager.py:879} INFO - 
================================================================================
DAG File Processing Stats

File Path                                    PID    Runtime      # DAGs    # Errors  Last Runtime    Last Run
-------------------------------------------  -----  ---------  --------  ----------  --------------  -------------------
/opt/airflow/dags/marketing_campaign_dag.py                           1           0  0.09s           2026-07-10T17:39:53
================================================================================
[2026-07-10T17:40:20.340+0000] {manager.py:738} INFO - Searching for files in /opt/airflow/dags
[2026-07-10T17:40:20.344+0000] {manager.py:741} INFO - There are 1 files in /opt/airflow/dags
[2026-07-10T17:40:24.403+0000] {manager.py:879} INFO - 
================================================================================
DAG File Processing Stats

File Path                                    PID    Runtime      # DAGs    # Errors  Last Runtime    Last Run
-------------------------------------------  -----  ---------  --------  ----------  --------------  -------------------
/opt/airflow/dags/marketing_campaign_dag.py                           1           0  0.09s           2026-07-10T17:40:23
================================================================================
[2026-07-10T17:40:54.526+0000] {manager.py:879} INFO - 
================================================================================
DAG File Processing Stats

File Path                                    PID    Runtime      # DAGs    # Errors  Last Runtime    Last Run
-------------------------------------------  -----  ---------  --------  ----------  --------------  -------------------
/opt/airflow/dags/marketing_campaign_dag.py                           1           0  0.22s           2026-07-10T17:40:53
================================================================================
[2026-07-10T17:41:24.816+0000] {manager.py:879} INFO - 
================================================================================
DAG File Processing Stats

File Path                                    PID    Runtime      # DAGs    # Errors  Last Runtime    Last Run
-------------------------------------------  -----  ---------  --------  ----------  --------------  -------------------
/opt/airflow/dags/marketing_campaign_dag.py                           1           0  0.24s           2026-07-10T17:41:24
================================================================================
[2026-07-10T17:41:55.820+0000] {manager.py:879} INFO - 
================================================================================
DAG File Processing Stats

File Path                                    PID    Runtime      # DAGs    # Errors  Last Runtime    Last Run
-------------------------------------------  -----  ---------  --------  ----------  --------------  -------------------
/opt/airflow/dags/marketing_campaign_dag.py                           1           0  0.24s           2026-07-10T17:41:54
================================================================================
[2026-07-10T17:42:25.940+0000] {manager.py:879} INFO - 
================================================================================
DAG File Processing Stats

File Path                                    PID    Runtime      # DAGs    # Errors  Last Runtime    Last Run
-------------------------------------------  -----  ---------  --------  ----------  --------------  -------------------
/opt/airflow/dags/marketing_campaign_dag.py                           1           0  0.23s           2026-07-10T17:42:25
================================================================================
[2026-07-10T17:47:02.204+0000] {manager.py:738} INFO - Searching for files in /opt/airflow/dags
[2026-07-10T17:47:02.206+0000] {manager.py:741} INFO - There are 1 files in /opt/airflow/dags
[2026-07-10T17:47:05.236+0000] {manager.py:879} INFO - 
================================================================================
DAG File Processing Stats

File Path                                    PID    Runtime      # DAGs    # Errors  Last Runtime    Last Run
-------------------------------------------  -----  ---------  --------  ----------  --------------  -------------------
/opt/airflow/dags/marketing_campaign_dag.py                           1           0  0.12s           2026-07-10T17:47:02
================================================================================
[2026-07-10T17:47:35.433+0000] {manager.py:879} INFO - 
================================================================================
DAG File Processing Stats

File Path                                    PID    Runtime      # DAGs    # Errors  Last Runtime    Last Run
-------------------------------------------  -----  ---------  --------  ----------  --------------  -------------------
/opt/airflow/dags/marketing_campaign_dag.py                           1           0  0.10s           2026-07-10T17:47:32
================================================================================
[2026-07-10T17:48:05.598+0000] {manager.py:879} INFO - 
================================================================================
DAG File Processing Stats

File Path                                    PID    Runtime      # DAGs    # Errors  Last Runtime    Last Run
-------------------------------------------  -----  ---------  --------  ----------  --------------  -------------------
/opt/airflow/dags/marketing_campaign_dag.py                           1           0  0.33s           2026-07-10T17:48:02
================================================================================
[2026-07-10T17:48:36.905+0000] {manager.py:879} INFO - 
================================================================================
DAG File Processing Stats

File Path                                    PID    Runtime      # DAGs    # Errors  Last Runtime    Last Run
-------------------------------------------  -----  ---------  --------  ----------  --------------  -------------------
/opt/airflow/dags/marketing_campaign_dag.py                           1           0  0.22s           2026-07-10T17:48:33
================================================================================
[2026-07-10T17:49:07.210+0000] {manager.py:879} INFO - 
================================================================================
DAG File Processing Stats

File Path                                    PID    Runtime      # DAGs    # Errors  Last Runtime    Last Run
-------------------------------------------  -----  ---------  --------  ----------  --------------  -------------------
/opt/airflow/dags/marketing_campaign_dag.py                           1           0  0.22s           2026-07-10T17:49:03
================================================================================
[2026-07-10T17:49:37.522+0000] {manager.py:879} INFO - 
================================================================================
DAG File Processing Stats

File Path                                    PID    Runtime      # DAGs    # Errors  Last Runtime    Last Run
-------------------------------------------  -----  ---------  --------  ----------  --------------  -------------------
/opt/airflow/dags/marketing_campaign_dag.py                           1           0  0.22s           2026-07-10T17:49:33
================================================================================
[2026-07-10T17:50:07.837+0000] {manager.py:879} INFO - 
================================================================================
DAG File Processing Stats

File Path                                    PID    Runtime      # DAGs    # Errors  Last Runtime    Last Run
-------------------------------------------  -----  ---------  --------  ----------  --------------  -------------------
/opt/airflow/dags/marketing_campaign_dag.py                           1           0  0.08s           2026-07-10T17:50:03
================================================================================
[2026-07-10T17:50:37.984+0000] {manager.py:879} INFO - 
================================================================================
DAG File Processing Stats

File Path                                    PID    Runtime      # DAGs    # Errors  Last Runtime    Last Run
-------------------------------------------  -----  ---------  --------  ----------  --------------  -------------------
/opt/airflow/dags/marketing_campaign_dag.py                           1           0  0.08s           2026-07-10T17:50:34
================================================================================
[2026-07-10T17:51:08.108+0000] {manager.py:879} INFO - 
================================================================================
DAG File Processing Stats

File Path                                    PID    Runtime      # DAGs    # Errors  Last Runtime    Last Run
-------------------------------------------  -----  ---------  --------  ----------  --------------  -------------------
/opt/airflow/dags/marketing_campaign_dag.py                           1           0  0.22s           2026-07-10T17:51:04
================================================================================
[2026-07-10T17:51:38.409+0000] {manager.py:879} INFO - 
================================================================================
DAG File Processing Stats

File Path                                    PID    Runtime      # DAGs    # Errors  Last Runtime    Last Run
-------------------------------------------  -----  ---------  --------  ----------  --------------  -------------------
/opt/airflow/dags/marketing_campaign_dag.py                           1           0  0.22s           2026-07-10T17:51:34
================================================================================
[2026-07-10T17:52:02.496+0000] {manager.py:738} INFO - Searching for files in /opt/airflow/dags
[2026-07-10T17:52:02.497+0000] {manager.py:741} INFO - There are 1 files in /opt/airflow/dags
[2026-07-10T17:52:08.710+0000] {manager.py:879} INFO - 
================================================================================
DAG File Processing Stats

File Path                                    PID    Runtime      # DAGs    # Errors  Last Runtime    Last Run
-------------------------------------------  -----  ---------  --------  ----------  --------------  -------------------
/opt/airflow/dags/marketing_campaign_dag.py                           1           0  0.22s           2026-07-10T17:52:04
================================================================================
[2026-07-10T17:52:39.015+0000] {manager.py:879} INFO - 
================================================================================
DAG File Processing Stats

File Path                                    PID    Runtime      # DAGs    # Errors  Last Runtime    Last Run
-------------------------------------------  -----  ---------  --------  ----------  --------------  -------------------
/opt/airflow/dags/marketing_campaign_dag.py                           1           0  0.22s           2026-07-10T17:52:35
================================================================================
[2026-07-10T17:53:09.311+0000] {manager.py:879} INFO - 
================================================================================
DAG File Processing Stats

File Path                                    PID    Runtime      # DAGs    # Errors  Last Runtime    Last Run
-------------------------------------------  -----  ---------  --------  ----------  --------------  -------------------
/opt/airflow/dags/marketing_campaign_dag.py                           1           0  0.08s           2026-07-10T17:53:05
================================================================================
[2026-07-10T17:53:39.421+0000] {manager.py:879} INFO - 
================================================================================
DAG File Processing Stats

File Path                                    PID    Runtime      # DAGs    # Errors  Last Runtime    Last Run
-------------------------------------------  -----  ---------  --------  ----------  --------------  -------------------
/opt/airflow/dags/marketing_campaign_dag.py                           1           0  0.09s           2026-07-10T17:53:35
================================================================================
[2026-07-10T17:54:09.574+0000] {manager.py:879} INFO - 
================================================================================
DAG File Processing Stats

File Path                                    PID    Runtime      # DAGs    # Errors  Last Runtime    Last Run
-------------------------------------------  -----  ---------  --------  ----------  --------------  -------------------
/opt/airflow/dags/marketing_campaign_dag.py                           1           0  0.08s           2026-07-10T17:54:05
================================================================================
[2026-07-10T17:54:39.692+0000] {manager.py:879} INFO - 
================================================================================
DAG File Processing Stats

File Path                                    PID    Runtime      # DAGs    # Errors  Last Runtime    Last Run
-------------------------------------------  -----  ---------  --------  ----------  --------------  -------------------
/opt/airflow/dags/marketing_campaign_dag.py                           1           0  0.09s           2026-07-10T17:54:35
================================================================================
[2026-07-10T17:55:09.841+0000] {manager.py:879} INFO - 
================================================================================
DAG File Processing Stats

File Path                                    PID    Runtime      # DAGs    # Errors  Last Runtime    Last Run
-------------------------------------------  -----  ---------  --------  ----------  --------------  -------------------
/opt/airflow/dags/marketing_campaign_dag.py                           1           0  0.09s           2026-07-10T17:55:05
================================================================================
[2026-07-10T17:55:39.966+0000] {manager.py:879} INFO - 
================================================================================
DAG File Processing Stats

File Path                                    PID    Runtime      # DAGs    # Errors  Last Runtime    Last Run
-------------------------------------------  -----  ---------  --------  ----------  --------------  -------------------
/opt/airflow/dags/marketing_campaign_dag.py                           1           0  0.08s           2026-07-10T17:55:36
================================================================================
[2026-07-10T17:56:10.108+0000] {manager.py:879} INFO - 
================================================================================
DAG File Processing Stats

File Path                                    PID    Runtime      # DAGs    # Errors  Last Runtime    Last Run
-------------------------------------------  -----  ---------  --------  ----------  --------------  -------------------
/opt/airflow/dags/marketing_campaign_dag.py                           1           0  0.08s           2026-07-10T17:56:06
================================================================================
[2026-07-10T17:56:40.234+0000] {manager.py:879} INFO - 
================================================================================
DAG File Processing Stats

File Path                                    PID    Runtime      # DAGs    # Errors  Last Runtime    Last Run
-------------------------------------------  -----  ---------  --------  ----------  --------------  -------------------
/opt/airflow/dags/marketing_campaign_dag.py                           1           0  0.08s           2026-07-10T17:56:36
================================================================================
[2026-07-10T17:57:03.310+0000] {manager.py:738} INFO - Searching for files in /opt/airflow/dags
[2026-07-10T17:57:03.313+0000] {manager.py:741} INFO - There are 1 files in /opt/airflow/dags
[2026-07-10T17:57:10.371+0000] {manager.py:879} INFO - 
================================================================================
DAG File Processing Stats

File Path                                    PID    Runtime      # DAGs    # Errors  Last Runtime    Last Run
-------------------------------------------  -----  ---------  --------  ----------  --------------  -------------------
/opt/airflow/dags/marketing_campaign_dag.py                           1           0  0.11s           2026-07-10T17:57:06
================================================================================
[2026-07-10T17:57:40.528+0000] {manager.py:879} INFO - 
================================================================================
DAG File Processing Stats

File Path                                    PID    Runtime      # DAGs    # Errors  Last Runtime    Last Run
-------------------------------------------  -----  ---------  --------  ----------  --------------  -------------------
/opt/airflow/dags/marketing_campaign_dag.py                           1           0  0.08s           2026-07-10T17:57:36
================================================================================
[2026-07-10T17:58:10.643+0000] {manager.py:879} INFO - 
================================================================================
DAG File Processing Stats

File Path                                    PID    Runtime      # DAGs    # Errors  Last Runtime    Last Run
-------------------------------------------  -----  ---------  --------  ----------  --------------  -------------------
/opt/airflow/dags/marketing_campaign_dag.py                           1           0  0.08s           2026-07-10T17:58:06
================================================================================
[2026-07-10T17:58:40.787+0000] {manager.py:879} INFO - 
================================================================================
DAG File Processing Stats

File Path                                    PID    Runtime      # DAGs    # Errors  Last Runtime    Last Run
-------------------------------------------  -----  ---------  --------  ----------  --------------  -------------------
/opt/airflow/dags/marketing_campaign_dag.py                           1           0  0.09s           2026-07-10T17:58:36
================================================================================
[2026-07-10T17:59:10.914+0000] {manager.py:879} INFO - 
================================================================================
DAG File Processing Stats

File Path                                    PID    Runtime      # DAGs    # Errors  Last Runtime    Last Run
-------------------------------------------  -----  ---------  --------  ----------  --------------  -------------------
/opt/airflow/dags/marketing_campaign_dag.py                           1           0  0.08s           2026-07-10T17:59:06
================================================================================
[2026-07-10T17:59:41.051+0000] {manager.py:879} INFO - 
================================================================================
DAG File Processing Stats

File Path                                    PID    Runtime      # DAGs    # Errors  Last Runtime    Last Run
-------------------------------------------  -----  ---------  --------  ----------  --------------  -------------------
/opt/airflow/dags/marketing_campaign_dag.py                           1           0  0.09s           2026-07-10T17:59:37
================================================================================
[2026-07-10T18:00:11.205+0000] {manager.py:879} INFO - 
================================================================================
DAG File Processing Stats

File Path                                    PID    Runtime      # DAGs    # Errors  Last Runtime    Last Run
-------------------------------------------  -----  ---------  --------  ----------  --------------  -------------------
/opt/airflow/dags/marketing_campaign_dag.py                           1           0  0.21s           2026-07-10T18:00:07
================================================================================
[2026-07-10T18:00:41.478+0000] {manager.py:879} INFO - 
================================================================================
DAG File Processing Stats

File Path                                    PID    Runtime      # DAGs    # Errors  Last Runtime    Last Run
-------------------------------------------  -----  ---------  --------  ----------  --------------  -------------------
/opt/airflow/dags/marketing_campaign_dag.py                           1           0  0.61s           2026-07-10T18:00:28
================================================================================
[2026-07-10T18:01:12.180+0000] {manager.py:879} INFO - 
================================================================================
DAG File Processing Stats

File Path                                    PID    Runtime      # DAGs    # Errors  Last Runtime    Last Run
-------------------------------------------  -----  ---------  --------  ----------  --------------  -------------------
/opt/airflow/dags/marketing_campaign_dag.py                           1           0  0.10s           2026-07-10T18:00:58
================================================================================
[2026-07-10T18:01:42.349+0000] {manager.py:879} INFO - 
================================================================================
DAG File Processing Stats

File Path                                    PID    Runtime      # DAGs    # Errors  Last Runtime    Last Run
-------------------------------------------  -----  ---------  --------  ----------  --------------  -------------------
/opt/airflow/dags/marketing_campaign_dag.py                           1           0  0.09s           2026-07-10T18:01:28
================================================================================
[2026-07-10T18:02:03.428+0000] {manager.py:738} INFO - Searching for files in /opt/airflow/dags
[2026-07-10T18:02:03.430+0000] {manager.py:741} INFO - There are 1 files in /opt/airflow/dags
[2026-07-10T18:02:12.463+0000] {manager.py:879} INFO - 
================================================================================
DAG File Processing Stats

File Path                                    PID    Runtime      # DAGs    # Errors  Last Runtime    Last Run
-------------------------------------------  -----  ---------  --------  ----------  --------------  -------------------
/opt/airflow/dags/marketing_campaign_dag.py                           1           0  0.10s           2026-07-10T18:01:58
================================================================================
[2026-07-10T18:02:42.618+0000] {manager.py:879} INFO - 
================================================================================
DAG File Processing Stats

File Path                                    PID    Runtime      # DAGs    # Errors  Last Runtime    Last Run
-------------------------------------------  -----  ---------  --------  ----------  --------------  -------------------
/opt/airflow/dags/marketing_campaign_dag.py                           1           0  0.10s           2026-07-10T18:02:28
================================================================================
[2026-07-10T18:03:12.731+0000] {manager.py:879} INFO - 
================================================================================
DAG File Processing Stats

File Path                                    PID    Runtime      # DAGs    # Errors  Last Runtime    Last Run
-------------------------------------------  -----  ---------  --------  ----------  --------------  -------------------
/opt/airflow/dags/marketing_campaign_dag.py                           1           0  0.10s           2026-07-10T18:02:58
================================================================================
[2026-07-10T18:03:42.895+0000] {manager.py:879} INFO - 
================================================================================
DAG File Processing Stats

File Path                                    PID    Runtime      # DAGs    # Errors  Last Runtime    Last Run
-------------------------------------------  -----  ---------  --------  ----------  --------------  -------------------
/opt/airflow/dags/marketing_campaign_dag.py                           1           0  0.11s           2026-07-10T18:03:28
================================================================================
[2026-07-10T18:04:13.018+0000] {manager.py:879} INFO - 
================================================================================
DAG File Processing Stats

File Path                                    PID    Runtime      # DAGs    # Errors  Last Runtime    Last Run
-------------------------------------------  -----  ---------  --------  ----------  --------------  -------------------
/opt/airflow/dags/marketing_campaign_dag.py                           1           0  0.09s           2026-07-10T18:03:59
================================================================================
[2026-07-10T18:04:43.169+0000] {manager.py:879} INFO - 
================================================================================
DAG File Processing Stats

File Path                                    PID    Runtime      # DAGs    # Errors  Last Runtime    Last Run
-------------------------------------------  -----  ---------  --------  ----------  --------------  -------------------
/opt/airflow/dags/marketing_campaign_dag.py                           1           0  0.13s           2026-07-10T18:04:29
================================================================================
[2026-07-10T18:05:13.319+0000] {manager.py:879} INFO - 
================================================================================
DAG File Processing Stats

File Path                                    PID    Runtime      # DAGs    # Errors  Last Runtime    Last Run
-------------------------------------------  -----  ---------  --------  ----------  --------------  -------------------
/opt/airflow/dags/marketing_campaign_dag.py                           1           0  0.12s           2026-07-10T18:04:59
================================================================================
[2026-07-10T18:05:43.467+0000] {manager.py:879} INFO - 
================================================================================
DAG File Processing Stats

File Path                                    PID    Runtime      # DAGs    # Errors  Last Runtime    Last Run
-------------------------------------------  -----  ---------  --------  ----------  --------------  -------------------
/opt/airflow/dags/marketing_campaign_dag.py                           1           0  0.15s           2026-07-10T18:05:29
================================================================================
[2026-07-10T18:06:13.681+0000] {manager.py:879} INFO - 
================================================================================
DAG File Processing Stats

File Path                                    PID    Runtime      # DAGs    # Errors  Last Runtime    Last Run
-------------------------------------------  -----  ---------  --------  ----------  --------------  -------------------
/opt/airflow/dags/marketing_campaign_dag.py                           1           0  0.10s           2026-07-10T18:05:59
================================================================================
[2026-07-10T18:06:43.853+0000] {manager.py:879} INFO - 
================================================================================
DAG File Processing Stats

File Path                                    PID    Runtime      # DAGs    # Errors  Last Runtime    Last Run
-------------------------------------------  -----  ---------  --------  ----------  --------------  -------------------
/opt/airflow/dags/marketing_campaign_dag.py                           1           0  0.20s           2026-07-10T18:06:29
================================================================================
[2026-07-10T18:07:04.032+0000] {manager.py:738} INFO - Searching for files in /opt/airflow/dags
[2026-07-10T18:07:04.034+0000] {manager.py:741} INFO - There are 1 files in /opt/airflow/dags
[2026-07-10T18:07:14.078+0000] {manager.py:879} INFO - 
================================================================================
DAG File Processing Stats

File Path                                    PID    Runtime      # DAGs    # Errors  Last Runtime    Last Run
-------------------------------------------  -----  ---------  --------  ----------  --------------  -------------------
/opt/airflow/dags/marketing_campaign_dag.py                           1           0  0.09s           2026-07-10T18:07:00
================================================================================
[2026-07-10T18:07:44.233+0000] {manager.py:879} INFO - 
================================================================================
DAG File Processing Stats

File Path                                    PID    Runtime      # DAGs    # Errors  Last Runtime    Last Run
-------------------------------------------  -----  ---------  --------  ----------  --------------  -------------------
/opt/airflow/dags/marketing_campaign_dag.py                           1           0  0.10s           2026-07-10T18:07:30
================================================================================
[2026-07-10T18:08:14.361+0000] {manager.py:879} INFO - 
================================================================================
DAG File Processing Stats

File Path                                    PID    Runtime      # DAGs    # Errors  Last Runtime    Last Run
-------------------------------------------  -----  ---------  --------  ----------  --------------  -------------------
/opt/airflow/dags/marketing_campaign_dag.py                           1           0  0.10s           2026-07-10T18:08:00
================================================================================
[2026-07-10T18:08:44.506+0000] {manager.py:879} INFO - 
================================================================================
DAG File Processing Stats

File Path                                    PID    Runtime      # DAGs    # Errors  Last Runtime    Last Run
-------------------------------------------  -----  ---------  --------  ----------  --------------  -------------------
/opt/airflow/dags/marketing_campaign_dag.py                           1           0  0.10s           2026-07-10T18:08:30
================================================================================
[2026-07-10T18:09:14.647+0000] {manager.py:879} INFO - 
================================================================================
DAG File Processing Stats

File Path                                    PID    Runtime      # DAGs    # Errors  Last Runtime    Last Run
-------------------------------------------  -----  ---------  --------  ----------  --------------  -------------------
/opt/airflow/dags/marketing_campaign_dag.py                           1           0  0.15s           2026-07-10T18:09:00
================================================================================
[2026-07-10T18:09:44.866+0000] {manager.py:879} INFO - 
================================================================================
DAG File Processing Stats

File Path                                    PID    Runtime      # DAGs    # Errors  Last Runtime    Last Run
-------------------------------------------  -----  ---------  --------  ----------  --------------  -------------------
/opt/airflow/dags/marketing_campaign_dag.py                           1           0  0.12s           2026-07-10T18:09:30
================================================================================
[2026-07-10T18:10:15.064+0000] {manager.py:879} INFO - 
================================================================================
DAG File Processing Stats

File Path                                    PID    Runtime      # DAGs    # Errors  Last Runtime    Last Run
-------------------------------------------  -----  ---------  --------  ----------  --------------  -------------------
/opt/airflow/dags/marketing_campaign_dag.py                           1           0  0.11s           2026-07-10T18:10:01
================================================================================
[2026-07-10T18:10:45.241+0000] {manager.py:879} INFO - 
================================================================================
DAG File Processing Stats

File Path                                    PID    Runtime      # DAGs    # Errors  Last Runtime    Last Run
-------------------------------------------  -----  ---------  --------  ----------  --------------  -------------------
/opt/airflow/dags/marketing_campaign_dag.py                           1           0  0.26s           2026-07-10T18:10:31
================================================================================
[2026-07-10T18:11:15.524+0000] {manager.py:879} INFO - 
================================================================================
DAG File Processing Stats

File Path                                    PID    Runtime      # DAGs    # Errors  Last Runtime    Last Run
-------------------------------------------  -----  ---------  --------  ----------  --------------  -------------------
/opt/airflow/dags/marketing_campaign_dag.py                           1           0  0.12s           2026-07-10T18:11:01
================================================================================
[2026-07-10T18:11:45.723+0000] {manager.py:879} INFO - 
================================================================================
DAG File Processing Stats

File Path                                    PID    Runtime      # DAGs    # Errors  Last Runtime    Last Run
-------------------------------------------  -----  ---------  --------  ----------  --------------  -------------------
/opt/airflow/dags/marketing_campaign_dag.py                           1           0  0.09s           2026-07-10T18:11:31
================================================================================
[2026-07-10T18:12:04.852+0000] {manager.py:738} INFO - Searching for files in /opt/airflow/dags
[2026-07-10T18:12:04.854+0000] {manager.py:741} INFO - There are 1 files in /opt/airflow/dags
[2026-07-10T18:12:15.897+0000] {manager.py:879} INFO - 
================================================================================
DAG File Processing Stats

File Path                                    PID    Runtime      # DAGs    # Errors  Last Runtime    Last Run
-------------------------------------------  -----  ---------  --------  ----------  --------------  -------------------
/opt/airflow/dags/marketing_campaign_dag.py                           1           0  0.10s           2026-07-10T18:12:01
================================================================================
[2026-07-10T18:12:46.000+0000] {manager.py:879} INFO - 
================================================================================
DAG File Processing Stats

File Path                                    PID    Runtime      # DAGs    # Errors  Last Runtime    Last Run
-------------------------------------------  -----  ---------  --------  ----------  --------------  -------------------
/opt/airflow/dags/marketing_campaign_dag.py                           1           0  0.11s           2026-07-10T18:12:32
================================================================================
[2026-07-10T18:13:16.179+0000] {manager.py:879} INFO - 
================================================================================
DAG File Processing Stats

File Path                                    PID    Runtime      # DAGs    # Errors  Last Runtime    Last Run
-------------------------------------------  -----  ---------  --------  ----------  --------------  -------------------
/opt/airflow/dags/marketing_campaign_dag.py                           1           0  0.09s           2026-07-10T18:13:02
================================================================================
[2026-07-10T18:13:46.284+0000] {manager.py:879} INFO - 
================================================================================
DAG File Processing Stats

File Path                                    PID    Runtime      # DAGs    # Errors  Last Runtime    Last Run
-------------------------------------------  -----  ---------  --------  ----------  --------------  -------------------
/opt/airflow/dags/marketing_campaign_dag.py                           1           0  0.09s           2026-07-10T18:13:32
================================================================================
[2026-07-10T18:14:16.443+0000] {manager.py:879} INFO - 
================================================================================
DAG File Processing Stats

File Path                                    PID    Runtime      # DAGs    # Errors  Last Runtime    Last Run
-------------------------------------------  -----  ---------  --------  ----------  --------------  -------------------
/opt/airflow/dags/marketing_campaign_dag.py                           1           0  0.09s           2026-07-10T18:14:02
================================================================================
[2026-07-10T18:14:46.554+0000] {manager.py:879} INFO - 
================================================================================
DAG File Processing Stats

File Path                                    PID    Runtime      # DAGs    # Errors  Last Runtime    Last Run
-------------------------------------------  -----  ---------  --------  ----------  --------------  -------------------
/opt/airflow/dags/marketing_campaign_dag.py                           1           0  0.10s           2026-07-10T18:14:32
================================================================================
[2026-07-10T18:15:16.719+0000] {manager.py:879} INFO - 
================================================================================
DAG File Processing Stats

File Path                                    PID    Runtime      # DAGs    # Errors  Last Runtime    Last Run
-------------------------------------------  -----  ---------  --------  ----------  --------------  -------------------
/opt/airflow/dags/marketing_campaign_dag.py                           1           0  0.09s           2026-07-10T18:15:02
================================================================================
[2026-07-10T18:15:46.830+0000] {manager.py:879} INFO - 
================================================================================
DAG File Processing Stats

File Path                                    PID    Runtime      # DAGs    # Errors  Last Runtime    Last Run
-------------------------------------------  -----  ---------  --------  ----------  --------------  -------------------
/opt/airflow/dags/marketing_campaign_dag.py                           1           0  0.10s           2026-07-10T18:15:32
================================================================================
[2026-07-10T18:16:16.999+0000] {manager.py:879} INFO - 
================================================================================
DAG File Processing Stats

File Path                                    PID    Runtime      # DAGs    # Errors  Last Runtime    Last Run
-------------------------------------------  -----  ---------  --------  ----------  --------------  -------------------
/opt/airflow/dags/marketing_campaign_dag.py                           1           0  0.11s           2026-07-10T18:16:02
================================================================================
[2026-07-10T18:16:47.109+0000] {manager.py:879} INFO - 
================================================================================
DAG File Processing Stats

File Path                                    PID    Runtime      # DAGs    # Errors  Last Runtime    Last Run
-------------------------------------------  -----  ---------  --------  ----------  --------------  -------------------
/opt/airflow/dags/marketing_campaign_dag.py                           1           0  0.10s           2026-07-10T18:16:33
================================================================================
[2026-07-10T18:17:05.234+0000] {manager.py:738} INFO - Searching for files in /opt/airflow/dags
[2026-07-10T18:17:05.236+0000] {manager.py:741} INFO - There are 1 files in /opt/airflow/dags
[2026-07-10T18:17:17.279+0000] {manager.py:879} INFO - 
================================================================================
DAG File Processing Stats

File Path                                    PID    Runtime      # DAGs    # Errors  Last Runtime    Last Run
-------------------------------------------  -----  ---------  --------  ----------  --------------  -------------------
/opt/airflow/dags/marketing_campaign_dag.py                           1           0  0.11s           2026-07-10T18:17:03
================================================================================
[2026-07-10T18:17:47.392+0000] {manager.py:879} INFO - 
================================================================================
DAG File Processing Stats

File Path                                    PID    Runtime      # DAGs    # Errors  Last Runtime    Last Run
-------------------------------------------  -----  ---------  --------  ----------  --------------  -------------------
/opt/airflow/dags/marketing_campaign_dag.py                           1           0  0.10s           2026-07-10T18:17:33
================================================================================
[2026-07-10T18:18:17.548+0000] {manager.py:879} INFO - 
================================================================================
DAG File Processing Stats

File Path                                    PID    Runtime      # DAGs    # Errors  Last Runtime    Last Run
-------------------------------------------  -----  ---------  --------  ----------  --------------  -------------------
/opt/airflow/dags/marketing_campaign_dag.py                           1           0  0.11s           2026-07-10T18:18:03
================================================================================
[2026-07-10T18:18:47.675+0000] {manager.py:879} INFO - 
================================================================================
DAG File Processing Stats

File Path                                    PID    Runtime      # DAGs    # Errors  Last Runtime    Last Run
-------------------------------------------  -----  ---------  --------  ----------  --------------  -------------------
/opt/airflow/dags/marketing_campaign_dag.py                           1           0  0.10s           2026-07-10T18:18:33
================================================================================
[2026-07-10T18:19:17.825+0000] {manager.py:879} INFO - 
================================================================================
DAG File Processing Stats

File Path                                    PID    Runtime      # DAGs    # Errors  Last Runtime    Last Run
-------------------------------------------  -----  ---------  --------  ----------  --------------  -------------------
/opt/airflow/dags/marketing_campaign_dag.py                           1           0  0.10s           2026-07-10T18:19:03
================================================================================
[2026-07-10T18:19:47.943+0000] {manager.py:879} INFO - 
================================================================================
DAG File Processing Stats

File Path                                    PID    Runtime      # DAGs    # Errors  Last Runtime    Last Run
-------------------------------------------  -----  ---------  --------  ----------  --------------  -------------------
/opt/airflow/dags/marketing_campaign_dag.py                           1           0  0.21s           2026-07-10T18:19:34
================================================================================
[2026-07-10T18:20:18.217+0000] {manager.py:879} INFO - 
================================================================================
DAG File Processing Stats

File Path                                    PID    Runtime      # DAGs    # Errors  Last Runtime    Last Run
-------------------------------------------  -----  ---------  --------  ----------  --------------  -------------------
/opt/airflow/dags/marketing_campaign_dag.py                           1           0  0.10s           2026-07-10T18:20:04
================================================================================
[2026-07-10T18:20:48.411+0000] {manager.py:879} INFO - 
================================================================================
DAG File Processing Stats

File Path                                    PID    Runtime      # DAGs    # Errors  Last Runtime    Last Run
-------------------------------------------  -----  ---------  --------  ----------  --------------  -------------------
/opt/airflow/dags/marketing_campaign_dag.py                           1           0  0.14s           2026-07-10T18:20:34
================================================================================
[2026-07-10T18:21:18.630+0000] {manager.py:879} INFO - 
================================================================================
DAG File Processing Stats

File Path                                    PID    Runtime      # DAGs    # Errors  Last Runtime    Last Run
-------------------------------------------  -----  ---------  --------  ----------  --------------  -------------------
/opt/airflow/dags/marketing_campaign_dag.py                           1           0  0.18s           2026-07-10T18:21:04
================================================================================
[2026-07-10T18:21:48.902+0000] {manager.py:879} INFO - 
================================================================================
DAG File Processing Stats

File Path                                    PID    Runtime      # DAGs    # Errors  Last Runtime    Last Run
-------------------------------------------  -----  ---------  --------  ----------  --------------  -------------------
/opt/airflow/dags/marketing_campaign_dag.py                           1           0  0.18s           2026-07-10T18:21:35
================================================================================
[2026-07-10T18:22:05.470+0000] {manager.py:738} INFO - Searching for files in /opt/airflow/dags
[2026-07-10T18:22:05.474+0000] {manager.py:741} INFO - There are 1 files in /opt/airflow/dags
[2026-07-10T18:22:19.273+0000] {manager.py:879} INFO - 
================================================================================
DAG File Processing Stats

File Path                                    PID    Runtime      # DAGs    # Errors  Last Runtime    Last Run
-------------------------------------------  -----  ---------  --------  ----------  --------------  -------------------
/opt/airflow/dags/marketing_campaign_dag.py                           1           0  0.30s           2026-07-10T18:22:05
================================================================================
[2026-07-10T18:22:49.664+0000] {manager.py:879} INFO - 
================================================================================
DAG File Processing Stats

File Path                                    PID    Runtime      # DAGs    # Errors  Last Runtime    Last Run
-------------------------------------------  -----  ---------  --------  ----------  --------------  -------------------
/opt/airflow/dags/marketing_campaign_dag.py                           1           0  0.15s           2026-07-10T18:22:35
================================================================================
[2026-07-10T18:23:19.924+0000] {manager.py:879} INFO - 
================================================================================
DAG File Processing Stats

File Path                                    PID    Runtime      # DAGs    # Errors  Last Runtime    Last Run
-------------------------------------------  -----  ---------  --------  ----------  --------------  -------------------
/opt/airflow/dags/marketing_campaign_dag.py                           1           0  0.11s           2026-07-10T18:23:05
================================================================================
[2026-07-10T18:23:50.142+0000] {manager.py:879} INFO - 
================================================================================
DAG File Processing Stats

File Path                                    PID    Runtime      # DAGs    # Errors  Last Runtime    Last Run
-------------------------------------------  -----  ---------  --------  ----------  --------------  -------------------
/opt/airflow/dags/marketing_campaign_dag.py                           1           0  0.16s           2026-07-10T18:23:36
================================================================================
[2026-07-10T18:24:20.231+0000] {manager.py:879} INFO - 
================================================================================
DAG File Processing Stats

File Path                                    PID    Runtime      # DAGs    # Errors  Last Runtime    Last Run
-------------------------------------------  -----  ---------  --------  ----------  --------------  -------------------
/opt/airflow/dags/marketing_campaign_dag.py                           1           0  9.94s           2026-07-10T18:24:16
================================================================================
[2026-07-10T18:24:50.320+0000] {manager.py:879} INFO - 
================================================================================
DAG File Processing Stats

File Path                                    PID    Runtime      # DAGs    # Errors  Last Runtime    Last Run
-------------------------------------------  -----  ---------  --------  ----------  --------------  -------------------
/opt/airflow/dags/marketing_campaign_dag.py                           1           0  0.21s           2026-07-10T18:24:46
================================================================================
[2026-07-10T18:25:20.537+0000] {manager.py:879} INFO - 
================================================================================
DAG File Processing Stats

File Path                                    PID    Runtime      # DAGs    # Errors  Last Runtime    Last Run
-------------------------------------------  -----  ---------  --------  ----------  --------------  -------------------
/opt/airflow/dags/marketing_campaign_dag.py                           1           0  0.09s           2026-07-10T18:25:16
================================================================================
[2026-07-10T18:25:50.705+0000] {manager.py:879} INFO - 
================================================================================
DAG File Processing Stats

File Path                                    PID    Runtime      # DAGs    # Errors  Last Runtime    Last Run
-------------------------------------------  -----  ---------  --------  ----------  --------------  -------------------
/opt/airflow/dags/marketing_campaign_dag.py                           1           0  0.10s           2026-07-10T18:25:46
================================================================================
[2026-07-10T18:26:20.823+0000] {manager.py:879} INFO - 
================================================================================
DAG File Processing Stats

File Path                                    PID    Runtime      # DAGs    # Errors  Last Runtime    Last Run
-------------------------------------------  -----  ---------  --------  ----------  --------------  -------------------
/opt/airflow/dags/marketing_campaign_dag.py                           1           0  0.10s           2026-07-10T18:26:16
================================================================================
[2026-07-10T18:26:50.983+0000] {manager.py:879} INFO - 
================================================================================
DAG File Processing Stats

File Path                                    PID    Runtime      # DAGs    # Errors  Last Runtime    Last Run
-------------------------------------------  -----  ---------  --------  ----------  --------------  -------------------
/opt/airflow/dags/marketing_campaign_dag.py                           1           0  0.11s           2026-07-10T18:26:47
================================================================================
[2026-07-10T18:27:06.033+0000] {manager.py:738} INFO - Searching for files in /opt/airflow/dags
[2026-07-10T18:27:06.035+0000] {manager.py:741} INFO - There are 1 files in /opt/airflow/dags
[2026-07-10T18:27:21.111+0000] {manager.py:879} INFO - 
================================================================================
DAG File Processing Stats

File Path                                    PID    Runtime      # DAGs    # Errors  Last Runtime    Last Run
-------------------------------------------  -----  ---------  --------  ----------  --------------  -------------------
/opt/airflow/dags/marketing_campaign_dag.py                           1           0  0.10s           2026-07-10T18:27:17
================================================================================
[2026-07-10T18:27:51.272+0000] {manager.py:879} INFO - 
================================================================================
DAG File Processing Stats

File Path                                    PID    Runtime      # DAGs    # Errors  Last Runtime    Last Run
-------------------------------------------  -----  ---------  --------  ----------  --------------  -------------------
/opt/airflow/dags/marketing_campaign_dag.py                           1           0  0.12s           2026-07-10T18:27:47
================================================================================
[2026-07-10T18:28:21.400+0000] {manager.py:879} INFO - 
================================================================================
DAG File Processing Stats

File Path                                    PID    Runtime      # DAGs    # Errors  Last Runtime    Last Run
-------------------------------------------  -----  ---------  --------  ----------  --------------  -------------------
/opt/airflow/dags/marketing_campaign_dag.py                           1           0  0.10s           2026-07-10T18:28:17
================================================================================
[2026-07-10T18:28:51.553+0000] {manager.py:879} INFO - 
================================================================================
DAG File Processing Stats

File Path                                    PID    Runtime      # DAGs    # Errors  Last Runtime    Last Run
-------------------------------------------  -----  ---------  --------  ----------  --------------  -------------------
/opt/airflow/dags/marketing_campaign_dag.py                           1           0  0.12s           2026-07-10T18:28:47
================================================================================
[2026-07-10T18:29:21.688+0000] {manager.py:879} INFO - 
================================================================================
DAG File Processing Stats

File Path                                    PID    Runtime      # DAGs    # Errors  Last Runtime    Last Run
-------------------------------------------  -----  ---------  --------  ----------  --------------  -------------------
/opt/airflow/dags/marketing_campaign_dag.py                           1           0  0.10s           2026-07-10T18:29:17
================================================================================
[2026-07-10T18:29:51.834+0000] {manager.py:879} INFO - 
================================================================================
DAG File Processing Stats

File Path                                    PID    Runtime      # DAGs    # Errors  Last Runtime    Last Run
-------------------------------------------  -----  ---------  --------  ----------  --------------  -------------------
/opt/airflow/dags/marketing_campaign_dag.py                           1           0  0.09s           2026-07-10T18:29:47
================================================================================
[2026-07-10T18:30:21.952+0000] {manager.py:879} INFO - 
================================================================================
DAG File Processing Stats

File Path                                    PID    Runtime      # DAGs    # Errors  Last Runtime    Last Run
-------------------------------------------  -----  ---------  --------  ----------  --------------  -------------------
/opt/airflow/dags/marketing_campaign_dag.py                           1           0  0.24s           2026-07-10T18:30:18
================================================================================
[2026-07-10T18:30:52.282+0000] {manager.py:879} INFO - 
================================================================================
DAG File Processing Stats

File Path                                    PID    Runtime      # DAGs    # Errors  Last Runtime    Last Run
-------------------------------------------  -----  ---------  --------  ----------  --------------  -------------------
/opt/airflow/dags/marketing_campaign_dag.py                           1           0  0.22s           2026-07-10T18:30:48
================================================================================
[2026-07-10T18:31:22.590+0000] {manager.py:879} INFO - 
================================================================================
DAG File Processing Stats

File Path                                    PID    Runtime      # DAGs    # Errors  Last Runtime    Last Run
-------------------------------------------  -----  ---------  --------  ----------  --------------  -------------------
/opt/airflow/dags/marketing_campaign_dag.py                           1           0  0.16s           2026-07-10T18:31:18
================================================================================
[2026-07-10T18:31:52.846+0000] {manager.py:879} INFO - 
================================================================================
DAG File Processing Stats

File Path                                    PID    Runtime      # DAGs    # Errors  Last Runtime    Last Run
-------------------------------------------  -----  ---------  --------  ----------  --------------  -------------------
/opt/airflow/dags/marketing_campaign_dag.py                           1           0  0.12s           2026-07-10T18:31:48
================================================================================
[2026-07-10T18:32:06.894+0000] {manager.py:738} INFO - Searching for files in /opt/airflow/dags
[2026-07-10T18:32:06.895+0000] {manager.py:741} INFO - There are 1 files in /opt/airflow/dags
[2026-07-10T18:32:23.034+0000] {manager.py:879} INFO - 
================================================================================
DAG File Processing Stats

File Path                                    PID    Runtime      # DAGs    # Errors  Last Runtime    Last Run
-------------------------------------------  -----  ---------  --------  ----------  --------------  -------------------
/opt/airflow/dags/marketing_campaign_dag.py                           1           0  0.10s           2026-07-10T18:32:19
================================================================================
[2026-07-10T18:32:53.149+0000] {manager.py:879} INFO - 
================================================================================
DAG File Processing Stats

File Path                                    PID    Runtime      # DAGs    # Errors  Last Runtime    Last Run
-------------------------------------------  -----  ---------  --------  ----------  --------------  -------------------
/opt/airflow/dags/marketing_campaign_dag.py                           1           0  0.13s           2026-07-10T18:32:49
================================================================================
[2026-07-10T18:33:23.377+0000] {manager.py:879} INFO - 
================================================================================
DAG File Processing Stats

File Path                                    PID    Runtime      # DAGs    # Errors  Last Runtime    Last Run
-------------------------------------------  -----  ---------  --------  ----------  --------------  -------------------
/opt/airflow/dags/marketing_campaign_dag.py                           1           0  0.15s           2026-07-10T18:33:19
================================================================================
[2026-07-10T18:33:53.574+0000] {manager.py:879} INFO - 
================================================================================
DAG File Processing Stats

File Path                                    PID    Runtime      # DAGs    # Errors  Last Runtime    Last Run
-------------------------------------------  -----  ---------  --------  ----------  --------------  -------------------
/opt/airflow/dags/marketing_campaign_dag.py                           1           0  0.13s           2026-07-10T18:33:49
================================================================================
[2026-07-10T18:34:23.782+0000] {manager.py:879} INFO - 
================================================================================
DAG File Processing Stats

File Path                                    PID    Runtime      # DAGs    # Errors  Last Runtime    Last Run
-------------------------------------------  -----  ---------  --------  ----------  --------------  -------------------
/opt/airflow/dags/marketing_campaign_dag.py                           1           0  0.10s           2026-07-10T18:34:19
================================================================================
[2026-07-10T18:34:53.962+0000] {manager.py:879} INFO - 
================================================================================
DAG File Processing Stats

File Path                                    PID    Runtime      # DAGs    # Errors  Last Runtime    Last Run
-------------------------------------------  -----  ---------  --------  ----------  --------------  -------------------
/opt/airflow/dags/marketing_campaign_dag.py                           1           0  0.17s           2026-07-10T18:34:50
================================================================================
[2026-07-10T18:35:24.223+0000] {manager.py:879} INFO - 
================================================================================
DAG File Processing Stats

File Path                                    PID    Runtime      # DAGs    # Errors  Last Runtime    Last Run
-------------------------------------------  -----  ---------  --------  ----------  --------------  -------------------
/opt/airflow/dags/marketing_campaign_dag.py                           1           0  0.11s           2026-07-10T18:35:20
================================================================================
[2026-07-10T18:35:54.397+0000] {manager.py:879} INFO - 
================================================================================
DAG File Processing Stats

File Path                                    PID    Runtime      # DAGs    # Errors  Last Runtime    Last Run
-------------------------------------------  -----  ---------  --------  ----------  --------------  -------------------
/opt/airflow/dags/marketing_campaign_dag.py                           1           0  0.10s           2026-07-10T18:35:50
================================================================================
[2026-07-10T18:36:24.502+0000] {manager.py:879} INFO - 
================================================================================
DAG File Processing Stats

File Path                                    PID    Runtime      # DAGs    # Errors  Last Runtime    Last Run
-------------------------------------------  -----  ---------  --------  ----------  --------------  -------------------
/opt/airflow/dags/marketing_campaign_dag.py                           1           0  0.10s           2026-07-10T18:36:20
================================================================================
[2026-07-10T18:36:54.654+0000] {manager.py:879} INFO - 
================================================================================
DAG File Processing Stats

File Path                                    PID    Runtime      # DAGs    # Errors  Last Runtime    Last Run
-------------------------------------------  -----  ---------  --------  ----------  --------------  -------------------
/opt/airflow/dags/marketing_campaign_dag.py                           1           0  0.11s           2026-07-10T18:36:50
================================================================================
[2026-07-10T18:37:07.719+0000] {manager.py:738} INFO - Searching for files in /opt/airflow/dags
[2026-07-10T18:37:07.721+0000] {manager.py:741} INFO - There are 1 files in /opt/airflow/dags
[2026-07-10T18:37:24.791+0000] {manager.py:879} INFO - 
================================================================================
DAG File Processing Stats

File Path                                    PID    Runtime      # DAGs    # Errors  Last Runtime    Last Run
-------------------------------------------  -----  ---------  --------  ----------  --------------  -------------------
/opt/airflow/dags/marketing_campaign_dag.py                           1           0  0.09s           2026-07-10T18:37:20
================================================================================
[2026-07-10T18:37:54.949+0000] {manager.py:879} INFO - 
================================================================================
DAG File Processing Stats

File Path                                    PID    Runtime      # DAGs    # Errors  Last Runtime    Last Run
-------------------------------------------  -----  ---------  --------  ----------  --------------  -------------------
/opt/airflow/dags/marketing_campaign_dag.py                           1           0  0.12s           2026-07-10T18:37:50
================================================================================
[2026-07-10T18:38:25.079+0000] {manager.py:879} INFO - 
================================================================================
DAG File Processing Stats

File Path                                    PID    Runtime      # DAGs    # Errors  Last Runtime    Last Run
-------------------------------------------  -----  ---------  --------  ----------  --------------  -------------------
/opt/airflow/dags/marketing_campaign_dag.py                           1           0  0.10s           2026-07-10T18:38:21
================================================================================
[2026-07-10T18:38:55.224+0000] {manager.py:879} INFO - 
================================================================================
DAG File Processing Stats

File Path                                    PID    Runtime      # DAGs    # Errors  Last Runtime    Last Run
-------------------------------------------  -----  ---------  --------  ----------  --------------  -------------------
/opt/airflow/dags/marketing_campaign_dag.py                           1           0  0.11s           2026-07-10T18:38:51
================================================================================
[2026-07-10T18:39:25.358+0000] {manager.py:879} INFO - 
================================================================================
DAG File Processing Stats

File Path                                    PID    Runtime      # DAGs    # Errors  Last Runtime    Last Run
-------------------------------------------  -----  ---------  --------  ----------  --------------  -------------------
/opt/airflow/dags/marketing_campaign_dag.py                           1           0  0.11s           2026-07-10T18:39:21
================================================================================
[2026-07-10T18:39:55.507+0000] {manager.py:879} INFO - 
================================================================================
DAG File Processing Stats

File Path                                    PID    Runtime      # DAGs    # Errors  Last Runtime    Last Run
-------------------------------------------  -----  ---------  --------  ----------  --------------  -------------------
/opt/airflow/dags/marketing_campaign_dag.py                           1           0  0.12s           2026-07-10T18:39:51
================================================================================
[2026-07-10T18:40:25.659+0000] {manager.py:879} INFO - 
================================================================================
DAG File Processing Stats

File Path                                    PID    Runtime      # DAGs    # Errors  Last Runtime    Last Run
-------------------------------------------  -----  ---------  --------  ----------  --------------  -------------------
/opt/airflow/dags/marketing_campaign_dag.py                           1           0  0.13s           2026-07-10T18:40:21
================================================================================
[2026-07-10T18:40:55.822+0000] {manager.py:879} INFO - 
================================================================================
DAG File Processing Stats

File Path                                    PID    Runtime      # DAGs    # Errors  Last Runtime    Last Run
-------------------------------------------  -----  ---------  --------  ----------  --------------  -------------------
/opt/airflow/dags/marketing_campaign_dag.py                           1           0  0.10s           2026-07-10T18:40:51
================================================================================
[2026-07-10T18:41:25.935+0000] {manager.py:879} INFO - 
================================================================================
DAG File Processing Stats

File Path                                    PID    Runtime      # DAGs    # Errors  Last Runtime    Last Run
-------------------------------------------  -----  ---------  --------  ----------  --------------  -------------------
/opt/airflow/dags/marketing_campaign_dag.py                           1           0  0.12s           2026-07-10T18:41:22
================================================================================
[2026-07-10T18:41:56.114+0000] {manager.py:879} INFO - 
================================================================================
DAG File Processing Stats

File Path                                    PID    Runtime      # DAGs    # Errors  Last Runtime    Last Run
-------------------------------------------  -----  ---------  --------  ----------  --------------  -------------------
/opt/airflow/dags/marketing_campaign_dag.py                           1           0  0.11s           2026-07-10T18:41:52
================================================================================
[2026-07-10T18:42:08.154+0000] {manager.py:738} INFO - Searching for files in /opt/airflow/dags
[2026-07-10T18:42:08.156+0000] {manager.py:741} INFO - There are 1 files in /opt/airflow/dags
[2026-07-10T18:42:26.309+0000] {manager.py:879} INFO - 
================================================================================
DAG File Processing Stats

File Path                                    PID    Runtime      # DAGs    # Errors  Last Runtime    Last Run
-------------------------------------------  -----  ---------  --------  ----------  --------------  -------------------
/opt/airflow/dags/marketing_campaign_dag.py                           1           0  0.11s           2026-07-10T18:42:22
================================================================================
[2026-07-10T18:42:56.506+0000] {manager.py:879} INFO - 
================================================================================
DAG File Processing Stats

File Path                                    PID    Runtime      # DAGs    # Errors  Last Runtime    Last Run
-------------------------------------------  -----  ---------  --------  ----------  --------------  -------------------
/opt/airflow/dags/marketing_campaign_dag.py                           1           0  0.13s           2026-07-10T18:42:52
================================================================================
[2026-07-10T18:43:26.710+0000] {manager.py:879} INFO - 
================================================================================
DAG File Processing Stats

File Path                                    PID    Runtime      # DAGs    # Errors  Last Runtime    Last Run
-------------------------------------------  -----  ---------  --------  ----------  --------------  -------------------
/opt/airflow/dags/marketing_campaign_dag.py                           1           0  0.09s           2026-07-10T18:43:22
================================================================================
[2026-07-10T18:43:56.881+0000] {manager.py:879} INFO - 
================================================================================
DAG File Processing Stats

File Path                                    PID    Runtime      # DAGs    # Errors  Last Runtime    Last Run
-------------------------------------------  -----  ---------  --------  ----------  --------------  -------------------
/opt/airflow/dags/marketing_campaign_dag.py                           1           0  0.10s           2026-07-10T18:43:52
================================================================================
[2026-07-10T18:44:27.001+0000] {manager.py:879} INFO - 
================================================================================
DAG File Processing Stats

File Path                                    PID    Runtime      # DAGs    # Errors  Last Runtime    Last Run
-------------------------------------------  -----  ---------  --------  ----------  --------------  -------------------
/opt/airflow/dags/marketing_campaign_dag.py                           1           0  0.11s           2026-07-10T18:44:23
================================================================================
[2026-07-10T18:44:57.174+0000] {manager.py:879} INFO - 
================================================================================
DAG File Processing Stats

File Path                                    PID    Runtime      # DAGs    # Errors  Last Runtime    Last Run
-------------------------------------------  -----  ---------  --------  ----------  --------------  -------------------
/opt/airflow/dags/marketing_campaign_dag.py                           1           0  0.10s           2026-07-10T18:44:53
================================================================================
[2026-07-10T18:45:27.293+0000] {manager.py:879} INFO - 
================================================================================
DAG File Processing Stats

File Path                                    PID    Runtime      # DAGs    # Errors  Last Runtime    Last Run
-------------------------------------------  -----  ---------  --------  ----------  --------------  -------------------
/opt/airflow/dags/marketing_campaign_dag.py                           1           0  0.20s           2026-07-10T18:45:23
================================================================================
[2026-07-10T18:45:57.573+0000] {manager.py:879} INFO - 
================================================================================
DAG File Processing Stats

File Path                                    PID    Runtime      # DAGs    # Errors  Last Runtime    Last Run
-------------------------------------------  -----  ---------  --------  ----------  --------------  -------------------
/opt/airflow/dags/marketing_campaign_dag.py                           1           0  0.11s           2026-07-10T18:45:53
================================================================================
[2026-07-10T18:46:27.749+0000] {manager.py:879} INFO - 
================================================================================
DAG File Processing Stats

File Path                                    PID    Runtime      # DAGs    # Errors  Last Runtime    Last Run
-------------------------------------------  -----  ---------  --------  ----------  --------------  -------------------
/opt/airflow/dags/marketing_campaign_dag.py                           1           0  0.11s           2026-07-10T18:46:23
================================================================================
[2026-07-10T18:46:57.862+0000] {manager.py:879} INFO - 
================================================================================
DAG File Processing Stats

File Path                                    PID    Runtime      # DAGs    # Errors  Last Runtime    Last Run
-------------------------------------------  -----  ---------  --------  ----------  --------------  -------------------
/opt/airflow/dags/marketing_campaign_dag.py                           1           0  0.12s           2026-07-10T18:46:53
================================================================================
[2026-07-10T18:47:08.897+0000] {manager.py:738} INFO - Searching for files in /opt/airflow/dags
[2026-07-10T18:47:08.899+0000] {manager.py:741} INFO - There are 1 files in /opt/airflow/dags
[2026-07-10T18:47:28.050+0000] {manager.py:879} INFO - 
================================================================================
DAG File Processing Stats

File Path                                    PID    Runtime      # DAGs    # Errors  Last Runtime    Last Run
-------------------------------------------  -----  ---------  --------  ----------  --------------  -------------------
/opt/airflow/dags/marketing_campaign_dag.py                           1           0  0.10s           2026-07-10T18:47:24
================================================================================
[2026-07-10T18:47:58.164+0000] {manager.py:879} INFO - 
================================================================================
DAG File Processing Stats

File Path                                    PID    Runtime      # DAGs    # Errors  Last Runtime    Last Run
-------------------------------------------  -----  ---------  --------  ----------  --------------  -------------------
/opt/airflow/dags/marketing_campaign_dag.py                           1           0  0.20s           2026-07-10T18:47:54
================================================================================
[2026-07-10T18:48:28.447+0000] {manager.py:879} INFO - 
================================================================================
DAG File Processing Stats

File Path                                    PID    Runtime      # DAGs    # Errors  Last Runtime    Last Run
-------------------------------------------  -----  ---------  --------  ----------  --------------  -------------------
/opt/airflow/dags/marketing_campaign_dag.py                           1           0  0.13s           2026-07-10T18:48:24
================================================================================
[2026-07-10T18:48:58.662+0000] {manager.py:879} INFO - 
================================================================================
DAG File Processing Stats

File Path                                    PID    Runtime      # DAGs    # Errors  Last Runtime    Last Run
-------------------------------------------  -----  ---------  --------  ----------  --------------  -------------------
/opt/airflow/dags/marketing_campaign_dag.py                           1           0  0.13s           2026-07-10T18:48:54
================================================================================
[2026-07-10T18:49:29.403+0000] {manager.py:879} INFO - 
================================================================================
DAG File Processing Stats

File Path                                    PID    Runtime      # DAGs    # Errors  Last Runtime    Last Run
-------------------------------------------  -----  ---------  --------  ----------  --------------  -------------------
/opt/airflow/dags/marketing_campaign_dag.py                           1           0  0.13s           2026-07-10T18:49:25
================================================================================
[2026-07-10T18:49:59.607+0000] {manager.py:879} INFO - 
================================================================================
DAG File Processing Stats

File Path                                    PID    Runtime      # DAGs    # Errors  Last Runtime    Last Run
-------------------------------------------  -----  ---------  --------  ----------  --------------  -------------------
/opt/airflow/dags/marketing_campaign_dag.py                           1           0  0.15s           2026-07-10T18:49:55
================================================================================
[2026-07-10T18:50:29.845+0000] {manager.py:879} INFO - 
================================================================================
DAG File Processing Stats

File Path                                    PID    Runtime      # DAGs    # Errors  Last Runtime    Last Run
-------------------------------------------  -----  ---------  --------  ----------  --------------  -------------------
/opt/airflow/dags/marketing_campaign_dag.py                           1           0  0.18s           2026-07-10T18:50:25
================================================================================
[2026-07-10T18:51:00.065+0000] {manager.py:879} INFO - 
================================================================================
DAG File Processing Stats

File Path                                    PID    Runtime      # DAGs    # Errors  Last Runtime    Last Run
-------------------------------------------  -----  ---------  --------  ----------  --------------  -------------------
/opt/airflow/dags/marketing_campaign_dag.py                           1           0  0.15s           2026-07-10T18:50:56
================================================================================
[2026-07-10T18:51:30.135+0000] {manager.py:879} INFO - 
================================================================================
DAG File Processing Stats

File Path                                    PID    Runtime      # DAGs    # Errors  Last Runtime    Last Run
-------------------------------------------  -----  ---------  --------  ----------  --------------  -------------------
/opt/airflow/dags/marketing_campaign_dag.py                           1           0  0.19s           2026-07-10T18:51:27
================================================================================
[2026-07-10T18:52:00.231+0000] {manager.py:879} INFO - 
================================================================================
DAG File Processing Stats

File Path                                    PID    Runtime      # DAGs    # Errors  Last Runtime    Last Run
-------------------------------------------  -----  ---------  --------  ----------  --------------  -------------------
/opt/airflow/dags/marketing_campaign_dag.py                           1           0  0.15s           2026-07-10T18:51:57
================================================================================
[2026-07-10T18:52:09.293+0000] {manager.py:738} INFO - Searching for files in /opt/airflow/dags
[2026-07-10T18:52:09.294+0000] {manager.py:741} INFO - There are 1 files in /opt/airflow/dags
[2026-07-10T18:52:30.456+0000] {manager.py:879} INFO - 
================================================================================
DAG File Processing Stats

File Path                                    PID    Runtime      # DAGs    # Errors  Last Runtime    Last Run
-------------------------------------------  -----  ---------  --------  ----------  --------------  -------------------
/opt/airflow/dags/marketing_campaign_dag.py                           1           0  0.16s           2026-07-10T18:52:27
================================================================================
[2026-07-10T18:53:00.683+0000] {manager.py:879} INFO - 
================================================================================
DAG File Processing Stats

File Path                                    PID    Runtime      # DAGs    # Errors  Last Runtime    Last Run
-------------------------------------------  -----  ---------  --------  ----------  --------------  -------------------
/opt/airflow/dags/marketing_campaign_dag.py                           1           0  0.13s           2026-07-10T18:52:57
================================================================================
[2026-07-10T18:53:30.974+0000] {manager.py:879} INFO - 
================================================================================
DAG File Processing Stats

File Path                                    PID    Runtime      # DAGs    # Errors  Last Runtime    Last Run
-------------------------------------------  -----  ---------  --------  ----------  --------------  -------------------
/opt/airflow/dags/marketing_campaign_dag.py                           1           0  0.14s           2026-07-10T18:53:28
================================================================================
[2026-07-10T18:54:01.196+0000] {manager.py:879} INFO - 
================================================================================
DAG File Processing Stats

File Path                                    PID    Runtime      # DAGs    # Errors  Last Runtime    Last Run
-------------------------------------------  -----  ---------  --------  ----------  --------------  -------------------
/opt/airflow/dags/marketing_campaign_dag.py                           1           0  0.14s           2026-07-10T18:53:58
================================================================================
[2026-07-10T18:54:31.649+0000] {manager.py:879} INFO - 
================================================================================
DAG File Processing Stats

File Path                                    PID    Runtime      # DAGs    # Errors  Last Runtime    Last Run
-------------------------------------------  -----  ---------  --------  ----------  --------------  -------------------
/opt/airflow/dags/marketing_campaign_dag.py                           1           0  0.15s           2026-07-10T18:54:28
================================================================================
[2026-07-10T18:55:01.872+0000] {manager.py:879} INFO - 
================================================================================
DAG File Processing Stats

File Path                                    PID    Runtime      # DAGs    # Errors  Last Runtime    Last Run
-------------------------------------------  -----  ---------  --------  ----------  --------------  -------------------
/opt/airflow/dags/marketing_campaign_dag.py                           1           0  0.18s           2026-07-10T18:54:59
================================================================================
[2026-07-10T18:55:32.253+0000] {manager.py:879} INFO - 
================================================================================
DAG File Processing Stats

File Path                                    PID    Runtime      # DAGs    # Errors  Last Runtime    Last Run
-------------------------------------------  -----  ---------  --------  ----------  --------------  -------------------
/opt/airflow/dags/marketing_campaign_dag.py                           1           0  0.15s           2026-07-10T18:55:29
================================================================================
[2026-07-10T18:56:02.472+0000] {manager.py:879} INFO - 
================================================================================
DAG File Processing Stats

File Path                                    PID    Runtime      # DAGs    # Errors  Last Runtime    Last Run
-------------------------------------------  -----  ---------  --------  ----------  --------------  -------------------
/opt/airflow/dags/marketing_campaign_dag.py                           1           0  0.15s           2026-07-10T18:55:59
================================================================================
[2026-07-10T18:56:33.180+0000] {manager.py:879} INFO - 
================================================================================
DAG File Processing Stats

File Path                                    PID    Runtime      # DAGs    # Errors  Last Runtime    Last Run
-------------------------------------------  -----  ---------  --------  ----------  --------------  -------------------
/opt/airflow/dags/marketing_campaign_dag.py                           1           0  0.16s           2026-07-10T18:56:30
================================================================================
[2026-07-10T18:56:42.540+0000] {manager.py:451} INFO - Exiting gracefully upon receiving signal 15
[2026-07-16T18:34:10.121+0000] {manager.py:469} INFO - Processing files using up to 2 processes at a time 
[2026-07-16T18:34:10.122+0000] {manager.py:470} INFO - Process each file at most once every 30 seconds
[2026-07-16T18:34:10.123+0000] {manager.py:471} INFO - Checking for new files in /opt/airflow/dags every 300 seconds
[2026-07-16T18:34:10.123+0000] {manager.py:738} INFO - Searching for files in /opt/airflow/dags
[2026-07-16T18:34:10.125+0000] {manager.py:741} INFO - There are 1 files in /opt/airflow/dags
[2026-07-16T18:34:10.207+0000] {manager.py:879} INFO - 
================================================================================
DAG File Processing Stats

File Path                                      PID  Runtime      # DAGs    # Errors  Last Runtime    Last Run
-------------------------------------------  -----  ---------  --------  ----------  --------------  ----------
/opt/airflow/dags/marketing_campaign_dag.py    169  0.04s             0           0
================================================================================
[2026-07-16T18:34:40.323+0000] {manager.py:879} INFO - 
================================================================================
DAG File Processing Stats

File Path                                    PID    Runtime      # DAGs    # Errors  Last Runtime    Last Run
-------------------------------------------  -----  ---------  --------  ----------  --------------  -------------------
/opt/airflow/dags/marketing_campaign_dag.py                           1           0  0.46s           2026-07-16T18:34:10
================================================================================
[2026-07-16T18:35:10.888+0000] {manager.py:879} INFO - 
================================================================================
DAG File Processing Stats

File Path                                    PID    Runtime      # DAGs    # Errors  Last Runtime    Last Run
-------------------------------------------  -----  ---------  --------  ----------  --------------  -------------------
/opt/airflow/dags/marketing_campaign_dag.py                           1           0  0.17s           2026-07-16T18:34:40
================================================================================
[2026-07-16T18:35:41.192+0000] {manager.py:879} INFO - 
================================================================================
DAG File Processing Stats

File Path                                    PID    Runtime      # DAGs    # Errors  Last Runtime    Last Run
-------------------------------------------  -----  ---------  --------  ----------  --------------  -------------------
/opt/airflow/dags/marketing_campaign_dag.py                           1           0  0.14s           2026-07-16T18:35:11
================================================================================
[2026-07-16T18:36:12.403+0000] {manager.py:879} INFO - 
================================================================================
DAG File Processing Stats

File Path                                      PID  Runtime      # DAGs    # Errors  Last Runtime    Last Run
-------------------------------------------  -----  ---------  --------  ----------  --------------  -------------------
/opt/airflow/dags/marketing_campaign_dag.py    299  0.01s             1           0  1.03s           2026-07-16T18:35:42
================================================================================
[2026-07-16T18:36:42.539+0000] {manager.py:879} INFO - 
================================================================================
DAG File Processing Stats

File Path                                    PID    Runtime      # DAGs    # Errors  Last Runtime    Last Run
-------------------------------------------  -----  ---------  --------  ----------  --------------  -------------------
/opt/airflow/dags/marketing_campaign_dag.py                           1           0  0.36s           2026-07-16T18:36:12
================================================================================
[2026-07-16T18:37:13.289+0000] {manager.py:879} INFO - 
================================================================================
DAG File Processing Stats

File Path                                      PID  Runtime      # DAGs    # Errors  Last Runtime    Last Run
-------------------------------------------  -----  ---------  --------  ----------  --------------  -------------------
/opt/airflow/dags/marketing_campaign_dag.py    361  0.01s             1           0  0.38s           2026-07-16T18:36:43
================================================================================
[2026-07-16T18:37:43.525+0000] {manager.py:879} INFO - 
================================================================================
DAG File Processing Stats

File Path                                      PID  Runtime      # DAGs    # Errors  Last Runtime    Last Run
-------------------------------------------  -----  ---------  --------  ----------  --------------  -------------------
/opt/airflow/dags/marketing_campaign_dag.py    368  0.01s             1           0  0.18s           2026-07-16T18:37:13
================================================================================
[2026-07-16T18:38:13.705+0000] {manager.py:879} INFO - 
================================================================================
DAG File Processing Stats

File Path                                    PID    Runtime      # DAGs    # Errors  Last Runtime    Last Run
-------------------------------------------  -----  ---------  --------  ----------  --------------  -------------------
/opt/airflow/dags/marketing_campaign_dag.py                           1           0  0.22s           2026-07-16T18:37:43
================================================================================
[2026-07-16T18:38:44.308+0000] {manager.py:879} INFO - 
================================================================================
DAG File Processing Stats

File Path                                      PID  Runtime      # DAGs    # Errors  Last Runtime    Last Run
-------------------------------------------  -----  ---------  --------  ----------  --------------  -------------------
/opt/airflow/dags/marketing_campaign_dag.py    433  0.02s             1           0  0.27s           2026-07-16T18:38:14
================================================================================
[2026-07-16T18:39:10.631+0000] {manager.py:738} INFO - Searching for files in /opt/airflow/dags
[2026-07-16T18:39:10.680+0000] {manager.py:741} INFO - There are 1 files in /opt/airflow/dags
[2026-07-16T18:39:15.392+0000] {manager.py:879} INFO - 
================================================================================
DAG File Processing Stats

File Path                                    PID    Runtime      # DAGs    # Errors  Last Runtime    Last Run
-------------------------------------------  -----  ---------  --------  ----------  --------------  -------------------
/opt/airflow/dags/marketing_campaign_dag.py                           1           0  1.34s           2026-07-16T18:38:45
================================================================================
[2026-07-16T18:39:58.656+0000] {manager.py:879} INFO - 
================================================================================
DAG File Processing Stats

File Path                                      PID  Runtime      # DAGs    # Errors  Last Runtime    Last Run
-------------------------------------------  -----  ---------  --------  ----------  --------------  -------------------
/opt/airflow/dags/marketing_campaign_dag.py    452  41.72s            1           0  1.34s           2026-07-16T18:38:45
================================================================================
[2026-07-16T18:40:22.972+0000] {manager.py:1201} ERROR - Processor for /opt/airflow/dags/marketing_campaign_dag.py with PID 452 started at 2026-07-16T18:39:16.782502+00:00 has timed out, killing it.
[2026-07-16T18:40:32.097+0000] {manager.py:879} INFO - 
================================================================================
DAG File Processing Stats

File Path                                    PID    Runtime      # DAGs    # Errors  Last Runtime    Last Run
-------------------------------------------  -----  ---------  --------  ----------  --------------  -------------------
/opt/airflow/dags/marketing_campaign_dag.py                           0           1  64.10s          2026-07-16T18:40:20
================================================================================
[2026-07-16T18:41:02.743+0000] {manager.py:879} INFO - 
================================================================================
DAG File Processing Stats

File Path                                    PID    Runtime      # DAGs    # Errors  Last Runtime    Last Run
-------------------------------------------  -----  ---------  --------  ----------  --------------  -------------------
/opt/airflow/dags/marketing_campaign_dag.py                           1           0  0.40s           2026-07-16T18:40:52
================================================================================
[2026-07-16T18:41:33.179+0000] {manager.py:879} INFO - 
================================================================================
DAG File Processing Stats

File Path                                    PID    Runtime      # DAGs    # Errors  Last Runtime    Last Run
-------------------------------------------  -----  ---------  --------  ----------  --------------  -------------------
/opt/airflow/dags/marketing_campaign_dag.py                           1           0  0.34s           2026-07-16T18:41:22
================================================================================
[2026-07-16T18:41:51.711+0000] {manager.py:451} INFO - Exiting gracefully upon receiving signal 15
